time_ini,time_end,duration_seg,duration_percent,OMCCL_SColTempo_0001_delta_tempo,ref_2019_05_29,OMCCL_SColTempo_0004_delta_tempo,RPFGR_SColTempo_0001_delta_tempo,ref_Periodo,RPFDIxRPMPX_ativado,RPMRD_SColTempo_0001_delta_tempo,OMMNO_nOK_0001,localidade_id_MSOMBLV_2294,OMCCLxRPATJ_ativado,chamados_MSRPJRD,RPPPR_SColTempo_0004_delta_tempo,RPAMB_nOK_0001,chamados_MSRPATJ,RPMPX_nOK_0002,chamados_MSRPMMA,RPMRDxRPFGR_ativado,ref_2019_06,localidade_id_MSOMNOQ_2294,RPMPXxRPSPE_ativado,chamados_MSOMJRD,OMJRD_SColTempo_0001_delta_tempo,OMIGT_nOK_0002,RPJRD_nOK_0002,RPAMBxRPTCU_ativado,OMBLV_SColTempo_0001_delta_tempo,chamados_MSOMNOQ,chamados_MSRPPPR,RPNASxRPRBR_ativado,localidade_id_MSRPPPR_2294,RPPPR_nOK_0004,chamados_MSOMAMB,OMAQD_SColTempo_0002_delta_tempo,OMBLV_SColTempo_0002_delta_tempo,localidade_id_MSOMCCL_2294,OMJRDxRPJRD_ativado,ref_2019_04,ref_2019_05,OMCGRxRPCGR_ativado,RPPPRxOMCCL_ativado,RPATJ_SColTempo_0002_delta_tempo,OMJRD_SColTempo_0002_delta_tempo,localidade_id_MSRPNOQ_2294,RPDOUxOMDOU_ativado,RPMMAxOMCARC_ativado,RPMPXxRPMRD_ativado,RPTRNxRPFDI_ativado,ref_2019_05_18,ref_2019_05_19,Chamados_Desconto,ref_2019_05_12,ref_2019_05_13,ref_2019_05_10,ref_2019_05_11,ref_2019_05_16,ref_2019_05_17,ref_2019_05_14,ref_2019_05_15,localidade_id_MSRPMRD_2294,RPNVLxRPBND_ativado,chamados_MSOMBLV,chamados_MSOMCCL,localidade_id_MSOMAMB_2294,RPTCUxOMIGT_ativado,RPPPRxOMPPR_ativado,OMMNOxOMGUA_ativado,RPNAS1xRPNAS_ativado,localidade_id_MSOMJRD_2294,ref_2019_05_09,ref_2019_05_08,RPRBRxRPDOU_ativado,OMCGRxOMRCB_ativado,ref_2019_05_01,ref_2019_05_03,ref_2019_05_02,ref_2019_05_05,ref_2019_05_04,ref_2019_05_07,ref_2019_05_06,RPCGRxRPNAS1_ativado,RPNOQxOMNOQ_ativado,ref_2019_04_30,OMDOU_SColTempo_0002_delta_tempo,RPMRD_SColTempo_0003_delta_tempo,chamados_MSRPNOQ,RPMMA_nOK_0001,OMAMB_SColTempo_0001_delta_tempo,localidade_id_MSRPMMA_2294,OMBLV_nOK_0002,ref_2019_05_30,OMDOU_SColTempo_0001_delta_tempo,localidade_id_MSRPJRD_2294,RPPPRxRPAMO1_ativado,RPAMO_nOK_0002,RPFDI_nOK_0001,RPMPX_SColTempo_0003_delta_tempo,ref_2019_05_23,ref_2019_05_22,ref_2019_05_21,ref_2019_05_20,ref_2019_05_27,ref_2019_05_26,ref_2019_05_25,ref_2019_05_24,RPATJ_SColTempo_0001_delta_tempo,OMDOUxRPPPR_ativado,ref_2019_05_28,RPAMBxOMAMB_ativado,OMPPR_SColTempo_0002_delta_tempo,OMIGTxOMMNO_ativado,OMCGRxRPNVL_ativado,RPMRD_SColTempo_0002_delta_tempo,RPMMAxOMBLV_ativado,RPNVLxRPTRN_ativado,RPAMOxRPAMB_ativado,RPMRDxOMAQD_ativado,chamados_MSRPMRD,localidade_id_MSRPATJ_2294,ref_2019_06_01,RPSPE_SColTempo_0002_delta_tempo,RPJRDxRPMMA_ativado,RPNOQxOMJRD_ativado,ref_2019_05_31,RPNOQ_nOK_0003,RPAMO1xRPAMO_ativado,RPATJxOMBLV_ativado,RPATJ_nOK_0001,RPSPExRPNOQ_ativado,OMNOQ_SColTempo_0003_delta_tempo
"2019-04-30 00:00:00","2019-04-30 19:17:04",69424.0,0.0243490545556, , , , ,1,1, , , ,1, , , , , , ,1, , ,1, , , , ,1, , , ,1, , , , , , ,1,1, ,1,1, , , ,1,1,1,1, , , , , , , , , , , , ,1, , , ,1,1,1,1, , , ,1,1, , , , , , , ,1,1,1, , , , , , , , , , ,1, , , , , , , , , , , , ,1, ,1, ,1,1, ,1,1,1,1, , , , ,1,1, , ,1,1, ,1, 
"2019-04-30 19:17:04","2019-04-30 19:17:05",1.0,3.50729640407E-07, , , , ,1,1, , , ,1, ,180, , , , ,1, , ,1, , , , ,1, , , ,1, , , , , , ,1,1, ,1,1, , , ,1,1,1,1, , , , , , , , , , , , ,1, , , ,1,1,1,1, , , ,1,1, , , , , , , ,1,1,1, , , , , , , , , , ,1, , , , , , , , , , , , ,1, ,1, ,1,1, ,1,1,1,1, , , , ,1,1, , ,1,1, ,1, 
"2019-04-30 19:17:05","2019-04-30 19:20:04",179.0,6.27806056329E-05, , , , ,1,1, , , ,1, ,180, , , , ,1, , ,1, , , , ,1, , , ,1, , , , , , ,1,1, ,1,1, , , ,1,1,1,1, , , , , , , , , , , , ,1, , , ,1,1,1,1, , , ,1,1, , , , , , , ,1,1,1, , , , , , , , , , ,1, , , , , , , , , , , , ,1, ,1,180,1,1, ,1,1,1,1, , , , ,1,1, , ,1,1, ,1, 
"2019-04-30 19:20:04","2019-04-30 19:20:05",1.0,3.50729640407E-07, , , , ,1,1, , , ,1, , , , , , ,1, , ,1, , , , ,1, , , ,1, , , , , , ,1,1, ,1,1, , , ,1,1,1,1, , , , , , , , , , , , ,1, , , ,1,1,1,1, , , ,1,1, , , , , , , ,1,1,1, , , , , , , , , , ,1, , , , , , , , , , , , ,1, ,1,180,1,1, ,1,1,1,1, , , , ,1,1, , ,1,1, ,1, 
"2019-04-30 19:20:05","2019-04-30 23:59:59",16794.0,0.005890153581, , , , ,1,1, , , ,1, , , , , , ,1, , ,1, , , , ,1, , , ,1, , , , , , ,1,1, ,1,1, , , ,1,1,1,1, , , , , , , , , , , , ,1, , , ,1,1,1,1, , , ,1,1, , , , , , , ,1,1,1, , , , , , , , , , ,1, , , , , , , , , , , , ,1, ,1, ,1,1, ,1,1,1,1, , , , ,1,1, , ,1,1, ,1, 
"2019-04-30 23:59:59","2019-05-01 00:00:00",1.0,3.50729640407E-07, , , , ,1,1, , , ,1, , , , , , ,1, , ,1, , , , ,1, , , ,1, , , , , , ,1, , ,1,1, , , ,1,1,1,1, , , , , , , , , , , , ,1, , , ,1,1,1,1, , , ,1,1, , , , , , , ,1,1, , , , , , , , , , , ,1, , , , , , , , , , , , ,1, ,1, ,1,1, ,1,1,1,1, , , , ,1,1, , ,1,1, ,1, 
"2019-05-01 00:00:00","2019-05-01 23:59:59",86399.0,0.0303026902016, , , , ,1,1, , , ,1, , , ,1, , ,1, , ,1, , , , ,1, , ,1,1,1, , , , ,1,1, ,1,1,1, , , ,1,1,1,1, , ,1, , , , , , , , , ,1, ,1, ,1,1,1,1, , , ,1,1,1, , , , , , ,1,1, , , , , , , , , , , ,1, , , , , , , , , , , , ,1, ,1, ,1,1, ,1,1,1,1, ,1, , ,1,1, , ,1,1, ,1, 
"2019-05-01 23:59:59","2019-05-02 00:00:00",1.0,3.50729640407E-07, , , , ,1,1, , , ,1, , , ,1, , ,1, , ,1, , , , ,1, , ,1,1,1, , , , ,1,1, ,1,1,1, , , ,1,1,1,1, , ,1, , , , , , , , , ,1, ,1, ,1,1,1,1, , , ,1,1, , , , , , , ,1,1, , , , , , , , , , , ,1, , , , , , , , , , , , ,1, ,1, ,1,1, ,1,1,1,1, ,1, , ,1,1, , ,1,1, ,1, 
"2019-05-02 00:00:00","2019-05-02 23:59:59",86399.0,0.0303026902016, , , , ,1,1, , , ,1, , , ,1, , ,1, , ,1, , , , ,1, , ,1,1,1, , , , ,1,1, ,1,1,1, , , ,1,1,1,1, , ,1, , , , , , , , , ,1, ,1, ,1,1,1,1, , , ,1,1, , ,1, , , , ,1,1, , , , , , , , , , , ,1, , , , , , , , , , , , ,1, ,1, ,1,1, ,1,1,1,1, ,1, , ,1,1, , ,1,1, ,1, 
"2019-05-02 23:59:59","2019-05-03 00:00:00",1.0,3.50729640407E-07, , , , ,1,1, , , ,1, , , ,1, , ,1, , ,1, , , , ,1, , ,1,1,1, , , , ,1,1, ,1,1,1, , , ,1,1,1,1, , ,1, , , , , , , , , ,1, ,1, ,1,1,1,1, , , ,1,1, , , , , , , ,1,1, , , , , , , , , , , ,1, , , , , , , , , , , , ,1, ,1, ,1,1, ,1,1,1,1, ,1, , ,1,1, , ,1,1, ,1, 
"2019-05-03 00:00:00","2019-05-03 11:00:59",39659.0,0.0139095868089, , , , ,1,1, , , ,1, , , ,1, , ,1, , ,1, , , , ,1, , ,1,1,1, , , , ,1,1, ,1,1,1, , , ,1,1,1,1, , ,1, , , , , , , , , ,1, ,1, ,1,1,1,1, , , ,1,1, ,1, , , , , ,1,1, , , , , , , , , , , ,1, , , , , , , , , , , , ,1, ,1, ,1,1, ,1,1,1,1, ,1, , ,1,1, , ,1,1, ,1, 
"2019-05-03 11:00:59","2019-05-03 11:01:56",57.0,1.99915895032E-05, , , , ,1,1, , , ,1, , , ,1, , ,1, , ,1, , , , ,1, , ,1,1,1, , , , ,1,1, ,1,1,1, , , ,1,1,1,1, , ,1, , , , , , , , , ,1, ,1, ,1,1,1,1, , , ,1,1, ,1, , , , , ,1,1, , , , , , , , , , , ,1, , , , , , , , , , , , ,1, ,1, ,1,1, ,1,1,1,1, ,1, , ,1,1, , ,1,1, ,1,239
"2019-05-03 11:01:56","2019-05-03 11:02:56",60.0,2.10437784244E-05, , , , ,1,1, , , ,1, , , ,1, , ,1, , ,1, , , , ,1, , ,1,1,1, , , , ,1,1, ,1,1,1, , , ,1,1,1,1, , ,1, , , , , , , , , ,1, ,1, ,1,1,1,1, , , ,1,1, ,1, , , , , ,1,1, , , , , , , , , , , ,1, , , , , , , , , , , , ,1, ,1, ,1,1, ,1,1,1,1, ,1, , ,1,1, ,1,1,1, ,1,239
"2019-05-03 11:02:56","2019-05-03 11:04:58",122.0,4.27890161297E-05, , , , ,1,1, , , ,1, , , ,1, , ,1, , ,1, , , , ,1, , ,1,1,1, , , , ,1,1, ,1,1,1, , , ,1,1,1,1, , ,1, , , , , , , , , ,1, ,1, ,1,1,1,1, , , ,1,1, ,1, , , , , ,1,1, , , , , , , , , , , ,1, , , , , , , , , , , , ,1, ,1, ,1,1, ,1,1,1,1, ,1, , ,1,1, , ,1,1, ,1,239
"2019-05-03 11:04:58","2019-05-03 11:11:33",395.0,0.000138538207961, , , , ,1,1, , , ,1, , , ,1, , ,1, , ,1, , , , ,1, , ,1,1,1, , , , ,1,1, ,1,1,1, , , ,1,1,1,1, , ,1, , , , , , , , , ,1, ,1, ,1,1,1,1, , , ,1,1, ,1, , , , , ,1,1, , , , , , , , , , , ,1, , , , , , , , , , , , ,1, ,1, ,1,1, ,1,1,1,1, ,1, , ,1,1, , ,1,1, ,1, 
"2019-05-03 11:11:33","2019-05-03 11:11:49",16.0,5.61167424652E-06, , , , ,1,1, , ,1,1, , , ,1, , ,1, , ,1, , , , ,1,445, ,1,1,1, , , ,444,1,1, ,1,1,1, , , ,1,1,1,1, , ,1, , , , , , , , , ,1,1,1, ,1,1,1,1, , , ,1,1, ,1, , , , , ,1,1, , , , , , , , , , , ,1, , , , , , , , , , , , ,1, ,1, ,1,1, ,1,1,1,1, ,1, , ,1,1, , ,1,1, ,1, 
"2019-05-03 11:11:49","2019-05-03 11:11:55",6.0,2.10437784244E-06, , , , ,1,1, , ,1,1, , , ,1, , ,1, , ,1, ,480, , ,1,445, ,1,1,1, , , ,444,1,1, ,1,1,1, ,480, ,1,1,1,1, , ,1, , , , , , , , , ,1,1,1, ,1,1,1,1, , , ,1,1, ,1, , , , , ,1,1, , , , , , , , , , , ,1, , , , , , , , , , , , ,1, ,1, ,1,1, ,1,1,1,1, ,1, , ,1,1, , ,1,1, ,1, 
"2019-05-03 11:11:55","2019-05-03 11:11:59",4.0,1.40291856163E-06, , , , ,1,1, , ,1,1, , , ,1, , ,1, , ,1, ,480, , ,1,445, ,1,1,1, , , ,444,1,1, ,1,1,1, ,480, ,1,1,1,1, , ,1, , , , , , , , , ,1,1,1, ,1,1,1,1, , , ,1,1, ,1, , , , , ,1,1, , , , , , , , , , , ,1, , , , , , , , , , , , ,1, ,1, ,1,1, ,1,1,1,1, ,1, ,360,1,1, , ,1,1, ,1, 
"2019-05-03 11:11:59","2019-05-03 11:12:05",6.0,2.10437784244E-06, , , , ,1,1, , ,1,1, , , ,1, , ,1, , ,1, ,480, , ,1,445, ,1,1,1, , , ,444,1,1, ,1,1,1, ,480, ,1,1,1,1, , ,1, , , , , , , , , ,1,1,1, ,1,1,1,1, , , ,1,1, ,1, , , , , ,1,1, , , , , , , , , , , ,1, , , , , , , , , , , , ,1, ,1, ,1,1, ,1,1,1,1, ,1, ,360,1,1, , ,1,1, ,1,359
"2019-05-03 11:12:05","2019-05-03 11:13:10",65.0,2.27974266265E-05, , ,420, ,1,1, , ,1,1, , , ,1, , ,1, , ,1, ,480, , ,1,445, ,1,1,1, , , ,444,1,1, ,1,1,1, ,480, ,1,1,1,1, , ,1, , , , , , , , , ,1,1,1, ,1,1,1,1, , , ,1,1, ,1, , , , , ,1,1, , , , , , , , , , , ,1, , , , , , , , , , , , ,1, ,1, ,1,1, ,1,1,1,1, ,1, ,360,1,1, , ,1,1, ,1,359
"2019-05-03 11:13:10","2019-05-03 11:14:50",100.0,3.50729640407E-05, , ,420, ,1,1, , ,1,1,1, , ,1,1, ,1, ,1,1,1,480, , ,1,445,1,1,1,1, , , ,444,1,1, ,1,1,1, ,480,1,1,1,1,1, , ,1, , , , , , , , ,1,1,1,1, ,1,1,1,1,1, , ,1,1, ,1, , , , , ,1,1, , , ,1, , , , , , ,1,1, , , , , , , , , , , , ,1, ,1, ,1,1, ,1,1,1,1,1,1, ,360,1,1, , ,1,1, ,1,359
"2019-05-03 11:14:50","2019-05-03 11:15:50",60.0,2.10437784244E-05, , ,420, ,1,1, , ,1,1, , , ,1, , ,1, , ,1, ,480, , ,1,445, ,1,1,1, , , ,444,1,1, ,1,1,1, ,480, ,1,1,1,1, , ,1, , , , , , , , , ,1,1,1, ,1,1,1,1, , , ,1,1, ,1, , , , , ,1,1, , , , , , , , , , , ,1, , , , , , , , , , , , ,1, ,1, ,1,1, ,1,1,1,1, ,1, ,360,1,1, , ,1,1, ,1,359
"2019-05-03 11:15:50","2019-05-03 11:17:51",121.0,4.24382864893E-05, , ,420, ,1,1, , ,1,1, , , ,1,1, ,1, , ,1, ,480, , ,1,445, ,1,1,1, , , ,444,1,1, ,1,1,1, ,480, ,1,1,1,1, , ,1, , , , , , , , , ,1,1,1, ,1,1,1,1, , , ,1,1, ,1, , , , , ,1,1, , , , , , , , , , , ,1, , , , , , , , , , , , ,1, ,1, ,1,1, ,1,1,1,1, ,1, ,360,1,1, , ,1,1, ,1,359
"2019-05-03 11:17:51","2019-05-03 11:17:55",4.0,1.40291856163E-06, , ,420, ,1,1, , ,1,1, , , ,1, , ,1, , ,1, ,480, , ,1,445, ,1,1,1, , , ,444,1,1, ,1,1,1, ,480, ,1,1,1,1, , ,1, , , , , , , , , ,1,1,1, ,1,1,1,1, , , ,1,1, ,1, , , , , ,1,1, , , , , , , , , , , ,1, , , , , , , , , , , , ,1, ,1, ,1,1, ,1,1,1,1, ,1, ,360,1,1, , ,1,1, ,1,359
"2019-05-03 11:17:55","2019-05-03 11:17:58",3.0,1.05218892122E-06, , ,420, ,1,1, , ,1,1, , , ,1, , ,1, , ,1, ,480, , ,1,445, ,1,1,1, , , ,444,1,1, ,1,1,1, ,480, ,1,1,1,1, , ,1, , , , , , , , , ,1,1,1, ,1,1,1,1, , , ,1,1, ,1, , , , , ,1,1, , , , , , , , , , , ,1, , , , , , , , , , , , ,1, ,1, ,1,1, ,1,1,1,1, ,1, , ,1,1, , ,1,1, ,1,359
"2019-05-03 11:17:58","2019-05-03 11:18:57",59.0,2.0693048784E-05, , ,420, ,1,1, , ,1,1, , , ,1, , ,1, , ,1, ,480, , ,1,445, ,1,1,1, , , ,444,1,1, ,1,1,1, ,480, ,1,1,1,1, , ,1, , , , , , , , , ,1,1,1, ,1,1,1,1, , , ,1,1, ,1, , , , , ,1,1, , , , , , , , , , , ,1, , , , , , , , , , , , ,1, ,1, ,1,1, ,1,1,1,1, ,1, , ,1,1, , ,1,1, ,1, 
"2019-05-03 11:18:57","2019-05-03 11:18:58",1.0,3.50729640407E-07, , ,420, ,1,1, , ,1,1, , , ,1, , ,1, , ,1, ,480, , ,1,445, ,1,1,1, , , , ,1,1, ,1,1,1, ,480, ,1,1,1,1, , ,1, , , , , , , , , ,1,1,1, ,1,1,1,1, , , ,1,1, ,1, , , , , ,1,1, , , , , , , , , , , ,1, , , , , , , , , , , , ,1, ,1, ,1,1, ,1,1,1,1, ,1, , ,1,1, , ,1,1, ,1, 
"2019-05-03 11:18:58","2019-05-03 11:19:05",7.0,2.45510748285E-06, , ,420, ,1,1, , , ,1, , , ,1, , ,1, , ,1, ,480, , ,1, , ,1,1,1, , , , ,1,1, ,1,1,1, ,480, ,1,1,1,1, , ,1, , , , , , , , , ,1, ,1, ,1,1,1,1, , , ,1,1, ,1, , , , , ,1,1, , , , , , , , , , , ,1, , , , , , , , , , , , ,1, ,1, ,1,1, ,1,1,1,1, ,1, , ,1,1, , ,1,1, ,1, 
"2019-05-03 11:19:05","2019-05-03 11:19:49",44.0,1.54321041779E-05, , , , ,1,1, , , ,1, , , ,1, , ,1, , ,1, ,480, , ,1, , ,1,1,1, , , , ,1,1, ,1,1,1, ,480, ,1,1,1,1, , ,1, , , , , , , , , ,1, ,1, ,1,1,1,1, , , ,1,1, ,1, , , , , ,1,1, , , , , , , , , , , ,1, , , , , , , , , , , , ,1, ,1, ,1,1, ,1,1,1,1, ,1, , ,1,1, , ,1,1, ,1, 
"2019-05-03 11:19:49","2019-05-03 23:59:59",45610.0,0.015996778899, , , , ,1,1, , , ,1, , , ,1, , ,1, , ,1, , , , ,1, , ,1,1,1, , , , ,1,1, ,1,1,1, , , ,1,1,1,1, , ,1, , , , , , , , , ,1, ,1, ,1,1,1,1, , , ,1,1, ,1, , , , , ,1,1, , , , , , , , , , , ,1, , , , , , , , , , , , ,1, ,1, ,1,1, ,1,1,1,1, ,1, , ,1,1, , ,1,1, ,1, 
"2019-05-03 23:59:59","2019-05-04 00:00:00",1.0,3.50729640407E-07, , , , ,1,1, , , ,1, , , ,1, , ,1, , ,1, , , , ,1, , ,1,1,1, , , , ,1,1, ,1,1,1, , , ,1,1,1,1, , ,1, , , , , , , , , ,1, ,1, ,1,1,1,1, , , ,1,1, , , , , , , ,1,1, , , , , , , , , , , ,1, , , , , , , , , , , , ,1, ,1, ,1,1, ,1,1,1,1, ,1, , ,1,1, , ,1,1, ,1, 
"2019-05-04 00:00:00","2019-05-04 23:59:59",86399.0,0.0303026902016, , , , ,1,1, , , ,1, , , ,1, , ,1, , ,1, , , , ,1, , ,1,1,1, , , , ,1,1, ,1,1,1, , , ,1,1,1,1, , ,1, , , , , , , , , ,1, ,1, ,1,1,1,1, , , ,1,1, , , , ,1, , ,1,1, , , , , , , , , , , ,1, , , , , , , , , , , , ,1, ,1, ,1,1, ,1,1,1,1, ,1, , ,1,1, , ,1,1, ,1, 
"2019-05-04 23:59:59","2019-05-05 00:00:00",1.0,3.50729640407E-07, , , , ,1,1, , , ,1, , , ,1, , ,1, , ,1, , , , ,1, , ,1,1,1, , , , ,1,1, ,1,1,1, , , ,1,1,1,1, , ,1, , , , , , , , , ,1, ,1, ,1,1,1,1, , , ,1,1, , , , , , , ,1,1, , , , , , , , , , , ,1, , , , , , , , , , , , ,1, ,1, ,1,1, ,1,1,1,1, ,1, , ,1,1, , ,1,1, ,1, 
"2019-05-05 00:00:00","2019-05-05 23:59:59",86399.0,0.0303026902016, , , , ,1,1, , , ,1, , , ,1, , ,1, , ,1, , , , ,1, , ,1,1,1, , , , ,1,1, ,1,1,1, , , ,1,1,1,1, , ,1, , , , , , , , , ,1, ,1, ,1,1,1,1, , , ,1,1, , , ,1, , , ,1,1, , , , , , , , , , , ,1, , , , , , , , , , , , ,1, ,1, ,1,1, ,1,1,1,1, ,1, , ,1,1, , ,1,1, ,1, 
"2019-05-05 23:59:59","2019-05-06 00:00:00",1.0,3.50729640407E-07, , , , ,1,1, , , ,1, , , ,1, , ,1, , ,1, , , , ,1, , ,1,1,1, , , , ,1,1, ,1,1,1, , , ,1,1,1,1, , ,1, , , , , , , , , ,1, ,1, ,1,1,1,1, , , ,1,1, , , , , , , ,1,1, , , , , , , , , , , ,1, , , , , , , , , , , , ,1, ,1, ,1,1, ,1,1,1,1, ,1, , ,1,1, , ,1,1, ,1, 
"2019-05-06 00:00:00","2019-05-06 12:24:44",44684.0,0.015672003252, , , , ,1,1, , , ,1, , , ,1, , ,1, , ,1, , , , ,1, , ,1,1,1, , , , ,1,1, ,1,1,1, , , ,1,1,1,1, , ,1, , , , , , , , , ,1, ,1, ,1,1,1,1, , , ,1,1, , , , , , ,1,1,1, , , , , , , , , , , ,1, , , , , , , , , , , , ,1, ,1, ,1,1, ,1,1,1,1, ,1, , ,1,1, , ,1,1, ,1, 
"2019-05-06 12:24:44","2019-05-06 12:25:45",61.0,2.13945080649E-05, , , , ,1,1, ,1, ,1, , , ,1, , ,1, , ,1, , , , ,1, , ,1,1,1, , , , ,1,1, ,1,1,1, , , ,1,1,1,1, , ,1, , , , , , , , , ,1, ,1, ,1,1,1,1, , , ,1,1, , , , , , ,1,1,1, , , , , , , , , , , ,1, , , , , , , , , , , , ,1, ,1, ,1,1, ,1,1,1,1, ,1, , ,1,1, , ,1,1, ,1, 
"2019-05-06 12:25:45","2019-05-06 12:42:45",1020.0,0.000357744233216, , , , ,1,1, , , ,1, , , ,1, , ,1, , ,1, , , , ,1, , ,1,1,1, , , , ,1,1, ,1,1,1, , , ,1,1,1,1, , ,1, , , , , , , , , ,1, ,1, ,1,1,1,1, , , ,1,1, , , , , , ,1,1,1, , , , , , , , , , , ,1, , , , , , , , , , , , ,1, ,1, ,1,1, ,1,1,1,1, ,1, , ,1,1, , ,1,1, ,1, 
"2019-05-06 12:42:45","2019-05-06 12:43:05",20.0,7.01459280815E-06, , , , ,1,1, , , ,1, , , ,1, , ,1, , ,1, , , , ,1, , ,1,1,1, , , , ,1,1, ,1,1,1,352, , ,1,1,1,1, , ,1, , , , , , , , , ,1, ,1, ,1,1,1,1, , , ,1,1, , , , , , ,1,1,1, , , , , , , , , , , ,1, , , , , , , , , , , ,352,1, ,1, ,1,1, ,1,1,1,1, ,1, , ,1,1, , ,1,1, ,1, 
"2019-05-06 12:43:05","2019-05-06 12:45:33",148.0,5.19079867803E-05,204, ,270, ,1,1, , , ,1, , , ,1, , ,1, , ,1, , , , ,1, , ,1,1,1, , , , ,1,1, ,1,1,1,352, , ,1,1,1,1, , ,1, , , , , , , , , ,1, ,1, ,1,1,1,1, , , ,1,1, , , , , , ,1,1,1, , , , , , , , , , , ,1, , , , , , , , , , , ,352,1, ,1, ,1,1, ,1,1,1,1, ,1, , ,1,1, , ,1,1, ,1, 
"2019-05-06 12:45:33","2019-05-06 12:46:29",56.0,1.96408598628E-05,204, ,270, ,1,1, , , ,1, , , ,1, , ,1, , ,1, , , , ,1, , ,1,1,1, , , , ,1,1, ,1,1,1,352, , ,1,1,1,1, , ,1, , , , , , , , , ,1, ,1, ,1,1,1,1, , , ,1,1, , , , , , ,1,1,1, , , , , , , ,1, , , ,1, , , , , , , , , , , ,352,1, ,1, ,1,1, ,1,1,1,1, ,1, , ,1,1, , ,1,1, ,1, 
"2019-05-06 12:46:29","2019-05-06 12:46:33",4.0,1.40291856163E-06, , ,270, ,1,1, , , ,1, , , ,1, , ,1, , ,1, , , , ,1, , ,1,1,1, , , , ,1,1, ,1,1,1,352, , ,1,1,1,1, , ,1, , , , , , , , , ,1, ,1, ,1,1,1,1, , , ,1,1, , , , , , ,1,1,1, , , , , , , ,1, , , ,1, , , , , , , , , , , ,352,1, ,1, ,1,1, ,1,1,1,1, ,1, , ,1,1, , ,1,1, ,1, 
"2019-05-06 12:46:33","2019-05-06 12:47:35",62.0,2.17452377053E-05, , ,270, ,1,1, , , ,1, , , ,1, , ,1, , ,1, , , , ,1, , ,1,1,1, , , , ,1,1, ,1,1,1,352, , ,1,1,1,1, , ,1, , , , , , , , , ,1, ,1, ,1,1,1,1, , , ,1,1, , , , , , ,1,1,1, , , , , , , , , , , ,1, , , , , , , , , , , ,352,1, ,1, ,1,1, ,1,1,1,1, ,1, , ,1,1, , ,1,1, ,1, 
"2019-05-06 12:47:35","2019-05-06 12:48:37",62.0,2.17452377053E-05, , , , ,1,1, , , ,1, , , ,1, , ,1, , ,1, , , , ,1, , ,1,1,1, , , , ,1,1, ,1,1,1,352, , ,1,1,1,1, , ,1, , , , , , , , , ,1, ,1, ,1,1,1,1, , , ,1,1, , , , , , ,1,1,1, , , , , , , , , , , ,1, , , , , , , , , , , ,352,1, ,1, ,1,1, ,1,1,1,1, ,1, , ,1,1, , ,1,1, ,1, 
"2019-05-06 12:48:37","2019-05-06 19:24:22",23745.0,0.00832807531147, , , , ,1,1, , , ,1, , , ,1, , ,1, , ,1, , , , ,1, , ,1,1,1, , , , ,1,1, ,1,1,1, , , ,1,1,1,1, , ,1, , , , , , , , , ,1, ,1, ,1,1,1,1, , , ,1,1, , , , , , ,1,1,1, , , , , , , , , , , ,1, , , , , , , , , , , , ,1, ,1, ,1,1, ,1,1,1,1, ,1, , ,1,1, , ,1,1, ,1, 
"2019-05-06 19:24:22","2019-05-06 19:25:21",59.0,2.0693048784E-05, , , , ,1,1, , , ,1, , , ,1, , ,1, , ,1, , , ,1,1, , ,1,1,1, , , , ,1,1, ,1,1,1, , , ,1,1,1,1, , ,1, , , , , , , , , ,1, ,1, ,1,1,1,1, , , ,1,1, , , , , , ,1,1,1, , , , , , , , , , , ,1, , , , , , , , , , , , ,1, ,1, ,1,1, ,1,1,1,1, ,1, , ,1,1, , ,1,1, ,1, 
"2019-05-06 19:25:21","2019-05-06 23:59:59",16478.0,0.00577932301463, , , , ,1,1, , , ,1, , , ,1, , ,1, , ,1, , , , ,1, , ,1,1,1, , , , ,1,1, ,1,1,1, , , ,1,1,1,1, , ,1, , , , , , , , , ,1, ,1, ,1,1,1,1, , , ,1,1, , , , , , ,1,1,1, , , , , , , , , , , ,1, , , , , , , , , , , , ,1, ,1, ,1,1, ,1,1,1,1, ,1, , ,1,1, , ,1,1, ,1, 
"2019-05-06 23:59:59","2019-05-07 00:00:00",1.0,3.50729640407E-07, , , , ,1,1, , , ,1, , , ,1, , ,1, , ,1, , , , ,1, , ,1,1,1, , , , ,1,1, ,1,1,1, , , ,1,1,1,1, , ,1, , , , , , , , , ,1, ,1, ,1,1,1,1, , , ,1,1, , , , , , , ,1,1, , , , , , , , , , , ,1, , , , , , , , , , , , ,1, ,1, ,1,1, ,1,1,1,1, ,1, , ,1,1, , ,1,1, ,1, 
"2019-05-07 00:00:00","2019-05-07 02:16:21",8181.0,0.00286931918817, , , , ,1,1, , , ,1, , , ,1, , ,1, , ,1, , , , ,1, , ,1,1,1, , , , ,1,1, ,1,1,1, , , ,1,1,1,1, , ,1, , , , , , , , , ,1, ,1, ,1,1,1,1, , , ,1,1, , , , , ,1, ,1,1, , , , , , , , , , , ,1, , , , , , , , , , , , ,1, ,1, ,1,1, ,1,1,1,1, ,1, , ,1,1, , ,1,1, ,1, 
"2019-05-07 02:16:21","2019-05-07 02:17:21",60.0,2.10437784244E-05, , , , ,1,1, , , ,1, , , ,1, , ,1, , ,1, , , ,1,1, , ,1,1,1, , , , ,1,1, ,1,1,1, , , ,1,1,1,1, , ,1, , , , , , , , , ,1, ,1, ,1,1,1,1, , , ,1,1, , , , , ,1, ,1,1, , , , , , , , , , , ,1, , , , , , , , , , , , ,1, ,1, ,1,1, ,1,1,1,1, ,1, , ,1,1, , ,1,1, ,1, 
"2019-05-07 02:17:21","2019-05-07 23:59:59",78158.0,0.027412327235, , , , ,1,1, , , ,1, , , ,1, , ,1, , ,1, , , , ,1, , ,1,1,1, , , , ,1,1, ,1,1,1, , , ,1,1,1,1, , ,1, , , , , , , , , ,1, ,1, ,1,1,1,1, , , ,1,1, , , , , ,1, ,1,1, , , , , , , , , , , ,1, , , , , , , , , , , , ,1, ,1, ,1,1, ,1,1,1,1, ,1, , ,1,1, , ,1,1, ,1, 
"2019-05-07 23:59:59","2019-05-08 00:00:00",1.0,3.50729640407E-07, , , , ,1,1, , , ,1, , , ,1, , ,1, , ,1, , , , ,1, , ,1,1,1, , , , ,1,1, ,1,1,1, , , ,1,1,1,1, , ,1, , , , , , , , , ,1, ,1, ,1,1,1,1, , , ,1,1, , , , , , , ,1,1, , , , , , , , , , , ,1, , , , , , , , , , , , ,1, ,1, ,1,1, ,1,1,1,1, ,1, , ,1,1, , ,1,1, ,1, 
"2019-05-08 00:00:00","2019-05-08 23:59:59",86399.0,0.0303026902016, , , , ,1,1, , , ,1, , , ,1, , ,1, , ,1, , , , ,1, , ,1,1,1, , , , ,1,1, ,1,1,1, , , ,1,1,1,1, , ,1, , , , , , , , , ,1, ,1, ,1,1,1,1, , ,1,1,1, , , , , , , ,1,1, , , , , , , , , , , ,1, , , , , , , , , , , , ,1, ,1, ,1,1, ,1,1,1,1, ,1, , ,1,1, , ,1,1, ,1, 
"2019-05-08 23:59:59","2019-05-09 00:00:00",1.0,3.50729640407E-07, , , , ,1,1, , , ,1, , , ,1, , ,1, , ,1, , , , ,1, , ,1,1,1, , , , ,1,1, ,1,1,1, , , ,1,1,1,1, , ,1, , , , , , , , , ,1, ,1, ,1,1,1,1, , , ,1,1, , , , , , , ,1,1, , , , , , , , , , , ,1, , , , , , , , , , , , ,1, ,1, ,1,1, ,1,1,1,1, ,1, , ,1,1, , ,1,1, ,1, 
"2019-05-09 00:00:00","2019-05-09 16:12:33",58353.0,0.0204661267067, , , , ,1,1, , , ,1, , , ,1, , ,1, , ,1, , , , ,1, , ,1,1,1, , , , ,1,1, ,1,1,1, , , ,1,1,1,1, , ,1, , , , , , , , , ,1, ,1, ,1,1,1,1, ,1, ,1,1, , , , , , , ,1,1, , , , , , , , , , , ,1, , , , , , , , , , , , ,1, ,1, ,1,1, ,1,1,1,1, ,1, , ,1,1, , ,1,1, ,1, 
"2019-05-09 16:12:33","2019-05-09 16:16:03",210.0,7.36532244856E-05, , , , ,1,1, , , ,1, , , ,1, , ,1, , ,1, , , , ,1, , ,1,1,1, , , , ,1,1, ,1,1,1, , , ,1,1,1,1, , ,1, , , , , , , , , ,1, ,1, ,1,1,1,1, ,1, ,1,1, , , , , , , ,1,1, ,210, , , , , , , ,210, ,1, , , , , , , , , , , , ,1, ,1, ,1,1, ,1,1,1,1, ,1, , ,1,1, , ,1,1, ,1, 
"2019-05-09 16:16:03","2019-05-09 19:42:33",12390.0,0.00434554024465, , , , ,1,1, , , ,1, , , ,1, , ,1, , ,1, , , , ,1, , ,1,1,1, , , , ,1,1, ,1,1,1, , , ,1,1,1,1, , ,1, , , , , , , , , ,1, ,1, ,1,1,1,1, ,1, ,1,1, , , , , , , ,1,1, , , , , , , , , , , ,1, , , , , , , , , , , , ,1, ,1, ,1,1, ,1,1,1,1, ,1, , ,1,1, , ,1,1, ,1, 
"2019-05-09 19:42:33","2019-05-09 19:45:33",180.0,6.31313352733E-05, , , , ,1,1, , , ,1, , , ,1, , ,1, , ,1, , , , ,1, , ,1,1,1, , , , ,1,1, ,1,1,1, , , ,1,1,1,1, , ,1, , , , , , , , , ,1, ,1, ,1,1,1,1, ,1, ,1,1, , , , , , , ,1,1, , , , , , , , , ,180, ,1, , , , , , , , , , , , ,1, ,1, ,1,1, ,1,1,1,1, ,1, , ,1,1, , ,1,1, ,1, 
"2019-05-09 19:45:33","2019-05-09 23:59:59",15266.0,0.00535423869046, , , , ,1,1, , , ,1, , , ,1, , ,1, , ,1, , , , ,1, , ,1,1,1, , , , ,1,1, ,1,1,1, , , ,1,1,1,1, , ,1, , , , , , , , , ,1, ,1, ,1,1,1,1, ,1, ,1,1, , , , , , , ,1,1, , , , , , , , , , , ,1, , , , , , , , , , , , ,1, ,1, ,1,1, ,1,1,1,1, ,1, , ,1,1, , ,1,1, ,1, 
"2019-05-09 23:59:59","2019-05-10 00:00:00",1.0,3.50729640407E-07, , , , ,1,1, , , ,1, , , ,1, , ,1, , ,1, , , , ,1, , ,1,1,1, , , , ,1,1, ,1,1,1, , , ,1,1,1,1, , ,1, , , , , , , , , ,1, ,1, ,1,1,1,1, , , ,1,1, , , , , , , ,1,1, , , , , , , , , , , ,1, , , , , , , , , , , , ,1, ,1, ,1,1, ,1,1,1,1, ,1, , ,1,1, , ,1,1, ,1, 
"2019-05-10 00:00:00","2019-05-10 02:20:33",8433.0,0.00295770305756, , , , ,1,1, , , ,1, , , ,1, , ,1, , ,1, , , , ,1, , ,1,1,1, , , , ,1,1, ,1,1,1, , , ,1,1,1,1, , ,1, , ,1, , , , , , ,1, ,1, ,1,1,1,1, , , ,1,1, , , , , , , ,1,1, , , , , , , , , , , ,1, , , , , , , , , , , , ,1, ,1, ,1,1, ,1,1,1,1, ,1, , ,1,1, , ,1,1, ,1, 
"2019-05-10 02:20:33","2019-05-10 02:23:33",180.0,6.31313352733E-05, , , , ,1,1, , , ,1, , , ,1, , ,1, , ,1, , , , ,1, , ,1,1,1, , , , ,1,1, ,1,1,1, , , ,1,1,1,1, , ,1, , ,1, , , , , , ,1, ,1, ,1,1,1,1, , , ,1,1, , , , , , , ,1,1, , , , , , , , , ,180, ,1, , , , , , , , , , , , ,1, ,1, ,1,1, ,1,1,1,1, ,1, , ,1,1, , ,1,1, ,1, 
"2019-05-10 02:23:33","2019-05-10 23:59:59",77786.0,0.0272818558087, , , , ,1,1, , , ,1, , , ,1, , ,1, , ,1, , , , ,1, , ,1,1,1, , , , ,1,1, ,1,1,1, , , ,1,1,1,1, , ,1, , ,1, , , , , , ,1, ,1, ,1,1,1,1, , , ,1,1, , , , , , , ,1,1, , , , , , , , , , , ,1, , , , , , , , , , , , ,1, ,1, ,1,1, ,1,1,1,1, ,1, , ,1,1, , ,1,1, ,1, 
"2019-05-10 23:59:59","2019-05-11 00:00:00",1.0,3.50729640407E-07, , , , ,1,1, , , ,1, , , ,1, , ,1, , ,1, , , , ,1, , ,1,1,1, , , , ,1,1, ,1,1,1, , , ,1,1,1,1, , ,1, , , , , , , , , ,1, ,1, ,1,1,1,1, , , ,1,1, , , , , , , ,1,1, , , , , , , , , , , ,1, , , , , , , , , , , , ,1, ,1, ,1,1, ,1,1,1,1, ,1, , ,1,1, , ,1,1, ,1, 
"2019-05-11 00:00:00","2019-05-11 17:27:33",62853.0,0.0220444100885, , , , ,1,1, , , ,1, , , ,1, , ,1, , ,1, , , , ,1, , ,1,1,1, , , , ,1,1, ,1,1,1, , , ,1,1,1,1, , ,1, , , ,1, , , , , ,1, ,1, ,1,1,1,1, , , ,1,1, , , , , , , ,1,1, , , , , , , , , , , ,1, , , , , , , , , , , , ,1, ,1, ,1,1, ,1,1,1,1, ,1, , ,1,1, , ,1,1, ,1, 
"2019-05-11 17:27:33","2019-05-11 17:30:03",150.0,5.26094460611E-05, , , , ,1,1, , , ,1, , , ,1, , ,1, , ,1, , , , ,1, , ,1,1,1, , , , ,1,1, ,1,1,1, , , ,1,1,1,1, , ,1, , , ,1, , , , , ,1, ,1, ,1,1,1,1, , , ,1,1, , , , , , , ,1,1, ,150, , , , , , , ,150, ,1, , , , , , , , , , , , ,1, ,1, ,1,1, ,1,1,1,1, ,1, , ,1,1, , ,1,1, ,1, 
"2019-05-11 17:30:03","2019-05-11 22:51:52",19309.0,0.00677223862663, , , , ,1,1, , , ,1, , , ,1, , ,1, , ,1, , , , ,1, , ,1,1,1, , , , ,1,1, ,1,1,1, , , ,1,1,1,1, , ,1, , , ,1, , , , , ,1, ,1, ,1,1,1,1, , , ,1,1, , , , , , , ,1,1, , , , , , , , , , , ,1, , , , , , , , , , , , ,1, ,1, ,1,1, ,1,1,1,1, ,1, , ,1,1, , ,1,1, ,1, 
"2019-05-11 22:51:52","2019-05-11 22:52:11",19.0,6.66386316774E-06, , , , ,1,1, , , ,1, , ,1,1, , ,1, , ,1, , , , ,1, , ,1,1,1, , , , ,1,1, ,1,1,1, , , ,1,1,1,1, , ,1, , , ,1, , , , , ,1, ,1, ,1,1,1,1, , , ,1,1, , , , , , , ,1,1, , , , , , , , , , , ,1, , , , , , , , , , , , ,1, ,1, ,1,1, ,1,1,1,1, ,1, , ,1,1, , ,1,1, ,1, 
"2019-05-11 22:52:11","2019-05-11 23:59:59",4068.0,0.00142676817718, , , , ,1,1, , , ,1, , ,1,1, , ,1, , ,1, , , , ,1, , ,1,1,1, , , , ,1,1, ,1,1,1, , , ,1,1,1,1, , ,1, , , ,1, , , , , ,1, ,1, ,1,1,1,1, , , ,1,1, , , , , , , ,1,1, , , , , ,17505, , , , , ,1, , , , , , , , , , , , ,1, ,1, ,1,1, ,1,1,1,1, ,1, , ,1,1, , ,1,1, ,1, 
"2019-05-11 23:59:59","2019-05-12 00:00:00",1.0,3.50729640407E-07, , , , ,1,1, , , ,1, , ,1,1, , ,1, , ,1, , , , ,1, , ,1,1,1, , , , ,1,1, ,1,1,1, , , ,1,1,1,1, , ,1, , , , , , , , , ,1, ,1, ,1,1,1,1, , , ,1,1, , , , , , , ,1,1, , , , , ,17505, , , , , ,1, , , , , , , , , , , , ,1, ,1, ,1,1, ,1,1,1,1, ,1, , ,1,1, , ,1,1, ,1, 
"2019-05-12 00:00:00","2019-05-12 03:12:33",11553.0,0.00405197953563, , , , ,1,1, , , ,1, , ,1,1, , ,1, , ,1, , , , ,1, , ,1,1,1, , , , ,1,1, ,1,1,1, , , ,1,1,1,1, , ,1,1, , , , , , , , ,1, ,1, ,1,1,1,1, , , ,1,1, , , , , , , ,1,1, , , , , ,17505, , , , , ,1, , , , , , , , , , , , ,1, ,1, ,1,1, ,1,1,1,1, ,1, , ,1,1, , ,1,1, ,1, 
"2019-05-12 03:12:33","2019-05-12 03:15:03",150.0,5.26094460611E-05, , , , ,1,1, , , ,1, , ,1,1, , ,1, , ,1, , , , ,1, , ,1,1,1, , , , ,1,1, ,1,1,1, , , ,1,1,1,1, , ,1,1, , , , , , , , ,1, ,1, ,1,1,1,1, , , ,1,1, , , , , , , ,1,1, ,150, , , ,17505, , , , , ,1, , , , , , , , , , , , ,1, ,1, ,1,1, ,1,1,1,1, ,1, , ,1,1, , ,1,1, ,1, 
"2019-05-12 03:15:03","2019-05-12 03:40:52",1549.0,0.000543280212991, , , , ,1,1, , , ,1, , ,1,1, , ,1, , ,1, , , , ,1, , ,1,1,1, , , , ,1,1, ,1,1,1, , , ,1,1,1,1, , ,1,1, , , , , , , , ,1, ,1, ,1,1,1,1, , , ,1,1, , , , , , , ,1,1, , , , , ,17505, , , , , ,1, , , , , , , , , , , , ,1, ,1, ,1,1, ,1,1,1,1, ,1, , ,1,1, , ,1,1, ,1, 
"2019-05-12 03:40:52","2019-05-12 03:43:56",184.0,6.4534253835E-05, , , , ,1,1, , , ,1, , , ,1, , ,1, , ,1, , , , ,1, , ,1,1,1, , , , ,1,1, ,1,1,1, , , ,1,1,1,1, , ,1,1, , , , , , , , ,1, ,1, ,1,1,1,1, , , ,1,1, , , , , , , ,1,1, , , , , ,17505, , , , , ,1, , , , , , , , , , , , ,1, ,1, ,1,1, ,1,1,1,1, ,1, , ,1,1, , ,1,1, ,1, 
"2019-05-12 03:43:56","2019-05-12 04:00:33",997.0,0.000349677451486, , , , ,1,1, , , ,1, , , ,1, , ,1, , ,1, , , , ,1, , ,1,1,1, , , , ,1,1, ,1,1,1, , , ,1,1,1,1, , ,1,1, , , , , , , , ,1, ,1, ,1,1,1,1, , , ,1,1, , , , , , , ,1,1, , , , , , , , , , , ,1, , , , , , , , , , , , ,1, ,1, ,1,1, ,1,1,1,1, ,1, , ,1,1, , ,1,1, ,1, 
"2019-05-12 04:00:33","2019-05-12 04:03:33",180.0,6.31313352733E-05, , , , ,1,1, , , ,1, , , ,1, , ,1, , ,1, , , , ,1, , ,1,1,1, , , , ,1,1, ,1,1,1, , , ,1,1,1,1, , ,1,1, , , , , , , , ,1, ,1, ,1,1,1,1, , , ,1,1, , , , , , , ,1,1, ,180, , , , , , , , , ,1, , , , , , , , , , , , ,1, ,1, ,1,1, ,1,1,1,1, ,1, , ,1,1, , ,1,1, ,1, 
"2019-05-12 04:03:33","2019-05-12 11:21:05",26252.0,0.00920735451998, , , , ,1,1, , , ,1, , , ,1, , ,1, , ,1, , , , ,1, , ,1,1,1, , , , ,1,1, ,1,1,1, , , ,1,1,1,1, , ,1,1, , , , , , , , ,1, ,1, ,1,1,1,1, , , ,1,1, , , , , , , ,1,1, , , , , , , , , , , ,1, , , , , , , , , , , , ,1, ,1, ,1,1, ,1,1,1,1, ,1, , ,1,1, , ,1,1, ,1, 
"2019-05-12 11:21:05","2019-05-12 11:21:29",24.0,8.41751136978E-06, , ,9240, ,1,1, , , ,1, , , ,1, , ,1, , ,1, , , , ,1, , ,1,1,1, , , , ,1,1, ,1,1,1, , , ,1,1,1,1, , ,1,1, , , , , , , , ,1, ,1, ,1,1,1,1, , , ,1,1, , , , , , , ,1,1, , , , , , , , , , , ,1, , , , , , , , , , , , ,1, ,1, ,1,1, ,1,1,1,1, ,1, , ,1,1, , ,1,1, ,1, 
"2019-05-12 11:21:29","2019-05-12 11:22:04",35.0,1.22755374143E-05,9120, ,9240, ,1,1, , , ,1, , , ,1, , ,1, , ,1, , , , ,1, , ,1,1,1, , , , ,1,1, ,1,1,1, , , ,1,1,1,1, , ,1,1, , , , , , , , ,1, ,1, ,1,1,1,1, , , ,1,1, , , , , , , ,1,1, , , , , , , , , , , ,1, , , , , , , , , , , , ,1, ,1, ,1,1, ,1,1,1,1, ,1, , ,1,1, , ,1,1, ,1, 
"2019-05-12 11:22:04","2019-05-12 11:22:37",33.0,1.15740781334E-05,9120, ,9240, ,1,1, , , ,1, , , ,1, , ,1, , ,1, , , , ,1, , ,1,1,1,1, , , ,1,1, ,1,1,1, , , ,1,1,1,1, , ,1,1, , , , , , , , ,1, ,1, ,1,1,1,1, , , ,1,1, , , , , , , ,1,1, , , , , , , , , , , ,1, , , , , , , , , , , , ,1, ,1, ,1,1, ,1,1,1,1, ,1, , ,1,1, , ,1,1, ,1, 
"2019-05-12 11:22:37","2019-05-12 13:43:04",8427.0,0.00295559867971,9120, ,9240, ,1,1, , , ,1, , , ,1, , ,1, , ,1, , , , ,1, , ,1,1,1,1, , , ,1,1, ,1,1,1, , , ,1,1,1,1, , ,1,1, , , , , , , , ,1, ,1, ,1,1,1,1, , , ,1,1, , , , , , , ,1,1, , , , , , , , , , , ,1, , , , , , , , , , , , ,1, ,1, ,1,1, ,1,1,1,1, ,1, , ,1,1, , ,1,1,1,1, 
"2019-05-12 13:43:04","2019-05-12 13:52:37",573.0,0.000200968083953,9120, ,9240, ,1,1, , , ,1, , , ,1, , ,1, , ,1, , , , ,1, , ,1,1,1, , , , ,1,1, ,1,1,1, , , ,1,1,1,1, , ,1,1, , , , , , , , ,1, ,1, ,1,1,1,1, , , ,1,1, , , , , , , ,1,1, , , , , , , , , , , ,1, , , , , , , , , , , , ,1, ,1, ,1,1, ,1,1,1,1, ,1, , ,1,1, , ,1,1,1,1, 
"2019-05-12 13:52:37","2019-05-12 13:53:29",52.0,1.82379413012E-05,9120, ,9240, ,1,1, , , ,1, , , ,1, , ,1, , ,1, , , , ,1, , ,1,1,1, , , , ,1,1, ,1,1,1, , , ,1,1,1,1, , ,1,1, , , , , , , , ,1, ,1, ,1,1,1,1, , , ,1,1, , , , , , , ,1,1, , , , , , , , , , , ,1, , , , , , , , , , , , ,1, ,1, ,1,1, ,1,1,1,1, ,1, , ,1,1, , ,1,1, ,1, 
"2019-05-12 13:53:29","2019-05-12 13:55:05",96.0,3.36700454791E-05, , ,9240, ,1,1, , , ,1, , , ,1, , ,1, , ,1, , , , ,1, , ,1,1,1, , , , ,1,1, ,1,1,1, , , ,1,1,1,1, , ,1,1, , , , , , , , ,1, ,1, ,1,1,1,1, , , ,1,1, , , , , , , ,1,1, , , , , , , , , , , ,1, , , , , , , , , , , , ,1, ,1, ,1,1, ,1,1,1,1, ,1, , ,1,1, , ,1,1, ,1, 
"2019-05-12 13:55:05","2019-05-12 23:59:59",36294.0,0.0127293815689, , , , ,1,1, , , ,1, , , ,1, , ,1, , ,1, , , , ,1, , ,1,1,1, , , , ,1,1, ,1,1,1, , , ,1,1,1,1, , ,1,1, , , , , , , , ,1, ,1, ,1,1,1,1, , , ,1,1, , , , , , , ,1,1, , , , , , , , , , , ,1, , , , , , , , , , , , ,1, ,1, ,1,1, ,1,1,1,1, ,1, , ,1,1, , ,1,1, ,1, 
"2019-05-12 23:59:59","2019-05-13 00:00:00",1.0,3.50729640407E-07, , , , ,1,1, , , ,1, , , ,1, , ,1, , ,1, , , , ,1, , ,1,1,1, , , , ,1,1, ,1,1,1, , , ,1,1,1,1, , ,1, , , , , , , , , ,1, ,1, ,1,1,1,1, , , ,1,1, , , , , , , ,1,1, , , , , , , , , , , ,1, , , , , , , , , , , , ,1, ,1, ,1,1, ,1,1,1,1, ,1, , ,1,1, , ,1,1, ,1, 
"2019-05-13 00:00:00","2019-05-13 23:59:59",86399.0,0.0303026902016, , , , ,1,1, , , ,1, , , ,1, , ,1, , ,1, , , , ,1, , ,1,1,1, , , , ,1,1, ,1,1,1, , , ,1,1,1,1, , ,1, ,1, , , , , , , ,1, ,1, ,1,1,1,1, , , ,1,1, , , , , , , ,1,1, , , , , , , , , , , ,1, , , , , , , , , , , , ,1, ,1, ,1,1, ,1,1,1,1, ,1, , ,1,1, , ,1,1, ,1, 
"2019-05-13 23:59:59","2019-05-14 00:00:00",1.0,3.50729640407E-07, , , , ,1,1, , , ,1, , , ,1, , ,1, , ,1, , , , ,1, , ,1,1,1, , , , ,1,1, ,1,1,1, , , ,1,1,1,1, , ,1, , , , , , , , , ,1, ,1, ,1,1,1,1, , , ,1,1, , , , , , , ,1,1, , , , , , , , , , , ,1, , , , , , , , , , , , ,1, ,1, ,1,1, ,1,1,1,1, ,1, , ,1,1, , ,1,1, ,1, 
"2019-05-14 00:00:00","2019-05-14 10:11:30",36690.0,0.0128682705065, , , , ,1,1, , , ,1, , , ,1, , ,1, , ,1, , , , ,1, , ,1,1,1, , , , ,1,1, ,1,1,1, , , ,1,1,1,1, , ,1, , , , , , ,1, , ,1, ,1, ,1,1,1,1, , , ,1,1, , , , , , , ,1,1, , , , , , , , , , , ,1, , , , , , , , , , , , ,1, ,1, ,1,1, ,1,1,1,1, ,1, , ,1,1, , ,1,1, ,1, 
"2019-05-14 10:11:30","2019-05-14 10:14:33",183.0,6.41835241946E-05, , , , ,1,1, , , ,1, , , ,1, , ,1, , ,1, , , , ,1, , ,1,1,1, , , , ,1,1, ,1,1,1, , , ,1,1,1,1, , ,1, , , , , , ,1, , ,1, ,1, ,1,1,1,1, , , ,1,1, , , , , , , ,1,1, ,183, , , , , , , , , ,1, , , , , , , , , , , , ,1, ,1, ,1,1, ,1,1,1,1, ,1, , ,1,1, , ,1,1, ,1, 
"2019-05-14 10:14:33","2019-05-14 19:35:33",33660.0,0.0118055596961, , , , ,1,1, , , ,1, , , ,1, , ,1, , ,1, , , , ,1, , ,1,1,1, , , , ,1,1, ,1,1,1, , , ,1,1,1,1, , ,1, , , , , , ,1, , ,1, ,1, ,1,1,1,1, , , ,1,1, , , , , , , ,1,1, , , , , , , , , , , ,1, , , , , , , , , , , , ,1, ,1, ,1,1, ,1,1,1,1, ,1, , ,1,1, , ,1,1, ,1, 
"2019-05-14 19:35:33","2019-05-14 19:38:33",180.0,6.31313352733E-05, , , , ,1,1, , , ,1, , , ,1, , ,1, , ,1, , , , ,1, , ,1,1,1, , , , ,1,1, ,1,1,1, , , ,1,1,1,1, , ,1, , , , , , ,1, , ,1, ,1, ,1,1,1,1, , , ,1,1, , , , , , , ,1,1, , , , , , , , , ,180, ,1, , , , , , , , , , , , ,1, ,1, ,1,1, ,1,1,1,1, ,1, , ,1,1, , ,1,1, ,1, 
"2019-05-14 19:38:33","2019-05-14 23:59:59",15686.0,0.00550154513943, , , , ,1,1, , , ,1, , , ,1, , ,1, , ,1, , , , ,1, , ,1,1,1, , , , ,1,1, ,1,1,1, , , ,1,1,1,1, , ,1, , , , , , ,1, , ,1, ,1, ,1,1,1,1, , , ,1,1, , , , , , , ,1,1, , , , , , , , , , , ,1, , , , , , , , , , , , ,1, ,1, ,1,1, ,1,1,1,1, ,1, , ,1,1, , ,1,1, ,1, 
"2019-05-14 23:59:59","2019-05-15 00:00:00",1.0,3.50729640407E-07, , , , ,1,1, , , ,1, , , ,1, , ,1, , ,1, , , , ,1, , ,1,1,1, , , , ,1,1, ,1,1,1, , , ,1,1,1,1, , ,1, , , , , , , , , ,1, ,1, ,1,1,1,1, , , ,1,1, , , , , , , ,1,1, , , , , , , , , , , ,1, , , , , , , , , , , , ,1, ,1, ,1,1, ,1,1,1,1, ,1, , ,1,1, , ,1,1, ,1, 
"2019-05-15 00:00:00","2019-05-15 13:41:33",49293.0,0.0172885161646, , , , ,1,1, , , ,1, , , ,1, , ,1, , ,1, , , , ,1, , ,1,1,1, , , , ,1,1, ,1,1,1, , , ,1,1,1,1, , ,1, , , , , , , ,1, ,1, ,1, ,1,1,1,1, , , ,1,1, , , , , , , ,1,1, , , , , , , , , , , ,1, , , , , , , , , , , , ,1, ,1, ,1,1, ,1,1,1,1, ,1, , ,1,1, , ,1,1, ,1, 
"2019-05-15 13:41:33","2019-05-15 13:44:33",180.0,6.31313352733E-05, , , , ,1,1, , , ,1, , , ,1, , ,1, , ,1, , , , ,1, , ,1,1,1, , , , ,1,1, ,1,1,1, , , ,1,1,1,1, , ,1, , , , , , , ,1, ,1, ,1, ,1,1,1,1, , , ,1,1, , , , , , , ,1,1, ,180, , , , , , , , , ,1, , , , , , , , , , , , ,1, ,1, ,1,1, ,1,1,1,1, ,1, , ,1,1, , ,1,1, ,1, 
"2019-05-15 13:44:33","2019-05-15 23:59:59",36926.0,0.0129510427017, , , , ,1,1, , , ,1, , , ,1, , ,1, , ,1, , , , ,1, , ,1,1,1, , , , ,1,1, ,1,1,1, , , ,1,1,1,1, , ,1, , , , , , , ,1, ,1, ,1, ,1,1,1,1, , , ,1,1, , , , , , , ,1,1, , , , , , , , , , , ,1, , , , , , , , , , , , ,1, ,1, ,1,1, ,1,1,1,1, ,1, , ,1,1, , ,1,1, ,1, 
"2019-05-15 23:59:59","2019-05-16 00:00:00",1.0,3.50729640407E-07, , , , ,1,1, , , ,1, , , ,1, , ,1, , ,1, , , , ,1, , ,1,1,1, , , , ,1,1, ,1,1,1, , , ,1,1,1,1, , ,1, , , , , , , , , ,1, ,1, ,1,1,1,1, , , ,1,1, , , , , , , ,1,1, , , , , , , , , , , ,1, , , , , , , , , , , , ,1, ,1, ,1,1, ,1,1,1,1, ,1, , ,1,1, , ,1,1, ,1, 
"2019-05-16 00:00:00","2019-05-16 23:59:59",86399.0,0.0303026902016, , , , ,1,1, , , ,1, , , ,1, , ,1, , ,1, , , , ,1, , ,1,1,1, , , , ,1,1, ,1,1,1, , , ,1,1,1,1, , ,1, , , , ,1, , , , ,1, ,1, ,1,1,1,1, , , ,1,1, , , , , , , ,1,1, , , , , , , , , , , ,1, , , , , , , , , , , , ,1, ,1, ,1,1, ,1,1,1,1, ,1, , ,1,1, , ,1,1, ,1, 
"2019-05-16 23:59:59","2019-05-17 00:00:00",1.0,3.50729640407E-07, , , , ,1,1, , , ,1, , , ,1, , ,1, , ,1, , , , ,1, , ,1,1,1, , , , ,1,1, ,1,1,1, , , ,1,1,1,1, , ,1, , , , , , , , , ,1, ,1, ,1,1,1,1, , , ,1,1, , , , , , , ,1,1, , , , , , , , , , , ,1, , , , , , , , , , , , ,1, ,1, ,1,1, ,1,1,1,1, ,1, , ,1,1, , ,1,1, ,1, 
"2019-05-17 00:00:00","2019-05-17 23:59:59",86399.0,0.0303026902016, , , , ,1,1, , , ,1, , , ,1, , ,1, , ,1, , , , ,1, , ,1,1,1, , , , ,1,1, ,1,1,1, , , ,1,1,1,1, , ,1, , , , , ,1, , , ,1, ,1, ,1,1,1,1, , , ,1,1, , , , , , , ,1,1, , , , , , , , , , , ,1, , , , , , , , , , , , ,1, ,1, ,1,1, ,1,1,1,1, ,1, , ,1,1, , ,1,1, ,1, 
"2019-05-17 23:59:59","2019-05-18 00:00:00",1.0,3.50729640407E-07, , , , ,1,1, , , ,1, , , ,1, , ,1, , ,1, , , , ,1, , ,1,1,1, , , , ,1,1, ,1,1,1, , , ,1,1,1,1, , ,1, , , , , , , , , ,1, ,1, ,1,1,1,1, , , ,1,1, , , , , , , ,1,1, , , , , , , , , , , ,1, , , , , , , , , , , , ,1, ,1, ,1,1, ,1,1,1,1, ,1, , ,1,1, , ,1,1, ,1, 
"2019-05-18 00:00:00","2019-05-18 23:59:59",86399.0,0.0303026902016, , , , ,1,1, , , ,1, , , ,1, , ,1, , ,1, , , , ,1, , ,1,1,1, , , , ,1,1, ,1,1,1, , , ,1,1,1,1,1, ,1, , , , , , , , , ,1, ,1, ,1,1,1,1, , , ,1,1, , , , , , , ,1,1, , , , , , , , , , , ,1, , , , , , , , , , , , ,1, ,1, ,1,1, ,1,1,1,1, ,1, , ,1,1, , ,1,1, ,1, 
"2019-05-18 23:59:59","2019-05-19 00:00:00",1.0,3.50729640407E-07, , , , ,1,1, , , ,1, , , ,1, , ,1, , ,1, , , , ,1, , ,1,1,1, , , , ,1,1, ,1,1,1, , , ,1,1,1,1, , ,1, , , , , , , , , ,1, ,1, ,1,1,1,1, , , ,1,1, , , , , , , ,1,1, , , , , , , , , , , ,1, , , , , , , , , , , , ,1, ,1, ,1,1, ,1,1,1,1, ,1, , ,1,1, , ,1,1, ,1, 
"2019-05-19 00:00:00","2019-05-19 18:23:33",66213.0,0.0232228616803, , , , ,1,1, , , ,1, , , ,1, , ,1, , ,1, , , , ,1, , ,1,1,1, , , , ,1,1, ,1,1,1, , , ,1,1,1,1, ,1,1, , , , , , , , , ,1, ,1, ,1,1,1,1, , , ,1,1, , , , , , , ,1,1, , , , , , , , , , , ,1, , , , , , , , , , , , ,1, ,1, ,1,1, ,1,1,1,1, ,1, , ,1,1, , ,1,1, ,1, 
"2019-05-19 18:23:33","2019-05-19 18:26:33",180.0,6.31313352733E-05, , , , ,1,1, , , ,1, , , ,1, , ,1, , ,1, , , , ,1, , ,1,1,1, , , , ,1,1, ,1,1,1, , , ,1,1,1,1, ,1,1, , , , , , , , , ,1, ,1, ,1,1,1,1, , , ,1,1, , , , , , , ,1,1, , , , , , , , , ,180, ,1, , , , , , , , , , , , ,1, ,1, ,1,1, ,1,1,1,1, ,1, , ,1,1, , ,1,1, ,1, 
"2019-05-19 18:26:33","2019-05-19 23:59:59",20006.0,0.00701669718599, , , , ,1,1, , , ,1, , , ,1, , ,1, , ,1, , , , ,1, , ,1,1,1, , , , ,1,1, ,1,1,1, , , ,1,1,1,1, ,1,1, , , , , , , , , ,1, ,1, ,1,1,1,1, , , ,1,1, , , , , , , ,1,1, , , , , , , , , , , ,1, , , , , , , , , , , , ,1, ,1, ,1,1, ,1,1,1,1, ,1, , ,1,1, , ,1,1, ,1, 
"2019-05-19 23:59:59","2019-05-20 00:00:00",1.0,3.50729640407E-07, , , , ,1,1, , , ,1, , , ,1, , ,1, , ,1, , , , ,1, , ,1,1,1, , , , ,1,1, ,1,1,1, , , ,1,1,1,1, , ,1, , , , , , , , , ,1, ,1, ,1,1,1,1, , , ,1,1, , , , , , , ,1,1, , , , , , , , , , , ,1, , , , , , , , , , , , ,1, ,1, ,1,1, ,1,1,1,1, ,1, , ,1,1, , ,1,1, ,1, 
"2019-05-20 00:00:00","2019-05-20 23:59:59",86399.0,0.0303026902016, , , , ,1,1, , , ,1, , , ,1, , ,1, , ,1, , , , ,1, , ,1,1,1, , , , ,1,1, ,1,1,1, , , ,1,1,1,1, , ,1, , , , , , , , , ,1, ,1, ,1,1,1,1, , , ,1,1, , , , , , , ,1,1, , , , , , , , , , , ,1, , , , , , ,1, , , , , ,1, ,1, ,1,1, ,1,1,1,1, ,1, , ,1,1, , ,1,1, ,1, 
"2019-05-20 23:59:59","2019-05-21 00:00:00",1.0,3.50729640407E-07, , , , ,1,1, , , ,1, , , ,1, , ,1, , ,1, , , , ,1, , ,1,1,1, , , , ,1,1, ,1,1,1, , , ,1,1,1,1, , ,1, , , , , , , , , ,1, ,1, ,1,1,1,1, , , ,1,1, , , , , , , ,1,1, , , , , , , , , , , ,1, , , , , , , , , , , , ,1, ,1, ,1,1, ,1,1,1,1, ,1, , ,1,1, , ,1,1, ,1, 
"2019-05-21 00:00:00","2019-05-21 23:59:59",86399.0,0.0303026902016, , , , ,1,1, , , ,1, , , ,1, , ,1, , ,1, , , , ,1, , ,1,1,1, , , , ,1,1, ,1,1,1, , , ,1,1,1,1, , ,1, , , , , , , , , ,1, ,1, ,1,1,1,1, , , ,1,1, , , , , , , ,1,1, , , , , , , , , , , ,1, , , , , ,1, , , , , , ,1, ,1, ,1,1, ,1,1,1,1, ,1, , ,1,1, , ,1,1, ,1, 
"2019-05-21 23:59:59","2019-05-22 00:00:00",1.0,3.50729640407E-07, , , , ,1,1, , , ,1, , , ,1, , ,1, , ,1, , , , ,1, , ,1,1,1, , , , ,1,1, ,1,1,1, , , ,1,1,1,1, , ,1, , , , , , , , , ,1, ,1, ,1,1,1,1, , , ,1,1, , , , , , , ,1,1, , , , , , , , , , , ,1, , , , , , , , , , , , ,1, ,1, ,1,1, ,1,1,1,1, ,1, , ,1,1, , ,1,1, ,1, 
"2019-05-22 00:00:00","2019-05-22 12:17:33",44253.0,0.0155208387769, , , , ,1,1, , , ,1, , , ,1, , ,1, , ,1, , , , ,1, , ,1,1,1, , , , ,1,1, ,1,1,1, , , ,1,1,1,1, , ,1, , , , , , , , , ,1, ,1, ,1,1,1,1, , , ,1,1, , , , , , , ,1,1, , , , , , , , , , , ,1, , , , ,1, , , , , , , ,1, ,1, ,1,1, ,1,1,1,1, ,1, , ,1,1, , ,1,1, ,1, 
"2019-05-22 12:17:33","2019-05-22 12:20:33",180.0,6.31313352733E-05, , , , ,1,1, , , ,1, , , ,1, , ,1, , ,1, , , , ,1, , ,1,1,1, , , , ,1,1, ,1,1,1, , , ,1,1,1,1, , ,1, , , , , , , , , ,1, ,1, ,1,1,1,1, , , ,1,1, , , , , , , ,1,1, , , , , , , , , ,180, ,1, , , , ,1, , , , , , , ,1, ,1, ,1,1, ,1,1,1,1, ,1, , ,1,1, , ,1,1, ,1, 
"2019-05-22 12:20:33","2019-05-22 19:15:33",24900.0,0.00873316804614, , , , ,1,1, , , ,1, , , ,1, , ,1, , ,1, , , , ,1, , ,1,1,1, , , , ,1,1, ,1,1,1, , , ,1,1,1,1, , ,1, , , , , , , , , ,1, ,1, ,1,1,1,1, , , ,1,1, , , , , , , ,1,1, , , , , , , , , , , ,1, , , , ,1, , , , , , , ,1, ,1, ,1,1, ,1,1,1,1, ,1, , ,1,1, , ,1,1, ,1, 
"2019-05-22 19:15:33","2019-05-22 19:18:33",180.0,6.31313352733E-05, , , , ,1,1, , , ,1, , , ,1, , ,1, , ,1, , , , ,1, , ,1,1,1, , , , ,1,1, ,1,1,1, , , ,1,1,1,1, , ,1, , , , , , , , , ,1, ,1, ,1,1,1,1, , , ,1,1, , , , , , , ,1,1, , , , , , , , , ,180, ,1, , , , ,1, , , , , , , ,1, ,1, ,1,1, ,1,1,1,1, ,1, , ,1,1, , ,1,1, ,1, 
"2019-05-22 19:18:33","2019-05-22 23:59:59",16886.0,0.00592242070792, , , , ,1,1, , , ,1, , , ,1, , ,1, , ,1, , , , ,1, , ,1,1,1, , , , ,1,1, ,1,1,1, , , ,1,1,1,1, , ,1, , , , , , , , , ,1, ,1, ,1,1,1,1, , , ,1,1, , , , , , , ,1,1, , , , , , , , , , , ,1, , , , ,1, , , , , , , ,1, ,1, ,1,1, ,1,1,1,1, ,1, , ,1,1, , ,1,1, ,1, 
"2019-05-22 23:59:59","2019-05-23 00:00:00",1.0,3.50729640407E-07, , , , ,1,1, , , ,1, , , ,1, , ,1, , ,1, , , , ,1, , ,1,1,1, , , , ,1,1, ,1,1,1, , , ,1,1,1,1, , ,1, , , , , , , , , ,1, ,1, ,1,1,1,1, , , ,1,1, , , , , , , ,1,1, , , , , , , , , , , ,1, , , , , , , , , , , , ,1, ,1, ,1,1, ,1,1,1,1, ,1, , ,1,1, , ,1,1, ,1, 
"2019-05-23 00:00:00","2019-05-23 11:59:39",43179.0,0.0151441551432, , , , ,1,1, , , ,1, , , ,1, , ,1, , ,1, , , , ,1, , ,1,1,1, , , , ,1,1, ,1,1,1, , , ,1,1,1,1, , ,1, , , , , , , , , ,1, ,1, ,1,1,1,1, , , ,1,1, , , , , , , ,1,1, , , , , , , , , , , ,1, , , ,1, , , , , , , , ,1, ,1, ,1,1, ,1,1,1,1, ,1, , ,1,1, , ,1,1, ,1, 
"2019-05-23 11:59:39","2019-05-23 11:59:50",11.0,3.85802604448E-06, , , ,839,1,1, , , ,1, , , ,1, , ,1, , ,1, , , , ,1, , ,1,1,1, , , , ,1,1, ,1,1,1, , , ,1,1,1,1, , ,1, , , , , , , , , ,1, ,1, ,1,1,1,1, , , ,1,1, , , , , , , ,1,1, , , , , , , , , , , ,1, , , ,1, , , , , , , , ,1, ,1, ,1,1, ,1,1,1,1, ,1, , ,1,1, , ,1,1, ,1, 
"2019-05-23 11:59:50","2019-05-23 11:59:56",6.0,2.10437784244E-06, , , ,839,1,1, , , ,1, , , ,1, , ,1, , ,1, , , , ,1, , ,1,1,1, , , , ,1,1, ,1,1,1, , , ,1,1,1,1, , ,1, , , , , , , , , ,1, ,1, ,1,1,1,1, , , ,1,1, , , , , , , ,1,1, , , , , , , , , , , ,1, , ,211,1, , , , , , , , ,1, ,1, ,1,1, ,1,1,1,1, ,1, , ,1,1, , ,1,1, ,1, 
"2019-05-23 11:59:56","2019-05-23 11:59:58",2.0,7.01459280815E-07, , , ,839,1,1, , , ,1, , , ,1, , ,1, , ,1, , , , ,1, , ,1,1,1, , ,180, ,1,1, ,1,1,1, , , ,1,1,1,1, , ,1, , , , , , , , , ,1, ,1, ,1,1,1,1, , , ,1,1, , , , , , , ,1,1, , , , , , , , , , , ,1, , ,211,1, , , , , , , , ,1, ,1, ,1,1, ,1,1,1,1, ,1, , ,1,1, , ,1,1, ,1, 
"2019-05-23 11:59:58","2019-05-23 12:00:05",7.0,2.45510748285E-06, , , ,839,1,1, , , ,1, , , ,1, , ,1, , ,1, , , , ,1, , ,1,1,1, , ,180, ,1,1, ,1,1,1, , , ,1,1,1,1, , ,1, , , , , , , , , ,1, ,1, ,1,1,1,1, , , ,1,1, , , , , , , ,1,1, , , , , , , , , , , ,1, , ,211,1, , , , , , , , ,1, ,1, ,1,1, ,1,1,1,1, ,1, , ,1,1, , ,1,1, ,1,759
"2019-05-23 12:00:05","2019-05-23 12:01:50",105.0,3.68266122428E-05, , ,780,839,1,1, , , ,1, , , ,1, , ,1, , ,1, , , , ,1, , ,1,1,1, , ,180, ,1,1, ,1,1,1, , , ,1,1,1,1, , ,1, , , , , , , , , ,1, ,1, ,1,1,1,1, , , ,1,1, , , , , , , ,1,1, , , , , , , , , , , ,1, , ,211,1, , , , , , , , ,1, ,1, ,1,1, ,1,1,1,1, ,1, , ,1,1, , ,1,1, ,1,759
"2019-05-23 12:01:50","2019-05-23 12:02:16",26.0,9.11897065059E-06, , ,780,839,1,1, , ,1,1, , , ,1, , ,1, , ,1, , , , ,1,703, ,1,1,1, , ,180,703,1,1, ,1,1,1, , , ,1,1,1,1, , ,1, , , , , , , , , ,1,1,1, ,1,1,1,1, , , ,1,1, , , , , , , ,1,1, , , , , , , , , , , ,1, , ,211,1, , , , , , , , ,1, ,1, ,1,1, ,1,1,1,1, ,1, , ,1,1, , ,1,1, ,1,759
"2019-05-23 12:02:16","2019-05-23 12:02:56",40.0,1.40291856163E-05, , ,780,839,1,1,657, ,1,1, , , ,1, , ,1, , ,1, , , , ,1,703, ,1,1,1, , ,180,703,1,1, ,1,1,1, , , ,1,1,1,1, , ,1, , , , , , , , , ,1,1,1, ,1,1,1,1, , , ,1,1, , , , , , , ,1,1, , ,657, , , , , , , , ,1, , ,211,1, , , , , , , , ,1, ,1, ,1,1,657,1,1,1,1, ,1, , ,1,1, , ,1,1, ,1,759
"2019-05-23 12:02:56","2019-05-23 12:03:21",25.0,8.76824101019E-06, , ,780,839,1,1,657, ,1,1, , , ,1, , ,1, , ,1, , , , ,1,703, ,1,1,1, , ,311,703,1,1, ,1,1,1, , , ,1,1,1,1, , ,1, , , , , , , , , ,1,1,1, ,1,1,1,1, , , ,1,1, , , , , , , ,1,1, , ,657, , , , , , , , ,1, , ,211,1, , , , , , , , ,1, ,1, ,1,1,657,1,1,1,1, ,1, , ,1,1, , ,1,1, ,1,759
"2019-05-23 12:03:21","2019-05-23 12:07:07",226.0,7.92648987321E-05, , ,780,839,1,1,657, ,1,1, , , ,1, , ,1, , ,1, , , , ,1,703, ,1,1,1, , ,311,703,1,1, ,1,1,1, , , ,1,1,1,1, , ,1, , , , , , , , , ,1,1,1, ,1,1,1,1, , , ,1,1, , , , , , , ,1,1, , ,657, , , , , , , , ,1, , ,226,1, , , , , , , , ,1, ,1, ,1,1,657,1,1,1,1, ,1, , ,1,1, , ,1,1, ,1,759
"2019-05-23 12:07:07","2019-05-23 12:07:50",43.0,1.50813745375E-05, , ,780,839,1,1,657, ,1,1, , , ,1, , ,1, , ,1, , , , ,1,703, ,1,1,1, , ,311,703,1,1, ,1,1,1, , , ,1,1,1,1, , ,1, , , , , , , , , ,1,1,1, ,1,1,1,1, , , ,1,1, , , , , , , ,1,1, , ,657, , , , , , , , ,1, , , ,1, , , , , , , , ,1, ,1, ,1,1,657,1,1,1,1, ,1, , ,1,1, , ,1,1, ,1,759
"2019-05-23 12:07:50","2019-05-23 12:08:07",17.0,5.96240388693E-06, , ,780,839,1,1,657, ,1,1, , , ,1, , ,1, , ,1, , , , ,1,703, ,1,1,1, , ,311,703,1,1, ,1,1,1, , , ,1,1,1,1, , ,1, , , , , , , , , ,1,1,1, ,1,1,1,1, , , ,1,1, , , , , , , ,1,1, , ,657, , , , , , , , ,1, , ,300,1, , , , , , , , ,1, ,1, ,1,1,657,1,1,1,1, ,1, , ,1,1, , ,1,1, ,1,759
"2019-05-23 12:08:07","2019-05-23 12:10:49",162.0,5.6818201746E-05, , ,780,839,1,1,657, ,1,1, , , ,1, , ,1, , ,1, , , , ,1,703, ,1,1,1, , ,349,703,1,1, ,1,1,1, , , ,1,1,1,1, , ,1, , , , , , , , , ,1,1,1, ,1,1,1,1, , , ,1,1, , , , , , , ,1,1, , ,657, , , , , , , , ,1, , ,300,1, , , , , , , , ,1, ,1, ,1,1,657,1,1,1,1, ,1, , ,1,1, , ,1,1, ,1,759
"2019-05-23 12:10:49","2019-05-23 12:12:37",108.0,3.7878801164E-05, , ,780,839,1,1,657, ,1,1, , , ,1, , ,1, , ,1, , , , ,1,703, ,1,1,1, , ,349,703,1,1, ,1,1,1, , , ,1,1,1,1, , ,1, , , , , , , , , ,1,1,1, ,1,1,1,1, , , ,1,1, , , , , , , ,1,1, , ,657, , , , , , , , ,1, ,1,300,1, , , , , , , , ,1, ,1, ,1,1,657,1,1,1,1, ,1, , ,1,1, , ,1,1, ,1,759
"2019-05-23 12:12:37","2019-05-23 12:12:48",11.0,3.85802604448E-06, , ,780,839,1,1,657, ,1,1, , , ,1, , ,1, , ,1, , , , ,1,703, ,1,1,1, , ,349,703,1,1, ,1,1,1, , , ,1,1,1,1, , ,1, , , , , , , , , ,1,1,1, ,1,1,1,1, , , ,1,1, , , , , , , ,1,1, , ,657, , , , , , , , ,1, ,1,300,1, , , , , , , , ,1, ,1, ,1,1,657,1,1,1,1, ,1, , ,1,1, , ,1,1, ,1, 
"2019-05-23 12:12:48","2019-05-23 12:12:50",2.0,7.01459280815E-07, , ,780,839,1,1,657, ,1,1, , , ,1, , ,1, , ,1, , , , ,1,703, ,1,1,1, , ,349,703,1,1, ,1,1,1, , , ,1,1,1,1, , ,1, , , , , , , , , ,1,1,1, ,1,1,1,1, , , ,1,1, , , , , , , ,1,1, , ,657, , , , , , , , ,1, , ,300,1, , , , , , , , ,1, ,1, ,1,1,657,1,1,1,1, ,1, , ,1,1, , ,1,1, ,1, 
"2019-05-23 12:12:50","2019-05-23 12:13:05",15.0,5.26094460611E-06, , ,780,839,1,1,657, ,1,1, , , ,1, , ,1, , ,1, , , , ,1,703, ,1,1,1, , ,349,703,1,1, ,1,1,1, , , ,1,1,1,1, , ,1, , , , , , , , , ,1,1,1, ,1,1,1,1, , , ,1,1, , , , , , , ,1,1, , ,657, , , , , , , , ,1, , , ,1, , , , , , , , ,1, ,1, ,1,1,657,1,1,1,1, ,1, , ,1,1, , ,1,1, ,1, 
"2019-05-23 12:13:05","2019-05-23 12:13:13",8.0,2.80583712326E-06, , , ,839,1,1,657, ,1,1, , , ,1, , ,1, , ,1, , , , ,1,703, ,1,1,1, , ,349,703,1,1, ,1,1,1, , , ,1,1,1,1, , ,1, , , , , , , , , ,1,1,1, ,1,1,1,1, , , ,1,1, , , , , , , ,1,1, , ,657, , , , , , , , ,1, , , ,1, , , , , , , , ,1, ,1, ,1,1,657,1,1,1,1, ,1, , ,1,1, , ,1,1, ,1, 
"2019-05-23 12:13:13","2019-05-23 12:13:33",20.0,7.01459280815E-06, , , ,839,1,1, , ,1,1, , , ,1, , ,1, , ,1, , , , ,1,703, ,1,1,1, , ,349,703,1,1, ,1,1,1, , , ,1,1,1,1, , ,1, , , , , , , , , ,1,1,1, ,1,1,1,1, , , ,1,1, , , , , , , ,1,1, , , , , , , , , , , ,1, , , ,1, , , , , , , , ,1, ,1, ,1,1, ,1,1,1,1, ,1, , ,1,1, , ,1,1, ,1, 
"2019-05-23 12:13:33","2019-05-23 12:13:38",5.0,1.75364820204E-06, , , ,839,1,1, , , ,1, , , ,1, , ,1, , ,1, , , , ,1, , ,1,1,1, , ,349, ,1,1, ,1,1,1, , , ,1,1,1,1, , ,1, , , , , , , , , ,1, ,1, ,1,1,1,1, , , ,1,1, , , , , , , ,1,1, , , , , , , , , , , ,1, , , ,1, , , , , , , , ,1, ,1, ,1,1, ,1,1,1,1, ,1, , ,1,1, , ,1,1, ,1, 
"2019-05-23 12:13:38","2019-05-23 12:13:56",18.0,6.31313352733E-06, , , , ,1,1, , , ,1, , , ,1, , ,1, , ,1, , , , ,1, , ,1,1,1, , ,349, ,1,1, ,1,1,1, , , ,1,1,1,1, , ,1, , , , , , , , , ,1, ,1, ,1,1,1,1, , , ,1,1, , , , , , , ,1,1, , , , , , , , , , , ,1, , , ,1, , , , , , , , ,1, ,1, ,1,1, ,1,1,1,1, ,1, , ,1,1, , ,1,1, ,1, 
"2019-05-23 12:13:56","2019-05-23 23:59:59",42363.0,0.0148579597566, , , , ,1,1, , , ,1, , , ,1, , ,1, , ,1, , , , ,1, , ,1,1,1, , , , ,1,1, ,1,1,1, , , ,1,1,1,1, , ,1, , , , , , , , , ,1, ,1, ,1,1,1,1, , , ,1,1, , , , , , , ,1,1, , , , , , , , , , , ,1, , , ,1, , , , , , , , ,1, ,1, ,1,1, ,1,1,1,1, ,1, , ,1,1, , ,1,1, ,1, 
"2019-05-23 23:59:59","2019-05-24 00:00:00",1.0,3.50729640407E-07, , , , ,1,1, , , ,1, , , ,1, , ,1, , ,1, , , , ,1, , ,1,1,1, , , , ,1,1, ,1,1,1, , , ,1,1,1,1, , ,1, , , , , , , , , ,1, ,1, ,1,1,1,1, , , ,1,1, , , , , , , ,1,1, , , , , , , , , , , ,1, , , , , , , , , , , , ,1, ,1, ,1,1, ,1,1,1,1, ,1, , ,1,1, , ,1,1, ,1, 
"2019-05-24 00:00:00","2019-05-24 01:26:33",5193.0,0.00182133902264, , , , ,1,1, , , ,1, , , ,1, , ,1, , ,1, , , , ,1, , ,1,1,1, , , , ,1,1, ,1,1,1, , , ,1,1,1,1, , ,1, , , , , , , , , ,1, ,1, ,1,1,1,1, , , ,1,1, , , , , , , ,1,1, , , , , , , , , , , ,1, , , , , , , , , , ,1, ,1, ,1, ,1,1, ,1,1,1,1, ,1, , ,1,1, , ,1,1, ,1, 
"2019-05-24 01:26:33","2019-05-24 01:29:33",180.0,6.31313352733E-05, , , , ,1,1, , , ,1, , , ,1, , ,1, , ,1, , , , ,1, , ,1,1,1, , , , ,1,1, ,1,1,1, , , ,1,1,1,1, , ,1, , , , , , , , , ,1, ,1, ,1,1,1,1, , , ,1,1, , , , , , , ,1,1, ,180, , , , , , , , , ,1, , , , , , , , , , ,1, ,1, ,1, ,1,1, ,1,1,1,1, ,1, , ,1,1, , ,1,1, ,1, 
"2019-05-24 01:29:33","2019-05-24 10:47:45",33492.0,0.0117466371165, , , , ,1,1, , , ,1, , , ,1, , ,1, , ,1, , , , ,1, , ,1,1,1, , , , ,1,1, ,1,1,1, , , ,1,1,1,1, , ,1, , , , , , , , , ,1, ,1, ,1,1,1,1, , , ,1,1, , , , , , , ,1,1, , , , , , , , , , , ,1, , , , , , , , , , ,1, ,1, ,1, ,1,1, ,1,1,1,1, ,1, , ,1,1, , ,1,1, ,1, 
"2019-05-24 10:47:45","2019-05-24 10:48:45",60.0,2.10437784244E-05, , , , ,1,1, , , ,1, , , ,1, ,1,1, , ,1, , , , ,1, , ,1,1,1, , , , ,1,1, ,1,1,1, , , ,1,1,1,1, , ,1, , , , , , , , , ,1, ,1, ,1,1,1,1, , , ,1,1, , , , , , , ,1,1, , , , ,1, ,1, , , , ,1, , , , , , , , , , ,1, ,1, ,1, ,1,1, ,1,1,1,1, ,1, , ,1,1, , ,1,1, ,1, 
"2019-05-24 10:48:45","2019-05-24 14:11:10",12145.0,0.00425961148275, , , , ,1,1, , , ,1, , , ,1, , ,1, , ,1, , , , ,1, , ,1,1,1, , , , ,1,1, ,1,1,1, , , ,1,1,1,1, , ,1, , , , , , , , , ,1, ,1, ,1,1,1,1, , , ,1,1, , , , , , , ,1,1, , , , , , , , , , , ,1, , , , , , , , , , ,1, ,1, ,1, ,1,1, ,1,1,1,1, ,1, , ,1,1, , ,1,1, ,1, 
"2019-05-24 14:11:10","2019-05-24 14:14:33",203.0,7.11981170027E-05, , , , ,1,1, , , ,1, , , ,1, , ,1, , ,1, , , , ,1, , ,1,1,1, , , , ,1,1, ,1,1,1, , , ,1,1,1,1, , ,1, , , , , , , , , ,1, ,1, ,1,1,1,1, , , ,1,1, , , , , , , ,1,1, ,203, , , , , , , , , ,1, , , , , , , , , , ,1, ,1, ,1, ,1,1, ,1,1,1,1, ,1, , ,1,1, , ,1,1, ,1, 
"2019-05-24 14:14:33","2019-05-24 20:41:52",23239.0,0.00815060611343, , , , ,1,1, , , ,1, , , ,1, , ,1, , ,1, , , , ,1, , ,1,1,1, , , , ,1,1, ,1,1,1, , , ,1,1,1,1, , ,1, , , , , , , , , ,1, ,1, ,1,1,1,1, , , ,1,1, , , , , , , ,1,1, , , , , , , , , , , ,1, , , , , , , , , , ,1, ,1, ,1, ,1,1, ,1,1,1,1, ,1, , ,1,1, , ,1,1, ,1, 
"2019-05-24 20:41:52","2019-05-24 20:42:11",19.0,6.66386316774E-06, , , , ,1,1, , , ,1, , ,1,1, , ,1, , ,1, , , , ,1, , ,1,1,1, , , , ,1,1, ,1,1,1, , , ,1,1,1,1, , ,1, , , , , , , , , ,1, ,1, ,1,1,1,1, , , ,1,1, , , , , , , ,1,1, , , , , , , , , , , ,1, , , , , , , , , , ,1, ,1, ,1, ,1,1, ,1,1,1,1, ,1, , ,1,1, , ,1,1, ,1, 
"2019-05-24 20:42:11","2019-05-24 21:31:30",2959.0,0.00103780900597, , , , ,1,1, , ,1,1, , ,1,1, , ,1, , ,1, , , , ,1, , ,1,1,1, ,1, , ,1,1, ,1,1,1, , , ,1,1,1,1, , ,1, , , , , , , , , ,1,1,1,1,1,1,1,1, , , ,1,1, , , , , , , ,1,1, , , , , ,5025, , , , , ,1, , , , , , , , , , ,1, ,1, ,1, ,1,1, ,1,1,1,1, ,1, , ,1,1, , ,1,1, ,1, 
"2019-05-24 21:31:30","2019-05-24 21:34:33",183.0,6.41835241946E-05, , , , ,1,1, , ,1,1, , ,1,1, , ,1, , ,1, , , , ,1, , ,1,1,1, ,1, , ,1,1, ,1,1,1, , , ,1,1,1,1, , ,1, , , , , , , , , ,1,1,1,1,1,1,1,1, , , ,1,1, , , , , , , ,1,1, , , , , ,5025, , , ,183, ,1, , , , , , , , , , ,1, ,1, ,1, ,1,1, ,1,1,1,1, ,1, , ,1,1, , ,1,1, ,1, 
"2019-05-24 21:34:33","2019-05-24 21:57:52",1399.0,0.00049067076693, , , , ,1,1, , ,1,1, , ,1,1, , ,1, , ,1, , , , ,1, , ,1,1,1, ,1, , ,1,1, ,1,1,1, , , ,1,1,1,1, , ,1, , , , , , , , , ,1,1,1,1,1,1,1,1, , , ,1,1, , , , , , , ,1,1, , , , , ,5025, , , , , ,1, , , , , , , , , , ,1, ,1, ,1, ,1,1, ,1,1,1,1, ,1, , ,1,1, , ,1,1, ,1, 
"2019-05-24 21:57:52","2019-05-24 21:59:52",120.0,4.20875568489E-05, , , , ,1,1, , ,1,1, , , ,1, , ,1, , ,1, , , , ,1, , ,1,1,1, ,1, , ,1,1, ,1,1,1, , , ,1,1,1,1, , ,1, , , , , , , , , ,1,1,1,1,1,1,1,1, , , ,1,1, , , , , , , ,1,1, , , , , ,5025, , , , , ,1, , , , , , , , , , ,1, ,1, ,1, ,1,1, ,1,1,1,1, ,1, , ,1,1, , ,1,1, ,1, 
"2019-05-24 21:59:52","2019-05-24 22:03:52",240.0,8.41751136978E-05, , , , ,1,1, , ,1,1, , ,1,1, , ,1, , ,1, , , , ,1, , ,1,1,1, ,1, , ,1,1, ,1,1,1, , , ,1,1,1,1, , ,1, , , , , , , , , ,1,1,1,1,1,1,1,1, , , ,1,1, , , , , , , ,1,1, , , , , ,5025, , , , , ,1, , , , , , , , , , ,1, ,1, ,1, ,1,1, ,1,1,1,1, ,1, , ,1,1, , ,1,1, ,1, 
"2019-05-24 22:03:52","2019-05-24 22:05:56",124.0,4.34904754105E-05, , , , ,1,1, , ,1,1, , , ,1, , ,1, , ,1, , , , ,1, , ,1,1,1, ,1, , ,1,1, ,1,1,1, , , ,1,1,1,1, , ,1, , , , , , , , , ,1,1,1,1,1,1,1,1, , , ,1,1, , , , , , , ,1,1, , , , , ,5025, , , , , ,1, , , , , , , , , , ,1, ,1, ,1, ,1,1, ,1,1,1,1, ,1, , ,1,1, , ,1,1, ,1, 
"2019-05-24 22:05:56","2019-05-24 23:59:59",6843.0,0.00240004292931, , , , ,1,1, , , ,1, , , ,1, , ,1, , ,1, , , , ,1, , ,1,1,1, , , , ,1,1, ,1,1,1, , , ,1,1,1,1, , ,1, , , , , , , , , ,1, ,1, ,1,1,1,1, , , ,1,1, , , , , , , ,1,1, , , , , , , , , , , ,1, , , , , , , , , , ,1, ,1, ,1, ,1,1, ,1,1,1,1, ,1, , ,1,1, , ,1,1, ,1, 
"2019-05-24 23:59:59","2019-05-25 00:00:00",1.0,3.50729640407E-07, , , , ,1,1, , , ,1, , , ,1, , ,1, , ,1, , , , ,1, , ,1,1,1, , , , ,1,1, ,1,1,1, , , ,1,1,1,1, , ,1, , , , , , , , , ,1, ,1, ,1,1,1,1, , , ,1,1, , , , , , , ,1,1, , , , , , , , , , , ,1, , , , , , , , , , , , ,1, ,1, ,1,1, ,1,1,1,1, ,1, , ,1,1, , ,1,1, ,1, 
"2019-05-25 00:00:00","2019-05-25 07:49:33",28173.0,0.0098811061592, , , , ,1,1, , , ,1, , , ,1, , ,1, , ,1, , , , ,1, , ,1,1,1, , , , ,1,1, ,1,1,1, , , ,1,1,1,1, , ,1, , , , , , , , , ,1, ,1, ,1,1,1,1, , , ,1,1, , , , , , , ,1,1, , , , , , , , , , , ,1, , , , , , , , , ,1, , ,1, ,1, ,1,1, ,1,1,1,1, ,1, , ,1,1, , ,1,1, ,1, 
"2019-05-25 07:49:33","2019-05-25 07:52:03",150.0,5.26094460611E-05, , , , ,1,1, , , ,1, , , ,1, , ,1, , ,1, , , , ,1, , ,1,1,1, , , , ,1,1, ,1,1,1, , , ,1,1,1,1, , ,1, , , , , , , , , ,1, ,1, ,1,1,1,1, , , ,1,1, , , , , , , ,1,1, ,150, , , , , , , , , ,1, , , , , , , , , ,1, , ,1, ,1, ,1,1, ,1,1,1,1, ,1, , ,1,1, , ,1,1, ,1, 
"2019-05-25 07:52:03","2019-05-25 10:40:33",10110.0,0.00354587666452, , , , ,1,1, , , ,1, , , ,1, , ,1, , ,1, , , , ,1, , ,1,1,1, , , , ,1,1, ,1,1,1, , , ,1,1,1,1, , ,1, , , , , , , , , ,1, ,1, ,1,1,1,1, , , ,1,1, , , , , , , ,1,1, , , , , , , , , , , ,1, , , , , , , , , ,1, , ,1, ,1, ,1,1, ,1,1,1,1, ,1, , ,1,1, , ,1,1, ,1, 
"2019-05-25 10:40:33","2019-05-25 10:44:33",240.0,8.41751136978E-05, , , , ,1,1, , , ,1, , , ,1, , ,1, , ,1, , , , ,1, , ,1,1,1, , , , ,1,1, ,1,1,1, , , ,1,1,1,1, , ,1, , , , , , , , , ,1, ,1, ,1,1,1,1, , , ,1,1, , , , , , , ,1,1, ,240, , , , , , , ,240, ,1, , , , , , , , , ,1, , ,1, ,1, ,1,1, ,1,1,1,1, ,1, , ,1,1, , ,1,1, ,1, 
"2019-05-25 10:44:33","2019-05-25 23:59:59",47726.0,0.0167389228181, , , , ,1,1, , , ,1, , , ,1, , ,1, , ,1, , , , ,1, , ,1,1,1, , , , ,1,1, ,1,1,1, , , ,1,1,1,1, , ,1, , , , , , , , , ,1, ,1, ,1,1,1,1, , , ,1,1, , , , , , , ,1,1, , , , , , , , , , , ,1, , , , , , , , , ,1, , ,1, ,1, ,1,1, ,1,1,1,1, ,1, , ,1,1, , ,1,1, ,1, 
"2019-05-25 23:59:59","2019-05-26 00:00:00",1.0,3.50729640407E-07, , , , ,1,1, , , ,1, , , ,1, , ,1, , ,1, , , , ,1, , ,1,1,1, , , , ,1,1, ,1,1,1, , , ,1,1,1,1, , ,1, , , , , , , , , ,1, ,1, ,1,1,1,1, , , ,1,1, , , , , , , ,1,1, , , , , , , , , , , ,1, , , , , , , , , , , , ,1, ,1, ,1,1, ,1,1,1,1, ,1, , ,1,1, , ,1,1, ,1, 
"2019-05-26 00:00:00","2019-05-26 23:59:59",86399.0,0.0303026902016, , , , ,1,1, , , ,1, , , ,1, , ,1, , ,1, , , , ,1, , ,1,1,1, , , , ,1,1, ,1,1,1, , , ,1,1,1,1, , ,1, , , , , , , , , ,1, ,1, ,1,1,1,1, , , ,1,1, , , , , , , ,1,1, , , , , , , , , , , ,1, , , , , , , , ,1, , , ,1, ,1, ,1,1, ,1,1,1,1, ,1, , ,1,1, , ,1,1, ,1, 
"2019-05-26 23:59:59","2019-05-27 00:00:00",1.0,3.50729640407E-07, , , , ,1,1, , , ,1, , , ,1, , ,1, , ,1, , , , ,1, , ,1,1,1, , , , ,1,1, ,1,1,1, , , ,1,1,1,1, , ,1, , , , , , , , , ,1, ,1, ,1,1,1,1, , , ,1,1, , , , , , , ,1,1, , , , , , , , , , , ,1, , , , , , , , , , , , ,1, ,1, ,1,1, ,1,1,1,1, ,1, , ,1,1, , ,1,1, ,1, 
"2019-05-27 00:00:00","2019-05-27 23:59:59",86399.0,0.0303026902016, , , , ,1,1, , , ,1, , , ,1, , ,1, , ,1, , , , ,1, , ,1,1,1, , , , ,1,1, ,1,1,1, , , ,1,1,1,1, , ,1, , , , , , , , , ,1, ,1, ,1,1,1,1, , , ,1,1, , , , , , , ,1,1, , , , , , , , , , , ,1, , , , , , , ,1, , , , ,1, ,1, ,1,1, ,1,1,1,1, ,1, , ,1,1, , ,1,1, ,1, 
"2019-05-27 23:59:59","2019-05-28 00:00:00",1.0,3.50729640407E-07, , , , ,1,1, , , ,1, , , ,1, , ,1, , ,1, , , , ,1, , ,1,1,1, , , , ,1,1, ,1,1,1, , , ,1,1,1,1, , ,1, , , , , , , , , ,1, ,1, ,1,1,1,1, , , ,1,1, , , , , , , ,1,1, , , , , , , , , , , ,1, , , , , , , , , , , , ,1, ,1, ,1,1, ,1,1,1,1, ,1, , ,1,1, , ,1,1, ,1, 
"2019-05-28 00:00:00","2019-05-28 05:53:04",21184.0,0.00742985670239, , , , ,1,1, , , ,1, , , ,1, , ,1, , ,1, , , , ,1, , ,1,1,1, , , , ,1,1, ,1,1,1, , , ,1,1,1,1, , ,1, , , , , , , , , ,1, ,1, ,1,1,1,1, , , ,1,1, , , , , , , ,1,1, , , , , , , , , , , ,1, , , , , , , , , , , , ,1,1,1, ,1,1, ,1,1,1,1, ,1, , ,1,1, , ,1,1, ,1, 
"2019-05-28 05:53:04","2019-05-28 05:54:04",60.0,2.10437784244E-05, , , , ,1,1, , , ,1, , , ,1, , ,1, , ,1, , ,1, ,1, , ,1,1,1, , , , ,1,1, ,1,1,1, , , ,1,1,1,1, , ,1, , , , , , , , , ,1, ,1, ,1,1,1,1, , , ,1,1, , , , , , , ,1,1, , , , , , , , , , , ,1, , , , , , , , , , , , ,1,1,1, ,1,1, ,1,1,1,1, ,1, , ,1,1, , ,1,1, ,1, 
"2019-05-28 05:54:04","2019-05-28 15:21:33",34049.0,0.0119419935262, , , , ,1,1, , , ,1, , , ,1, , ,1, , ,1, , , , ,1, , ,1,1,1, , , , ,1,1, ,1,1,1, , , ,1,1,1,1, , ,1, , , , , , , , , ,1, ,1, ,1,1,1,1, , , ,1,1, , , , , , , ,1,1, , , , , , , , , , , ,1, , , , , , , , , , , , ,1,1,1, ,1,1, ,1,1,1,1, ,1, , ,1,1, , ,1,1, ,1, 
"2019-05-28 15:21:33","2019-05-28 15:24:33",180.0,6.31313352733E-05, , , , ,1,1, , ,1,1, , , ,1, , ,1, , ,1, , , , ,1,180, ,1,1,1, , , ,180,1,1, ,1,1,1, , , ,1,1,1,1, , ,1, , , , , , , , , ,1,1,1, ,1,1,1,1, , , ,1,1, , , , , , , ,1,1, , , , , , , , , , , ,1, , , , , , , , , , , , ,1,1,1, ,1,1, ,1,1,1,1, ,1, , ,1,1, , ,1,1, ,1, 
"2019-05-28 15:24:33","2019-05-28 23:59:59",30926.0,0.0108466648592, , , , ,1,1, , , ,1, , , ,1, , ,1, , ,1, , , , ,1, , ,1,1,1, , , , ,1,1, ,1,1,1, , , ,1,1,1,1, , ,1, , , , , , , , , ,1, ,1, ,1,1,1,1, , , ,1,1, , , , , , , ,1,1, , , , , , , , , , , ,1, , , , , , , , , , , , ,1,1,1, ,1,1, ,1,1,1,1, ,1, , ,1,1, , ,1,1, ,1, 
"2019-05-28 23:59:59","2019-05-29 00:00:00",1.0,3.50729640407E-07, , , , ,1,1, , , ,1, , , ,1, , ,1, , ,1, , , , ,1, , ,1,1,1, , , , ,1,1, ,1,1,1, , , ,1,1,1,1, , ,1, , , , , , , , , ,1, ,1, ,1,1,1,1, , , ,1,1, , , , , , , ,1,1, , , , , , , , , , , ,1, , , , , , , , , , , , ,1, ,1, ,1,1, ,1,1,1,1, ,1, , ,1,1, , ,1,1, ,1, 
"2019-05-29 00:00:00","2019-05-29 14:59:48",53988.0,0.0189351918263, ,1, , ,1,1, , , ,1, , , ,1, , ,1, , ,1, , , , ,1, , ,1,1,1, , , , ,1,1, ,1,1,1, , , ,1,1,1,1, , ,1, , , , , , , , , ,1, ,1, ,1,1,1,1, , , ,1,1, , , , , , , ,1,1, , , , , , , , , , , ,1, , , , , , , , , , , , ,1, ,1, ,1,1, ,1,1,1,1, ,1, , ,1,1, , ,1,1, ,1, 
"2019-05-29 14:59:48","2019-05-29 15:00:48",60.0,2.10437784244E-05, ,1, , ,1,1, , , ,1, , , ,1, , ,1, , ,1, , , , ,1, , ,1,1,1, , , , ,1,1, ,1,1,1, , , ,1,1,1,1, , ,1, , , , , , , , , ,1, ,1, ,1,1,1,1, , , ,1,1, , , , , , , ,1,1, , , , , , , , , , , ,1,1, , , , , , , , , , , ,1, ,1, ,1,1, ,1,1,1,1, ,1, , ,1,1, , ,1,1, ,1, 
"2019-05-29 15:00:48","2019-05-29 23:59:59",32351.0,0.0113464545968, ,1, , ,1,1, , , ,1, , , ,1, , ,1, , ,1, , , , ,1, , ,1,1,1, , , , ,1,1, ,1,1,1, , , ,1,1,1,1, , ,1, , , , , , , , , ,1, ,1, ,1,1,1,1, , , ,1,1, , , , , , , ,1,1, , , , , , , , , , , ,1, , , , , , , , , , , , ,1, ,1, ,1,1, ,1,1,1,1, ,1, , ,1,1, , ,1,1, ,1, 
"2019-05-29 23:59:59","2019-05-30 00:00:00",1.0,3.50729640407E-07, , , , ,1,1, , , ,1, , , ,1, , ,1, , ,1, , , , ,1, , ,1,1,1, , , , ,1,1, ,1,1,1, , , ,1,1,1,1, , ,1, , , , , , , , , ,1, ,1, ,1,1,1,1, , , ,1,1, , , , , , , ,1,1, , , , , , , , , , , ,1, , , , , , , , , , , , ,1, ,1, ,1,1, ,1,1,1,1, ,1, , ,1,1, , ,1,1, ,1, 
"2019-05-30 00:00:00","2019-05-30 05:41:08",20468.0,0.00717873427986, , , , ,1,1, , , ,1, , , ,1, , ,1, , ,1, , , , ,1, , ,1,1,1, , , , ,1,1, ,1,1,1, , , ,1,1,1,1, , ,1, , , , , , , , , ,1, ,1, ,1,1,1,1, , , ,1,1, , , , , , , ,1,1, , , , , , , , ,1, , ,1, , , , , , , , , , , , ,1, ,1, ,1,1, ,1,1,1,1, ,1, , ,1,1, , ,1,1, ,1, 
"2019-05-30 05:41:08","2019-05-30 05:44:33",205.0,7.18995762835E-05, , , , ,1,1, , , ,1, , , ,1, , ,1, , ,1, , , , ,1, , ,1,1,1, , , , ,1,1, ,1,1,1, , , ,1,1,1,1, , ,1, , , , , , , , , ,1, ,1, ,1,1,1,1, , , ,1,1, , , , , , , ,1,1, , , , , , , , ,1,205, ,1, , , , , , , , , , , , ,1, ,1, ,1,1, ,1,1,1,1, ,1, , ,1,1, , ,1,1, ,1, 
"2019-05-30 05:44:33","2019-05-30 06:55:56",4283.0,0.00150217504986, , , , ,1,1, , , ,1, , , ,1, , ,1, , ,1, , , , ,1, , ,1,1,1, , , , ,1,1, ,1,1,1, , , ,1,1,1,1, , ,1, , , , , , , , , ,1, ,1, ,1,1,1,1, , , ,1,1, , , , , , , ,1,1, , , , , , , , ,1, , ,1, , , , , , , , , , , , ,1, ,1, ,1,1, ,1,1,1,1, ,1, , ,1,1, , ,1,1, ,1, 
"2019-05-30 06:55:56","2019-05-30 06:59:56",240.0,8.41751136978E-05, , , , ,1,1, , , ,1, , , ,1, , ,1, , ,1, , , , ,1, , ,1,1,1, , ,240, ,1,1, ,1,1,1, , , ,1,1,1,1, , ,1, , , , , , , , , ,1, ,1, ,1,1,1,1, , , ,1,1, , , , , , , ,1,1, , , , , , , , ,1, , ,1, , , , , , , , , , , , ,1, ,1, ,1,1, ,1,1,1,1, ,1, , ,1,1, , ,1,1, ,1, 
"2019-05-30 06:59:56","2019-05-30 09:45:33",9937.0,0.00348520043673, , , , ,1,1, , , ,1, , , ,1, , ,1, , ,1, , , , ,1, , ,1,1,1, , , , ,1,1, ,1,1,1, , , ,1,1,1,1, , ,1, , , , , , , , , ,1, ,1, ,1,1,1,1, , , ,1,1, , , , , , , ,1,1, , , , , , , , ,1, , ,1, , , , , , , , , , , , ,1, ,1, ,1,1, ,1,1,1,1, ,1, , ,1,1, , ,1,1, ,1, 
"2019-05-30 09:45:33","2019-05-30 09:48:33",180.0,6.31313352733E-05, , , , ,1,1, , , ,1, , , ,1, , ,1, , ,1, , , , ,1, , ,1,1,1, , , , ,1,1, ,1,1,1, , , ,1,1,1,1, , ,1, , , , , , , , , ,1, ,1, ,1,1,1,1, , , ,1,1, , , , , , , ,1,1, ,180, , , , , , ,1, , ,1, , , , , , , , , , , , ,1, ,1, ,1,1, ,1,1,1,1, ,1, , ,1,1, , ,1,1, ,1, 
"2019-05-30 09:48:33","2019-05-30 14:01:03",15150.0,0.00531355405217, , , , ,1,1, , , ,1, , , ,1, , ,1, , ,1, , , , ,1, , ,1,1,1, , , , ,1,1, ,1,1,1, , , ,1,1,1,1, , ,1, , , , , , , , , ,1, ,1, ,1,1,1,1, , , ,1,1, , , , , , , ,1,1, , , , , , , , ,1, , ,1, , , , , , , , , , , , ,1, ,1, ,1,1, ,1,1,1,1, ,1, , ,1,1, , ,1,1, ,1, 
"2019-05-30 14:01:03","2019-05-30 14:03:33",150.0,5.26094460611E-05, , , , ,1,1, , , ,1, , , ,1, , ,1, , ,1, , , , ,1, , ,1,1,1, , , , ,1,1, ,1,1,1, , , ,1,1,1,1, , ,1, , , , , , , , , ,1, ,1, ,1,1,1,1, , , ,1,1, , , , , , , ,1,1, , , , , , , , ,1,150, ,1, , , , , , , , , , , , ,1, ,1, ,1,1, ,1,1,1,1, ,1, , ,1,1, , ,1,1, ,1, 
"2019-05-30 14:03:33","2019-05-30 15:11:03",4050.0,0.00142045504365, , , , ,1,1, , , ,1, , , ,1, , ,1, , ,1, , , , ,1, , ,1,1,1, , , , ,1,1, ,1,1,1, , , ,1,1,1,1, , ,1, , , , , , , , , ,1, ,1, ,1,1,1,1, , , ,1,1, , , , , , , ,1,1, , , , , , , , ,1, , ,1, , , , , , , , , , , , ,1, ,1, ,1,1, ,1,1,1,1, ,1, , ,1,1, , ,1,1, ,1, 
"2019-05-30 15:11:03","2019-05-30 15:13:33",150.0,5.26094460611E-05, , , , ,1,1, , , ,1, , , ,1, , ,1, , ,1, , , , ,1, , ,1,1,1, , , , ,1,1, ,1,1,1, , , ,1,1,1,1, , ,1, , , , , , , , , ,1, ,1, ,1,1,1,1, , , ,1,1, , , , , , , ,1,1, , , , , , , , ,1,150, ,1, , , , , , , , , , , , ,1, ,1, ,1,1, ,1,1,1,1, ,1, , ,1,1, , ,1,1, ,1, 
"2019-05-30 15:13:33","2019-05-30 22:30:33",26220.0,0.00919613117148, , , , ,1,1, , , ,1, , , ,1, , ,1, , ,1, , , , ,1, , ,1,1,1, , , , ,1,1, ,1,1,1, , , ,1,1,1,1, , ,1, , , , , , , , , ,1, ,1, ,1,1,1,1, , , ,1,1, , , , , , , ,1,1, , , , , , , , ,1, , ,1, , , , , , , , , , , , ,1, ,1, ,1,1, ,1,1,1,1, ,1, , ,1,1, , ,1,1, ,1, 
"2019-05-30 22:30:33","2019-05-30 22:34:33",240.0,8.41751136978E-05, , , , ,1,1, , , ,1, , , ,1, , ,1, , ,1, , , , ,1, , ,1,1,1, , , , ,1,1, ,1,1,1, , , ,1,1,1,1, , ,1, , , , , , , , , ,1, ,1, ,1,1,1,1, , , ,1,1, , , , , , , ,1,1, ,270, , , , , , ,1,240, ,1, , , , , , , , , , , , ,1, ,1, ,1,1, ,1,1,1,1, ,1, , ,1,1, , ,1,1, ,1, 
"2019-05-30 22:34:33","2019-05-30 22:35:03",30.0,1.05218892122E-05, , , , ,1,1, , , ,1, , , ,1, , ,1, , ,1, , , , ,1, , ,1,1,1, , , , ,1,1, ,1,1,1, , , ,1,1,1,1, , ,1, , , , , , , , , ,1, ,1, ,1,1,1,1, , , ,1,1, , , , , , , ,1,1, ,270, , , , , , ,1, , ,1, , , , , , , , , , , , ,1, ,1, ,1,1, ,1,1,1,1, ,1, , ,1,1, , ,1,1, ,1, 
"2019-05-30 22:35:03","2019-05-30 23:59:59",5096.0,0.00178731824752, , , , ,1,1, , , ,1, , , ,1, , ,1, , ,1, , , , ,1, , ,1,1,1, , , , ,1,1, ,1,1,1, , , ,1,1,1,1, , ,1, , , , , , , , , ,1, ,1, ,1,1,1,1, , , ,1,1, , , , , , , ,1,1, , , , , , , , ,1, , ,1, , , , , , , , , , , , ,1, ,1, ,1,1, ,1,1,1,1, ,1, , ,1,1, , ,1,1, ,1, 
"2019-05-30 23:59:59","2019-05-31 00:00:00",1.0,3.50729640407E-07, , , , ,1,1, , , ,1, , , ,1, , ,1, , ,1, , , , ,1, , ,1,1,1, , , , ,1,1, ,1,1,1, , , ,1,1,1,1, , ,1, , , , , , , , , ,1, ,1, ,1,1,1,1, , , ,1,1, , , , , , , ,1,1, , , , , , , , , , , ,1, , , , , , , , , , , , ,1, ,1, ,1,1, ,1,1,1,1, ,1, , ,1,1, , ,1,1, ,1, 
"2019-05-31 00:00:00","2019-05-31 11:30:33",41433.0,0.014531781191, , , , ,1,1, , , ,1, , , ,1, , ,1, , ,1, , , , ,1, , ,1,1,1, , , , ,1,1, ,1,1,1, , , ,1,1,1,1, , ,1, , , , , , , , , ,1, ,1, ,1,1,1,1, , , ,1,1, , , , , , , ,1,1, , , , , , , , , , , ,1, , , , , , , , , , , , ,1, ,1, ,1,1, ,1,1,1,1, ,1, , ,1,1,1, ,1,1, ,1, 
"2019-05-31 11:30:33","2019-05-31 11:33:33",180.0,6.31313352733E-05, , , , ,1,1, , , ,1, , , ,1, , ,1, , ,1, , , , ,1, , ,1,1,1, , , , ,1,1, ,1,1,1, , , ,1,1,1,1, , ,1, , , , , , , , , ,1, ,1, ,1,1,1,1, , , ,1,1, , , , , , , ,1,1, , , , , , , , , ,180, ,1, , , , , , , , , , , , ,1, ,1, ,1,1, ,1,1,1,1, ,1, , ,1,1,1, ,1,1, ,1, 
"2019-05-31 11:33:33","2019-05-31 23:59:04",44731.0,0.0156884875451, , , , ,1,1, , , ,1, , , ,1, , ,1, , ,1, , , , ,1, , ,1,1,1, , , , ,1,1, ,1,1,1, , , ,1,1,1,1, , ,1, , , , , , , , , ,1, ,1, ,1,1,1,1, , , ,1,1, , , , , , , ,1,1, , , , , , , , , , , ,1, , , , , , , , , , , , ,1, ,1, ,1,1, ,1,1,1,1, ,1, , ,1,1,1, ,1,1, ,1, 
"2019-05-31 23:59:04","2019-05-31 23:59:59",55.0,1.92901302224E-05, , , , ,1,1, , , ,1, , , ,1, , ,1, , ,1, , , , ,1, , , ,1, , , , , , ,1, ,1,1,1, , , ,1,1,1,1, , ,1, , , , , , , , , ,1, , , ,1,1,1,1, , , ,1,1, , , , , , , ,1,1, , , , , , , , , , , ,1, , , , , , , , , , , , ,1, ,1, ,1,1, ,1,1,1,1, ,1, , ,1,1,1, ,1,1, ,1, 
"2019-05-31 23:59:59","2019-06-01 00:00:00",1.0,3.50729640407E-07, , , , ,1,1, , , ,1, , , , , , ,1, , ,1, , , , ,1, , , ,1, , , , , , ,1, , ,1,1, , , ,1,1,1,1, , , , , , , , , , , , ,1, , , ,1,1,1,1, , , ,1,1, , , , , , , ,1,1, , , , , , , , , , , ,1, , , , , , , , , , , , ,1, ,1, ,1,1, ,1,1,1,1, , , , ,1,1, , ,1,1, ,1, 
"2019-06-01 00:00:00","2019-06-01 23:59:59",86399.0,0.0303026902016, , , , ,1,1, , , ,1, , , , , , ,1,1, ,1, , , , ,1, , , ,1, , , , , , ,1, , ,1,1, , , ,1,1,1,1, , , , , , , , , , , , ,1, , , ,1,1,1,1, , , ,1,1, , , , , , , ,1,1, , , , , , , , , , , ,1, , , , , , , , , , , , ,1, ,1, ,1,1, ,1,1,1,1, , ,1, ,1,1, , ,1,1, ,1, 
