time_ini,time_end,duration_seg,duration_percent,OMCCL_nOK_0004,localidade_id_MSRPPPR_1749,chamados_MSRPPMT1,RPBNDxRPSGO_ativado,RPFGR_SColTempo_0001_delta_tempo,ref_2020_02_01,ref_Periodo,RPFDIxRPMPX_ativado,ref_2020_01_18,ref_2020_01_19,ref_2019_12_31,chamados_MSOMCGR,ref_2020_01_12,OMCCLxRPATJ_ativado,ref_2020_01_10,ref_2020_01_11,ref_2020_01_16,RPNAS_SColTempo_0002_delta_tempo,ref_2020_01_14,ref_2020_01_15,RPFSJ_SColTempo_0002_delta_tempo,RPAMB_nOK_0003,RPMPX_nOK_0003,RPMPX_nOK_0002,RPMRDxRPFGR_ativado,ref_2020_01_13,ref_2020_01_09,ref_2020_01_08,OMJRD_SColTempo_0001_delta_tempo,ref_2020_01_01,ref_2020_01_03,ref_2020_01_02,ref_2020_01_05,ref_2020_01_04,ref_2020_01_07,ref_2020_01_06,RPAMBxRPTCU_ativado,ref_2019_12,RPJRD_nOK_0002,chamados_MSRPPPR,RPNASxRPRBR_ativado,RPPPR_nOK_0002,localidade_id_MSRPPMT1_1749,RPPPR_nOK_0004,RPFSJxRPPMT_ativado,RPFSJ_nOK_0002,RPSGOxRPFMA_ativado,ref_2020_01_30,ref_2020_01_31,OMCARCxRPFSJ_ativado,localidade_id_MSOMCCL_1749,OMCGR_nOK_0001,OMJRDxRPJRD_ativado,OMCGRxRPCGR_ativado,RPPPRxOMCCL_ativado,RPFTBxRPFXS_ativado,OMJRD_SColTempo_0002_delta_tempo,RPDOUxOMDOU_ativado,RPMMAxOMCARC_ativado,RPMPXxRPMRD_ativado,RPTRNxRPFDI_ativado,RPNAS_SColTempo_0001_delta_tempo,RPFGRxRPFTB_ativado,ref_2020_01_23,chamados_MSRPCGR,ref_2020_01_21,ref_2020_01_20,ref_2020_01_27,RPPMT_SColTempo_0002_delta_tempo,ref_2020_01_25,Chamados_Desconto,ref_2020_01_29,ref_2020_01_28,OMBBR_SColTempo_0001_delta_tempo,RPAMOxRPAMB_ativado,RPPMT1xOMBBR_ativado,chamados_MSOMCCL,RPTCUxOMIGT_ativado,ref_2020_01_17,RPPPRxOMPPR_ativado,RPTCU_nOK_0001,OMMNOxOMGUA_ativado,RPNAS1xRPNAS_ativado,RPRBRxRPDOU_ativado,OMCGRxOMRCB_ativado,RPNVLxRPBND_ativado,RPMPXxRPSPE_ativado,RPCGRxRPNAS1_ativado,RPNOQxOMNOQ_ativado,RPFXS_SColTempo_0001_delta_tempo,RPMRD_SColTempo_0003_delta_tempo,RPFSJ_SColTempo_0001_delta_tempo,ref_2020_01_22,RPFMAxRPFSG_ativado,RPFSJxRPPMT1_ativado,ref_2020_01_26,ref_2020_01_24,RPRBR_nOK_0002,RPSPE_SColTempo_0001_delta_tempo,RPDOU_nOK_0001,RPAMO_nOK_0002,RPBND_nOK_0001,localidade_id_MSRPCGR_1749,OMDOUxRPPPR_ativado,RPAMBxOMAMB_ativado,OMIGTxOMMNO_ativado,RPFGR_SColTempo_0002_delta_tempo,RPFGR_nOK_0002,OMCGRxRPNVL_ativado,RPFSJ_nOK_0003,RPMMAxOMBLV_ativado,RPNVLxRPTRN_ativado,RPMRDxOMAQD_ativado,localidade_id_MSOMCGR_1749,RPSPE_SColTempo_0002_delta_tempo,RPJRDxRPMMA_ativado,RPNOQxOMJRD_ativado,RPPPRxRPAMO1_ativado,RPAMO1xRPAMO_ativado,RPATJxOMBLV_ativado,RPPMTxOMPMT_ativado,ref_2020_02,RPSPExRPNOQ_ativado,ref_2020_01
"2019-12-31 00:00:00","2019-12-31 01:34:03",5643.0,0.00197916736082, , , ,1, , ,1,1, , ,1, , ,1, , , , , , , , , , ,1, , , , , , , , , , , ,1,1, , ,1, , , ,1, ,1, , ,1, , ,1,1,1,1, ,1,1,1,1, ,1, , , , , , , , , , , ,1,1, ,1, ,1, ,1,1,1,1,1,1,1,1, , , , ,1,1, , , , , , , , ,1,1,1, , ,1, ,1,1,1, , ,1,1,1,1,1,1, ,1, 
"2019-12-31 01:34:03","2019-12-31 01:35:10",67.0,2.34988859073E-05, , , ,1, , ,1,1, , ,1, , ,1, , , ,251, , , , , , ,1, , , , , , , , , , , ,1,1, , ,1, , , ,1, ,1, , ,1, , ,1,1,1,1, ,1,1,1,1,251,1, , , , , , , , , , , ,1,1, ,1, ,1, ,1,1,1,1,1,1,1,1, , , , ,1,1, , , , , , , , ,1,1,1, , ,1, ,1,1,1, , ,1,1,1,1,1,1, ,1, 
"2019-12-31 01:35:10","2019-12-31 01:36:11",61.0,2.13945080649E-05, , , ,1, , ,1,1, , ,1, , ,1, , , ,251, , , , , , ,1, , , , , , , , , , , ,1,1, , ,1, , , ,1, ,1, , ,1, , ,1,1,1,1, ,1,1,1,1,251,1, , , , , , , , , , , ,1,1, ,1, ,1, ,1,1,1,1,1,1,1,1, , , , ,1,1, , ,1, , , , , ,1,1,1, , ,1, ,1,1,1, , ,1,1,1,1,1,1, ,1, 
"2019-12-31 01:36:11","2019-12-31 01:38:14",123.0,4.31397457701E-05, , , ,1, , ,1,1, , ,1, , ,1, , , ,251, , , , , , ,1, , , , , , , , , , , ,1,1, , ,1, , , ,1, ,1, , ,1, , ,1,1,1,1, ,1,1,1,1,251,1, , , , , , , , , , , ,1,1, ,1, ,1, ,1,1,1,1,1,1,1,1, , , , ,1,1, , , , , , , , ,1,1,1, , ,1, ,1,1,1, , ,1,1,1,1,1,1, ,1, 
"2019-12-31 01:38:14","2019-12-31 01:41:10",176.0,6.17284167117E-05, , , ,1, , ,1,1, , ,1, , ,1, , , , , , , , , , ,1, , , , , , , , , , , ,1,1, , ,1, , , ,1, ,1, , ,1, , ,1,1,1,1, ,1,1,1,1, ,1, , , , , , , , , , , ,1,1, ,1, ,1, ,1,1,1,1,1,1,1,1, , , , ,1,1, , , , , , , , ,1,1,1, , ,1, ,1,1,1, , ,1,1,1,1,1,1, ,1, 
"2019-12-31 01:41:10","2019-12-31 01:42:10",60.0,2.10437784244E-05, , , ,1, , ,1,1, , ,1, , ,1, , , , , , , , , , ,1, , , , , , , , , , , ,1,1, , ,1, , , ,1, ,1, , ,1, , ,1,1,1,1, ,1,1,1,1, ,1, , , , , , , , , , , ,1,1, ,1, ,1, ,1,1,1,1,1,1,1,1, , , , ,1,1, , ,1, , , , , ,1,1,1, , ,1, ,1,1,1, , ,1,1,1,1,1,1, ,1, 
"2019-12-31 01:42:10","2019-12-31 15:15:50",48820.0,0.0171226210447, , , ,1, , ,1,1, , ,1, , ,1, , , , , , , , , , ,1, , , , , , , , , , , ,1,1, , ,1, , , ,1, ,1, , ,1, , ,1,1,1,1, ,1,1,1,1, ,1, , , , , , , , , , , ,1,1, ,1, ,1, ,1,1,1,1,1,1,1,1, , , , ,1,1, , , , , , , , ,1,1,1, , ,1, ,1,1,1, , ,1,1,1,1,1,1, ,1, 
"2019-12-31 15:15:50","2019-12-31 15:16:50",60.0,2.10437784244E-05, , , ,1, , ,1,1, , ,1, , ,1, , , , , , , , ,1, ,1, , , , , , , , , , , ,1,1, , ,1, , , ,1, ,1, , ,1, , ,1,1,1,1, ,1,1,1,1, ,1, , , , , , , , , , , ,1,1, ,1, ,1, ,1,1,1,1,1,1,1,1, , , , ,1,1, , , , , , , , ,1,1,1, , ,1, ,1,1,1, , ,1,1,1,1,1,1, ,1, 
"2019-12-31 15:16:50","2019-12-31 17:14:50",7080.0,0.00248316585408, , , ,1, , ,1,1, , ,1, , ,1, , , , , , , , , , ,1, , , , , , , , , , , ,1,1, , ,1, , , ,1, ,1, , ,1, , ,1,1,1,1, ,1,1,1,1, ,1, , , , , , , , , , , ,1,1, ,1, ,1, ,1,1,1,1,1,1,1,1, , , , ,1,1, , , , , , , , ,1,1,1, , ,1, ,1,1,1, , ,1,1,1,1,1,1, ,1, 
"2019-12-31 17:14:50","2019-12-31 17:15:50",60.0,2.10437784244E-05, , , ,1, , ,1,1, , ,1, , ,1, , , , , , , , ,1, ,1, , , , , , , , , , , ,1,1, , ,1, , , ,1, ,1, , ,1, , ,1,1,1,1, ,1,1,1,1, ,1, , , , , , , , , , , ,1,1, ,1, ,1, ,1,1,1,1,1,1,1,1, , , , ,1,1, , , , , , , , ,1,1,1, , ,1, ,1,1,1, , ,1,1,1,1,1,1, ,1, 
"2019-12-31 17:15:50","2019-12-31 18:44:50",5340.0,0.00187289627978, , , ,1, , ,1,1, , ,1, , ,1, , , , , , , , , , ,1, , , , , , , , , , , ,1,1, , ,1, , , ,1, ,1, , ,1, , ,1,1,1,1, ,1,1,1,1, ,1, , , , , , , , , , , ,1,1, ,1, ,1, ,1,1,1,1,1,1,1,1, , , , ,1,1, , , , , , , , ,1,1,1, , ,1, ,1,1,1, , ,1,1,1,1,1,1, ,1, 
"2019-12-31 18:44:50","2019-12-31 18:46:50",120.0,4.20875568489E-05, , , ,1, , ,1,1, , ,1, , ,1, , , , , , , , ,1, ,1, , , , , , , , , , , ,1,1, , ,1, , , ,1, ,1, , ,1, , ,1,1,1,1, ,1,1,1,1, ,1, , , , , , , , , , , ,1,1, ,1, ,1, ,1,1,1,1,1,1,1,1, , , , ,1,1, , , , , , , , ,1,1,1, , ,1, ,1,1,1, , ,1,1,1,1,1,1, ,1, 
"2019-12-31 18:46:50","2019-12-31 20:12:50",5160.0,0.0018097649445, , , ,1, , ,1,1, , ,1, , ,1, , , , , , , , , , ,1, , , , , , , , , , , ,1,1, , ,1, , , ,1, ,1, , ,1, , ,1,1,1,1, ,1,1,1,1, ,1, , , , , , , , , , , ,1,1, ,1, ,1, ,1,1,1,1,1,1,1,1, , , , ,1,1, , , , , , , , ,1,1,1, , ,1, ,1,1,1, , ,1,1,1,1,1,1, ,1, 
"2019-12-31 20:12:50","2019-12-31 20:13:50",60.0,2.10437784244E-05, , , ,1, , ,1,1, , ,1, , ,1, , , , , , , , ,1, ,1, , , , , , , , , , , ,1,1, , ,1, , , ,1, ,1, , ,1, , ,1,1,1,1, ,1,1,1,1, ,1, , , , , , , , , , , ,1,1, ,1, ,1, ,1,1,1,1,1,1,1,1, , , , ,1,1, , , , , , , , ,1,1,1, , ,1, ,1,1,1, , ,1,1,1,1,1,1, ,1, 
"2019-12-31 20:13:50","2019-12-31 23:59:59",13569.0,0.00475905049069, , , ,1, , ,1,1, , ,1, , ,1, , , , , , , , , , ,1, , , , , , , , , , , ,1,1, , ,1, , , ,1, ,1, , ,1, , ,1,1,1,1, ,1,1,1,1, ,1, , , , , , , , , , , ,1,1, ,1, ,1, ,1,1,1,1,1,1,1,1, , , , ,1,1, , , , , , , , ,1,1,1, , ,1, ,1,1,1, , ,1,1,1,1,1,1, ,1, 
"2019-12-31 23:59:59","2020-01-01 00:00:00",1.0,3.50729640407E-07, , , ,1, , ,1,1, , , , , ,1, , , , , , , , , , ,1, , , , , , , , , , , ,1, , , ,1, , , ,1, ,1, , ,1, , ,1,1,1,1, ,1,1,1,1, ,1, , , , , , , , , , , ,1,1, ,1, ,1, ,1,1,1,1,1,1,1,1, , , , ,1,1, , , , , , , , ,1,1,1, , ,1, ,1,1,1, , ,1,1,1,1,1,1, ,1, 
"2020-01-01 00:00:00","2020-01-01 00:09:48",588.0,0.00020622902856, , , ,1, , ,1,1, , , , , ,1, , , , , , , , , , ,1, , , , ,1, , , , , , ,1, , , ,1, , , ,1, ,1, , ,1, , ,1,1,1,1, ,1,1,1,1, ,1, , , , , , , , , , , ,1,1, ,1, ,1, ,1,1,1,1,1,1,1,1, , , , ,1,1, , , , , , , , ,1,1,1, , ,1, ,1,1,1, , ,1,1,1,1,1,1, ,1,1
"2020-01-01 00:09:48","2020-01-01 00:35:47",1559.0,0.000546787509395, ,1, ,1, , ,1,1, , , ,1, ,1, , , , , , , , , , ,1, , , , ,1, , , , , , ,1, , ,1,1, , , ,1, ,1, , ,1,1, ,1,1,1,1, ,1,1,1,1, ,1, ,1, , , , , ,1, , , ,1,1,1,1, ,1, ,1,1,1,1,1,1,1,1, , , , ,1,1, , , , , , , ,1,1,1,1, , ,1, ,1,1,1,1, ,1,1,1,1,1,1, ,1,1
"2020-01-01 00:35:47","2020-01-01 00:36:47",60.0,2.10437784244E-05, ,1, ,1, , ,1,1, , , ,1, ,1, , , , , , , , , , ,1, , , , ,1, , , , , , ,1, , ,1,1, , , ,1, ,1, , ,1,1, ,1,1,1,1, ,1,1,1,1, ,1, ,1, , , , , ,1, , , ,1,1,1,1, ,1, ,1,1,1,1,1,1,1,1, , , , ,1,1, , , , , , ,1,1,1,1,1, , ,1, ,1,1,1,1, ,1,1,1,1,1,1, ,1,1
"2020-01-01 00:36:47","2020-01-01 00:47:50",663.0,0.00023253375159, ,1, ,1, , ,1,1, , , ,1, ,1, , , , , , , , , , ,1, , , , ,1, , , , , , ,1, , ,1,1, , , ,1, ,1, , ,1,1, ,1,1,1,1, ,1,1,1,1, ,1, ,1, , , , , ,1, , , ,1,1,1,1, ,1, ,1,1,1,1,1,1,1,1, , , , ,1,1, , , , , , , ,1,1,1,1, , ,1, ,1,1,1,1, ,1,1,1,1,1,1, ,1,1
"2020-01-01 00:47:50","2020-01-01 00:48:50",60.0,2.10437784244E-05, ,1, ,1, , ,1,1, , , ,1, ,1, , , , , , , , ,1, ,1, , , , ,1, , , , , , ,1, , ,1,1, , , ,1, ,1, , ,1,1, ,1,1,1,1, ,1,1,1,1, ,1, ,1, , , , , ,1, , , ,1,1,1,1, ,1, ,1,1,1,1,1,1,1,1, , , , ,1,1, , , , , , , ,1,1,1,1, , ,1, ,1,1,1,1, ,1,1,1,1,1,1, ,1,1
"2020-01-01 00:48:50","2020-01-01 01:30:50",2520.0,0.000883838693827, ,1, ,1, , ,1,1, , , ,1, ,1, , , , , , , , , , ,1, , , , ,1, , , , , , ,1, , ,1,1, , , ,1, ,1, , ,1,1, ,1,1,1,1, ,1,1,1,1, ,1, ,1, , , , , ,1, , , ,1,1,1,1, ,1, ,1,1,1,1,1,1,1,1, , , , ,1,1, , , , , , , ,1,1,1,1, , ,1, ,1,1,1,1, ,1,1,1,1,1,1, ,1,1
"2020-01-01 01:30:50","2020-01-01 01:31:50",60.0,2.10437784244E-05, ,1, ,1, , ,1,1, , , ,1, ,1, , , , , , , , ,1, ,1, , , , ,1, , , , , , ,1, , ,1,1, , , ,1, ,1, , ,1,1, ,1,1,1,1, ,1,1,1,1, ,1, ,1, , , , , ,1, , , ,1,1,1,1, ,1, ,1,1,1,1,1,1,1,1, , , , ,1,1, , , , , , , ,1,1,1,1, , ,1, ,1,1,1,1, ,1,1,1,1,1,1, ,1,1
"2020-01-01 01:31:50","2020-01-01 02:46:47",4497.0,0.00157723119291, ,1, ,1, , ,1,1, , , ,1, ,1, , , , , , , , , , ,1, , , , ,1, , , , , , ,1, , ,1,1, , , ,1, ,1, , ,1,1, ,1,1,1,1, ,1,1,1,1, ,1, ,1, , , , , ,1, , , ,1,1,1,1, ,1, ,1,1,1,1,1,1,1,1, , , , ,1,1, , , , , , , ,1,1,1,1, , ,1, ,1,1,1,1, ,1,1,1,1,1,1, ,1,1
"2020-01-01 02:46:47","2020-01-01 02:48:48",121.0,4.24382864893E-05, ,1, ,1, , ,1,1, , , ,1, ,1, , , , , , , , , , ,1, , , , ,1, , , , , , ,1, , ,1,1, , , ,1, ,1, , ,1,1, ,1,1,1,1, ,1,1,1,1, ,1, ,1, , , , , ,1, , , ,1,1,1,1, ,1, ,1,1,1,1,1,1,1,1, , , , ,1,1, , , , , , ,1,1,1,1,1, , ,1, ,1,1,1,1, ,1,1,1,1,1,1, ,1,1
"2020-01-01 02:48:48","2020-01-01 03:54:50",3962.0,0.00138959083529, ,1, ,1, , ,1,1, , , ,1, ,1, , , , , , , , , , ,1, , , , ,1, , , , , , ,1, , ,1,1, , , ,1, ,1, , ,1,1, ,1,1,1,1, ,1,1,1,1, ,1, ,1, , , , , ,1, , , ,1,1,1,1, ,1, ,1,1,1,1,1,1,1,1, , , , ,1,1, , , , , , , ,1,1,1,1, , ,1, ,1,1,1,1, ,1,1,1,1,1,1, ,1,1
"2020-01-01 03:54:50","2020-01-01 03:55:50",60.0,2.10437784244E-05, ,1, ,1, , ,1,1, , , ,1, ,1, , , , , , , , ,1, ,1, , , , ,1, , , , , , ,1, , ,1,1, , , ,1, ,1, , ,1,1, ,1,1,1,1, ,1,1,1,1, ,1, ,1, , , , , ,1, , , ,1,1,1,1, ,1, ,1,1,1,1,1,1,1,1, , , , ,1,1, , , , , , , ,1,1,1,1, , ,1, ,1,1,1,1, ,1,1,1,1,1,1, ,1,1
"2020-01-01 03:55:50","2020-01-01 04:01:33",343.0,0.00012030026666, ,1, ,1, , ,1,1, , , ,1, ,1, , , , , , , , , , ,1, , , , ,1, , , , , , ,1, , ,1,1, , , ,1, ,1, , ,1,1, ,1,1,1,1, ,1,1,1,1, ,1, ,1, , , , , ,1, , , ,1,1,1,1, ,1, ,1,1,1,1,1,1,1,1, , , , ,1,1, , , , , , , ,1,1,1,1, , ,1, ,1,1,1,1, ,1,1,1,1,1,1, ,1,1
"2020-01-01 04:01:33","2020-01-01 04:01:41",8.0,2.80583712326E-06, ,1, ,1, , ,1,1, , , ,1, ,1, , , , , , , , , , ,1, , , , ,1, , , , , , ,1, , ,1,1, , , ,1, ,1, , ,1,1, ,1,1,1,1, ,1,1,1,1, ,1, ,1, , , , , ,1, , , ,1,1,1,1, ,1, ,1,1,1,1,1,1,1,1, ,220, , ,1,1, , , , , , , ,1,1,1,1, , ,1, ,1,1,1,1, ,1,1,1,1,1,1, ,1,1
"2020-01-01 04:01:41","2020-01-01 04:01:51",10.0,3.50729640407E-06, ,1, ,1,237, ,1,1, , , ,1, ,1, , , , , , , , , , ,1, , , , ,1, , , , , , ,1, , ,1,1, , , ,1, ,1, , ,1,1, ,1,1,1,1, ,1,1,1,1, ,1, ,1, , , , , ,1, , , ,1,1,1,1, ,1, ,1,1,1,1,1,1,1,1, ,220, , ,1,1, , , , , , , ,1,1,1,1,237, ,1, ,1,1,1,1, ,1,1,1,1,1,1, ,1,1
"2020-01-01 04:01:51","2020-01-01 04:03:50",119.0,4.17368272085E-05, ,1, ,1,237, ,1,1, , , ,1, ,1, , , , , , , , ,1, ,1, , , , ,1, , , , , , ,1, , ,1,1, , , ,1, ,1, , ,1,1, ,1,1,1,1, ,1,1,1,1, ,1, ,1, , , , , ,1, , , ,1,1,1,1, ,1, ,1,1,1,1,1,1,1,1, ,220, , ,1,1, , , , , , , ,1,1,1,1,237, ,1, ,1,1,1,1, ,1,1,1,1,1,1, ,1,1
"2020-01-01 04:03:50","2020-01-01 04:05:13",83.0,2.91105601538E-05, ,1, ,1,237, ,1,1, , , ,1, ,1, , , , , , , , , , ,1, , , , ,1, , , , , , ,1, , ,1,1, , , ,1, ,1, , ,1,1, ,1,1,1,1, ,1,1,1,1, ,1, ,1, , , , , ,1, , , ,1,1,1,1, ,1, ,1,1,1,1,1,1,1,1, ,220, , ,1,1, , , , , , , ,1,1,1,1,237, ,1, ,1,1,1,1, ,1,1,1,1,1,1, ,1,1
"2020-01-01 04:05:13","2020-01-01 04:05:38",25.0,8.76824101019E-06, ,1, ,1,237, ,1,1, , , ,1, ,1, , , , , , , , , , ,1, , , , ,1, , , , , , ,1, , ,1,1, , , ,1, ,1, , ,1,1, ,1,1,1,1, ,1,1,1,1, ,1, ,1, , , , , ,1, , , ,1,1,1,1, ,1, ,1,1,1,1,1,1,1,1, , , , ,1,1, , , , , , , ,1,1,1,1,237, ,1, ,1,1,1,1, ,1,1,1,1,1,1, ,1,1
"2020-01-01 04:05:38","2020-01-01 05:28:50",4992.0,0.00175084236491, ,1, ,1, , ,1,1, , , ,1, ,1, , , , , , , , , , ,1, , , , ,1, , , , , , ,1, , ,1,1, , , ,1, ,1, , ,1,1, ,1,1,1,1, ,1,1,1,1, ,1, ,1, , , , , ,1, , , ,1,1,1,1, ,1, ,1,1,1,1,1,1,1,1, , , , ,1,1, , , , , , , ,1,1,1,1, , ,1, ,1,1,1,1, ,1,1,1,1,1,1, ,1,1
"2020-01-01 05:28:50","2020-01-01 05:29:50",60.0,2.10437784244E-05, ,1, ,1, , ,1,1, , , ,1, ,1, , , , , , , , ,1, ,1, , , , ,1, , , , , , ,1, , ,1,1, , , ,1, ,1, , ,1,1, ,1,1,1,1, ,1,1,1,1, ,1, ,1, , , , , ,1, , , ,1,1,1,1, ,1, ,1,1,1,1,1,1,1,1, , , , ,1,1, , , , , , , ,1,1,1,1, , ,1, ,1,1,1,1, ,1,1,1,1,1,1, ,1,1
"2020-01-01 05:29:50","2020-01-01 06:01:50",1920.0,0.000673400909582, ,1, ,1, , ,1,1, , , ,1, ,1, , , , , , , , , , ,1, , , , ,1, , , , , , ,1, , ,1,1, , , ,1, ,1, , ,1,1, ,1,1,1,1, ,1,1,1,1, ,1, ,1, , , , , ,1, , , ,1,1,1,1, ,1, ,1,1,1,1,1,1,1,1, , , , ,1,1, , , , , , , ,1,1,1,1, , ,1, ,1,1,1,1, ,1,1,1,1,1,1, ,1,1
"2020-01-01 06:01:50","2020-01-01 06:02:50",60.0,2.10437784244E-05, ,1, ,1, , ,1,1, , , ,1, ,1, , , , , , , , ,1, ,1, , , , ,1, , , , , , ,1, , ,1,1, , , ,1, ,1, , ,1,1, ,1,1,1,1, ,1,1,1,1, ,1, ,1, , , , , ,1, , , ,1,1,1,1, ,1, ,1,1,1,1,1,1,1,1, , , , ,1,1, , , , , , , ,1,1,1,1, , ,1, ,1,1,1,1, ,1,1,1,1,1,1, ,1,1
"2020-01-01 06:02:50","2020-01-01 06:05:41",171.0,5.99747685097E-05, ,1, ,1, , ,1,1, , , ,1, ,1, , , , , , , , , , ,1, , , , ,1, , , , , , ,1, , ,1,1, , , ,1, ,1, , ,1,1, ,1,1,1,1, ,1,1,1,1, ,1, ,1, , , , , ,1, , , ,1,1,1,1, ,1, ,1,1,1,1,1,1,1,1, , , , ,1,1, , , , , , , ,1,1,1,1, , ,1, ,1,1,1,1, ,1,1,1,1,1,1, ,1,1
"2020-01-01 06:05:41","2020-01-01 06:05:50",9.0,3.15656676367E-06, ,1, ,1,183, ,1,1, , , ,1, ,1, , , , , , , , , , ,1, , , , ,1, , , , , , ,1, , ,1,1, , , ,1, ,1, , ,1,1, ,1,1,1,1, ,1,1,1,1, ,1, ,1, , , , , ,1, , , ,1,1,1,1, ,1, ,1,1,1,1,1,1,1,1, , , , ,1,1, , , , , , , ,1,1,1,1,183, ,1, ,1,1,1,1, ,1,1,1,1,1,1, ,1,1
"2020-01-01 06:05:50","2020-01-01 06:06:50",60.0,2.10437784244E-05, ,1, ,1,183, ,1,1, , , ,1, ,1, , , , , , , , ,1, ,1, , , , ,1, , , , , , ,1, , ,1,1, , , ,1, ,1, , ,1,1, ,1,1,1,1, ,1,1,1,1, ,1, ,1, , , , , ,1, , , ,1,1,1,1, ,1, ,1,1,1,1,1,1,1,1, , , , ,1,1, , , , , , , ,1,1,1,1,183, ,1, ,1,1,1,1, ,1,1,1,1,1,1, ,1,1
"2020-01-01 06:06:50","2020-01-01 06:07:50",60.0,2.10437784244E-05, ,1, ,1,183, ,1,1, , , ,1, ,1, , , , , , , , , , ,1, , , , ,1, , , , , , ,1, , ,1,1, , , ,1, ,1, , ,1,1, ,1,1,1,1, ,1,1,1,1, ,1, ,1, , , , , ,1, , , ,1,1,1,1, ,1, ,1,1,1,1,1,1,1,1, , , , ,1,1, , , , , , , ,1,1,1,1,183, ,1, ,1,1,1,1, ,1,1,1,1,1,1, ,1,1
"2020-01-01 06:07:50","2020-01-01 06:08:44",54.0,1.8939400582E-05, ,1, ,1,183, ,1,1, , , ,1, ,1, , , , , , , , ,1, ,1, , , , ,1, , , , , , ,1, , ,1,1, , , ,1, ,1, , ,1,1, ,1,1,1,1, ,1,1,1,1, ,1, ,1, , , , , ,1, , , ,1,1,1,1, ,1, ,1,1,1,1,1,1,1,1, , , , ,1,1, , , , , , , ,1,1,1,1,183, ,1, ,1,1,1,1, ,1,1,1,1,1,1, ,1,1
"2020-01-01 06:08:44","2020-01-01 06:08:50",6.0,2.10437784244E-06, ,1, ,1, , ,1,1, , , ,1, ,1, , , , , , , , ,1, ,1, , , , ,1, , , , , , ,1, , ,1,1, , , ,1, ,1, , ,1,1, ,1,1,1,1, ,1,1,1,1, ,1, ,1, , , , , ,1, , , ,1,1,1,1, ,1, ,1,1,1,1,1,1,1,1, , , , ,1,1, , , , , , , ,1,1,1,1, , ,1, ,1,1,1,1, ,1,1,1,1,1,1, ,1,1
"2020-01-01 06:08:50","2020-01-01 06:20:50",720.0,0.000252525341093, ,1, ,1, , ,1,1, , , ,1, ,1, , , , , , , , , , ,1, , , , ,1, , , , , , ,1, , ,1,1, , , ,1, ,1, , ,1,1, ,1,1,1,1, ,1,1,1,1, ,1, ,1, , , , , ,1, , , ,1,1,1,1, ,1, ,1,1,1,1,1,1,1,1, , , , ,1,1, , , , , , , ,1,1,1,1, , ,1, ,1,1,1,1, ,1,1,1,1,1,1, ,1,1
"2020-01-01 06:20:50","2020-01-01 06:21:50",60.0,2.10437784244E-05, ,1, ,1, , ,1,1, , , ,1, ,1, , , , , , , , ,1, ,1, , , , ,1, , , , , , ,1, , ,1,1, , , ,1, ,1, , ,1,1, ,1,1,1,1, ,1,1,1,1, ,1, ,1, , , , , ,1, , , ,1,1,1,1, ,1, ,1,1,1,1,1,1,1,1, , , , ,1,1, , , , , , , ,1,1,1,1, , ,1, ,1,1,1,1, ,1,1,1,1,1,1, ,1,1
"2020-01-01 06:21:50","2020-01-01 06:54:38",1968.0,0.000690235932322, ,1, ,1, , ,1,1, , , ,1, ,1, , , , , , , , , , ,1, , , , ,1, , , , , , ,1, , ,1,1, , , ,1, ,1, , ,1,1, ,1,1,1,1, ,1,1,1,1, ,1, ,1, , , , , ,1, , , ,1,1,1,1, ,1, ,1,1,1,1,1,1,1,1, , , , ,1,1, , , , , , , ,1,1,1,1, , ,1, ,1,1,1,1, ,1,1,1,1,1,1, ,1,1
"2020-01-01 06:54:38","2020-01-01 06:55:50",72.0,2.52525341093E-05, ,1, ,1,180, ,1,1, , , ,1, ,1, , , , , , , , , , ,1, , , , ,1, , , , , , ,1, , ,1,1, , , ,1, ,1, , ,1,1, ,1,1,1,1, ,1,1,1,1, ,1, ,1, , , , , ,1, , , ,1,1,1,1, ,1, ,1,1,1,1,1,1,1,1, , , , ,1,1, , , , , , , ,1,1,1,1,180, ,1, ,1,1,1,1, ,1,1,1,1,1,1, ,1,1
"2020-01-01 06:55:50","2020-01-01 06:57:38",108.0,3.7878801164E-05, ,1, ,1,180, ,1,1, , , ,1, ,1, , , , , , , , ,1, ,1, , , , ,1, , , , , , ,1, , ,1,1, , , ,1, ,1, , ,1,1, ,1,1,1,1, ,1,1,1,1, ,1, ,1, , , , , ,1, , , ,1,1,1,1, ,1, ,1,1,1,1,1,1,1,1, , , , ,1,1, , , , , , , ,1,1,1,1,180, ,1, ,1,1,1,1, ,1,1,1,1,1,1, ,1,1
"2020-01-01 06:57:38","2020-01-01 06:57:50",12.0,4.20875568489E-06, ,1, ,1, , ,1,1, , , ,1, ,1, , , , , , , , ,1, ,1, , , , ,1, , , , , , ,1, , ,1,1, , , ,1, ,1, , ,1,1, ,1,1,1,1, ,1,1,1,1, ,1, ,1, , , , , ,1, , , ,1,1,1,1, ,1, ,1,1,1,1,1,1,1,1, , , , ,1,1, , , , , , , ,1,1,1,1, , ,1, ,1,1,1,1, ,1,1,1,1,1,1, ,1,1
"2020-01-01 06:57:50","2020-01-01 07:39:33",2503.0,0.00087787628994, ,1, ,1, , ,1,1, , , ,1, ,1, , , , , , , , , , ,1, , , , ,1, , , , , , ,1, , ,1,1, , , ,1, ,1, , ,1,1, ,1,1,1,1, ,1,1,1,1, ,1, ,1, , , , , ,1, , , ,1,1,1,1, ,1, ,1,1,1,1,1,1,1,1, , , , ,1,1, , , , , , , ,1,1,1,1, , ,1, ,1,1,1,1, ,1,1,1,1,1,1, ,1,1
"2020-01-01 07:39:33","2020-01-01 07:39:50",17.0,5.96240388693E-06, ,1, ,1, , ,1,1, , , ,1, ,1, , , , , , , , , , ,1, , , , ,1, , , , , , ,1, , ,1,1, , , ,1, ,1, , ,1,1, ,1,1,1,1, ,1,1,1,1, ,1, ,1, , , , , ,1, , , ,1,1,1,1, ,1, ,1,1,1,1,1,1,1,1, ,160, , ,1,1, , , , , , , ,1,1,1,1, , ,1, ,1,1,1,1, ,1,1,1,1,1,1, ,1,1
"2020-01-01 07:39:50","2020-01-01 07:40:50",60.0,2.10437784244E-05, ,1, ,1, , ,1,1, , , ,1, ,1, , , , , , , , ,1, ,1, , , , ,1, , , , , , ,1, , ,1,1, , , ,1, ,1, , ,1,1, ,1,1,1,1, ,1,1,1,1, ,1, ,1, , , , , ,1, , , ,1,1,1,1, ,1, ,1,1,1,1,1,1,1,1, ,160, , ,1,1, , , , , , , ,1,1,1,1, , ,1, ,1,1,1,1, ,1,1,1,1,1,1, ,1,1
"2020-01-01 07:40:50","2020-01-01 07:42:13",83.0,2.91105601538E-05, ,1, ,1, , ,1,1, , , ,1, ,1, , , , , , , , , , ,1, , , , ,1, , , , , , ,1, , ,1,1, , , ,1, ,1, , ,1,1, ,1,1,1,1, ,1,1,1,1, ,1, ,1, , , , , ,1, , , ,1,1,1,1, ,1, ,1,1,1,1,1,1,1,1, ,160, , ,1,1, , , , , , , ,1,1,1,1, , ,1, ,1,1,1,1, ,1,1,1,1,1,1, ,1,1
"2020-01-01 07:42:13","2020-01-01 23:59:59",58666.0,0.0205759050841, ,1, ,1, , ,1,1, , , ,1, ,1, , , , , , , , , , ,1, , , , ,1, , , , , , ,1, , ,1,1, , , ,1, ,1, , ,1,1, ,1,1,1,1, ,1,1,1,1, ,1, ,1, , , , , ,1, , , ,1,1,1,1, ,1, ,1,1,1,1,1,1,1,1, , , , ,1,1, , , , , , , ,1,1,1,1, , ,1, ,1,1,1,1, ,1,1,1,1,1,1, ,1,1
"2020-01-01 23:59:59","2020-01-02 00:00:00",1.0,3.50729640407E-07, ,1, ,1, , ,1,1, , , ,1, ,1, , , , , , , , , , ,1, , , , , , , , , , , ,1, , ,1,1, , , ,1, ,1, , ,1,1, ,1,1,1,1, ,1,1,1,1, ,1, ,1, , , , , ,1, , , ,1,1,1,1, ,1, ,1,1,1,1,1,1,1,1, , , , ,1,1, , , , , , , ,1,1,1,1, , ,1, ,1,1,1,1, ,1,1,1,1,1,1, ,1,1
"2020-01-02 00:00:00","2020-01-02 05:28:38",19718.0,0.00691568704955, ,1, ,1, , ,1,1, , , ,1, ,1, , , , , , , , , , ,1, , , , , , ,1, , , , ,1, , ,1,1, , , ,1, ,1, , ,1,1, ,1,1,1,1, ,1,1,1,1, ,1, ,1, , , , , ,1, , , ,1,1,1,1, ,1, ,1,1,1,1,1,1,1,1, , , , ,1,1, , , , , , , ,1,1,1,1, , ,1, ,1,1,1,1, ,1,1,1,1,1,1, ,1,1
"2020-01-02 05:28:38","2020-01-02 05:29:39",61.0,2.13945080649E-05, ,1, ,1, , ,1,1, , , ,1, ,1, , , , , , , , , , ,1, , , , , , ,1, , , , ,1, , ,1,1, , , ,1, ,1, , ,1,1, ,1,1,1,1, ,1,1,1,1, ,1, ,1, , , , , ,1, , , ,1,1,1,1, ,1, ,1,1,1,1,1,1,1,1, , , , ,1,1, , , , , , , ,1,1,1,1, ,1,1, ,1,1,1,1, ,1,1,1,1,1,1, ,1,1
"2020-01-02 05:29:39","2020-01-02 23:59:59",66620.0,0.0233656086439, ,1, ,1, , ,1,1, , , ,1, ,1, , , , , , , , , , ,1, , , , , , ,1, , , , ,1, , ,1,1, , , ,1, ,1, , ,1,1, ,1,1,1,1, ,1,1,1,1, ,1, ,1, , , , , ,1, , , ,1,1,1,1, ,1, ,1,1,1,1,1,1,1,1, , , , ,1,1, , , , , , , ,1,1,1,1, , ,1, ,1,1,1,1, ,1,1,1,1,1,1, ,1,1
"2020-01-02 23:59:59","2020-01-03 00:00:00",1.0,3.50729640407E-07, ,1, ,1, , ,1,1, , , ,1, ,1, , , , , , , , , , ,1, , , , , , , , , , , ,1, , ,1,1, , , ,1, ,1, , ,1,1, ,1,1,1,1, ,1,1,1,1, ,1, ,1, , , , , ,1, , , ,1,1,1,1, ,1, ,1,1,1,1,1,1,1,1, , , , ,1,1, , , , , , , ,1,1,1,1, , ,1, ,1,1,1,1, ,1,1,1,1,1,1, ,1,1
"2020-01-03 00:00:00","2020-01-03 23:59:59",86399.0,0.0303026902016, ,1, ,1, , ,1,1, , , ,1, ,1, , , , , , , , , , ,1, , , , , ,1, , , , , ,1, , ,1,1, , , ,1, ,1, , ,1,1, ,1,1,1,1, ,1,1,1,1, ,1, ,1, , , , , ,1, , , ,1,1,1,1, ,1, ,1,1,1,1,1,1,1,1, , , , ,1,1, , , , , , , ,1,1,1,1, , ,1, ,1,1,1,1, ,1,1,1,1,1,1, ,1,1
"2020-01-03 23:59:59","2020-01-04 00:00:00",1.0,3.50729640407E-07, ,1, ,1, , ,1,1, , , ,1, ,1, , , , , , , , , , ,1, , , , , , , , , , , ,1, , ,1,1, , , ,1, ,1, , ,1,1, ,1,1,1,1, ,1,1,1,1, ,1, ,1, , , , , ,1, , , ,1,1,1,1, ,1, ,1,1,1,1,1,1,1,1, , , , ,1,1, , , , , , , ,1,1,1,1, , ,1, ,1,1,1,1, ,1,1,1,1,1,1, ,1,1
"2020-01-04 00:00:00","2020-01-04 23:59:59",86399.0,0.0303026902016, ,1, ,1, , ,1,1, , , ,1, ,1, , , , , , , , , , ,1, , , , , , , , ,1, , ,1, , ,1,1, , , ,1, ,1, , ,1,1, ,1,1,1,1, ,1,1,1,1, ,1, ,1, , , , , ,1, , , ,1,1,1,1, ,1, ,1,1,1,1,1,1,1,1, , , , ,1,1, , , , , , , ,1,1,1,1, , ,1, ,1,1,1,1, ,1,1,1,1,1,1, ,1,1
"2020-01-04 23:59:59","2020-01-05 00:00:00",1.0,3.50729640407E-07, ,1, ,1, , ,1,1, , , ,1, ,1, , , , , , , , , , ,1, , , , , , , , , , , ,1, , ,1,1, , , ,1, ,1, , ,1,1, ,1,1,1,1, ,1,1,1,1, ,1, ,1, , , , , ,1, , , ,1,1,1,1, ,1, ,1,1,1,1,1,1,1,1, , , , ,1,1, , , , , , , ,1,1,1,1, , ,1, ,1,1,1,1, ,1,1,1,1,1,1, ,1,1
"2020-01-05 00:00:00","2020-01-05 23:59:59",86399.0,0.0303026902016, ,1, ,1, , ,1,1, , , ,1, ,1, , , , , , , , , , ,1, , , , , , , ,1, , , ,1, , ,1,1, , , ,1, ,1, , ,1,1, ,1,1,1,1, ,1,1,1,1, ,1, ,1, , , , , ,1, , , ,1,1,1,1, ,1, ,1,1,1,1,1,1,1,1, , , , ,1,1, , , , , , , ,1,1,1,1, , ,1, ,1,1,1,1, ,1,1,1,1,1,1, ,1,1
"2020-01-05 23:59:59","2020-01-06 00:00:00",1.0,3.50729640407E-07, ,1, ,1, , ,1,1, , , ,1, ,1, , , , , , , , , , ,1, , , , , , , , , , , ,1, , ,1,1, , , ,1, ,1, , ,1,1, ,1,1,1,1, ,1,1,1,1, ,1, ,1, , , , , ,1, , , ,1,1,1,1, ,1, ,1,1,1,1,1,1,1,1, , , , ,1,1, , , , , , , ,1,1,1,1, , ,1, ,1,1,1,1, ,1,1,1,1,1,1, ,1,1
"2020-01-06 00:00:00","2020-01-06 01:31:05",5465.0,0.00191673748483, ,1, ,1, , ,1,1, , , ,1, ,1, , , , , , , , , , ,1, , , , , , , , , , ,1,1, , ,1,1, , , ,1, ,1, , ,1,1, ,1,1,1,1, ,1,1,1,1, ,1, ,1, , , , , ,1, , , ,1,1,1,1, ,1, ,1,1,1,1,1,1,1,1, , , , ,1,1, , , , , , , ,1,1,1,1, , ,1, ,1,1,1,1, ,1,1,1,1,1,1, ,1,1
"2020-01-06 01:31:05","2020-01-06 01:32:05",60.0,2.10437784244E-05,1,1, ,1, , ,1,1, , , ,1, ,1, , , , , , , , , , ,1, , , , , , , , , , ,1,1, , ,1,1, , , ,1, ,1, , ,1,1, ,1,1,1,1, ,1,1,1,1, ,1, ,1, , , , , ,1, , , ,1,1,1,1, ,1, ,1,1,1,1,1,1,1,1, , , , ,1,1, , , , , , , ,1,1,1,1, , ,1, ,1,1,1,1, ,1,1,1,1,1,1, ,1,1
"2020-01-06 01:32:05","2020-01-06 17:10:46",56321.0,0.0197534440774, ,1, ,1, , ,1,1, , , ,1, ,1, , , , , , , , , , ,1, , , , , , , , , , ,1,1, , ,1,1, , , ,1, ,1, , ,1,1, ,1,1,1,1, ,1,1,1,1, ,1, ,1, , , , , ,1, , , ,1,1,1,1, ,1, ,1,1,1,1,1,1,1,1, , , , ,1,1, , , , , , , ,1,1,1,1, , ,1, ,1,1,1,1, ,1,1,1,1,1,1, ,1,1
"2020-01-06 17:10:46","2020-01-06 17:12:46",120.0,4.20875568489E-05, ,1, ,1, , ,1,1, , , ,1, ,1, , , , , , , , , , ,1, , , , , , , , , , ,1,1, , ,1,1, , , ,1, ,1, , ,1,1,1,1,1,1,1, ,1,1,1,1, ,1, ,1, , , , , ,1, , , ,1,1,1,1, ,1, ,1,1,1,1,1,1,1,1, , , , ,1,1, , , , , , , ,1,1,1,1, , ,1, ,1,1,1,1, ,1,1,1,1,1,1, ,1,1
"2020-01-06 17:12:46","2020-01-06 17:14:46",120.0,4.20875568489E-05, ,1, ,1, , ,1,1, , , ,1, ,1, , , , , , , , , , ,1, , , , , , , , , , ,1,1, , ,1,1, , , ,1, ,1, , ,1,1, ,1,1,1,1, ,1,1,1,1, ,1, ,1, , , , , ,1, , , ,1,1,1,1, ,1, ,1,1,1,1,1,1,1,1, , , , ,1,1, , , , , , , ,1,1,1,1, , ,1, ,1,1,1,1, ,1,1,1,1,1,1, ,1,1
"2020-01-06 17:14:46","2020-01-06 17:17:46",180.0,6.31313352733E-05, ,1, ,1, , ,1,1, , , ,1, ,1, , , , , , , , , , ,1, , , , , , , , , , ,1,1, , ,1,1, , , ,1, ,1, , ,1,1,1,1,1,1,1, ,1,1,1,1, ,1, ,1, , , , , ,1, , , ,1,1,1,1, ,1, ,1,1,1,1,1,1,1,1, , , , ,1,1, , , , , , , ,1,1,1,1, , ,1, ,1,1,1,1, ,1,1,1,1,1,1, ,1,1
"2020-01-06 17:17:46","2020-01-06 23:59:59",24133.0,0.00846415841195, ,1, ,1, , ,1,1, , , ,1, ,1, , , , , , , , , , ,1, , , , , , , , , , ,1,1, , ,1,1, , , ,1, ,1, , ,1,1, ,1,1,1,1, ,1,1,1,1, ,1, ,1, , , , , ,1, , , ,1,1,1,1, ,1, ,1,1,1,1,1,1,1,1, , , , ,1,1, , , , , , , ,1,1,1,1, , ,1, ,1,1,1,1, ,1,1,1,1,1,1, ,1,1
"2020-01-06 23:59:59","2020-01-07 00:00:00",1.0,3.50729640407E-07, ,1, ,1, , ,1,1, , , ,1, ,1, , , , , , , , , , ,1, , , , , , , , , , , ,1, , ,1,1, , , ,1, ,1, , ,1,1, ,1,1,1,1, ,1,1,1,1, ,1, ,1, , , , , ,1, , , ,1,1,1,1, ,1, ,1,1,1,1,1,1,1,1, , , , ,1,1, , , , , , , ,1,1,1,1, , ,1, ,1,1,1,1, ,1,1,1,1,1,1, ,1,1
"2020-01-07 00:00:00","2020-01-07 03:27:51",12471.0,0.00437394934552, ,1, ,1, , ,1,1, , , ,1, ,1, , , , , , , , , , ,1, , , , , , , , , ,1, ,1, , ,1,1, , , ,1, ,1, , ,1,1, ,1,1,1,1, ,1,1,1,1, ,1, ,1, , , , , ,1, , , ,1,1,1,1, ,1, ,1,1,1,1,1,1,1,1, , , , ,1,1, , , , , , , ,1,1,1,1, , ,1, ,1,1,1,1, ,1,1,1,1,1,1, ,1,1
"2020-01-07 03:27:51","2020-01-07 03:30:21",150.0,5.26094460611E-05, ,1, ,1, , ,1,1, , , ,1, ,1, , , , , , , , , , ,1, , , , , , , , , ,1, ,1, , ,1,1, , , ,1, ,1, , ,1,1, ,1,1,1,1, ,1,1,1,1, ,1, ,1, , , , , ,1, , ,150,1,1,1,1, ,1, ,1,1,1,1,1,1,1,1, , , , ,1,1, , , , , , , ,1,1,1,1, , ,1, ,1,1,1,1, ,1,1,1,1,1,1, ,1,1
"2020-01-07 03:30:21","2020-01-07 03:47:21",1020.0,0.000357744233216, ,1, ,1, , ,1,1, , , ,1, ,1, , , , , , , , , , ,1, , , , , , , , , ,1, ,1, , ,1,1, , , ,1, ,1, , ,1,1, ,1,1,1,1, ,1,1,1,1, ,1, ,1, , , , , ,1, , , ,1,1,1,1, ,1, ,1,1,1,1,1,1,1,1, , , , ,1,1, , , , , , , ,1,1,1,1, , ,1, ,1,1,1,1, ,1,1,1,1,1,1, ,1,1
"2020-01-07 03:47:21","2020-01-07 03:51:21",240.0,8.41751136978E-05, ,1, ,1, , ,1,1, , , ,1, ,1, , , , , , , , , , ,1, , , , , , , , , ,1, ,1, , ,1,1, , , ,1, ,1, , ,1,1, ,1,1,1,1, ,1,1,1,1, ,1, ,1, , , , , ,1, , ,240,1,1,1,1, ,1, ,1,1,1,1,1,1,1,1, , , , ,1,1, , , , , , , ,1,1,1,1, , ,1, ,1,1,1,1, ,1,1,1,1,1,1, ,1,1
"2020-01-07 03:51:21","2020-01-07 23:59:59",72518.0,0.0254342120631, ,1, ,1, , ,1,1, , , ,1, ,1, , , , , , , , , , ,1, , , , , , , , , ,1, ,1, , ,1,1, , , ,1, ,1, , ,1,1, ,1,1,1,1, ,1,1,1,1, ,1, ,1, , , , , ,1, , , ,1,1,1,1, ,1, ,1,1,1,1,1,1,1,1, , , , ,1,1, , , , , , , ,1,1,1,1, , ,1, ,1,1,1,1, ,1,1,1,1,1,1, ,1,1
"2020-01-07 23:59:59","2020-01-08 00:00:00",1.0,3.50729640407E-07, ,1, ,1, , ,1,1, , , ,1, ,1, , , , , , , , , , ,1, , , , , , , , , , , ,1, , ,1,1, , , ,1, ,1, , ,1,1, ,1,1,1,1, ,1,1,1,1, ,1, ,1, , , , , ,1, , , ,1,1,1,1, ,1, ,1,1,1,1,1,1,1,1, , , , ,1,1, , , , , , , ,1,1,1,1, , ,1, ,1,1,1,1, ,1,1,1,1,1,1, ,1,1
"2020-01-08 00:00:00","2020-01-08 03:12:01",11521.0,0.00404075618713, ,1, ,1, , ,1,1, , , ,1, ,1, , , , , , , , , , ,1, , ,1, , , , , , , , ,1, , ,1,1, , , ,1, ,1, , ,1,1, ,1,1,1,1, ,1,1,1,1, ,1, ,1, , , , , ,1, , , ,1,1,1,1, ,1, ,1,1,1,1,1,1,1,1, , , , ,1,1, , , , , , , ,1,1,1,1, , ,1, ,1,1,1,1, ,1,1,1,1,1,1, ,1,1
"2020-01-08 03:12:01","2020-01-08 03:13:00",59.0,2.0693048784E-05, ,1, ,1, , ,1,1, , , ,1, ,1, , , , , , , , , , ,1, , ,1, , , , , , , , ,1, , ,1,1, , , ,1, ,1, , ,1,1, ,1,1,1,1, ,1,1,1,1, ,1, ,1, , , , , ,1, , , ,1,1,1,1, ,1,1,1,1,1,1,1,1,1,1, , , , ,1,1, , , , , , , ,1,1,1,1, , ,1, ,1,1,1,1, ,1,1,1,1,1,1, ,1,1
"2020-01-08 03:13:00","2020-01-08 11:27:46",29686.0,0.0104117601051, ,1, ,1, , ,1,1, , , ,1, ,1, , , , , , , , , , ,1, , ,1, , , , , , , , ,1, , ,1,1, , , ,1, ,1, , ,1,1, ,1,1,1,1, ,1,1,1,1, ,1, ,1, , , , , ,1, , , ,1,1,1,1, ,1, ,1,1,1,1,1,1,1,1, , , , ,1,1, , , , , , , ,1,1,1,1, , ,1, ,1,1,1,1, ,1,1,1,1,1,1, ,1,1
"2020-01-08 11:27:46","2020-01-08 11:29:46",120.0,4.20875568489E-05, ,1, ,1, , ,1,1, , , ,1, ,1, , , , , , , , , , ,1, , ,1, , , , , , , , ,1, , ,1,1, , , ,1, ,1, , ,1,1,1,1,1,1,1, ,1,1,1,1, ,1, ,1, , , , , ,1, , , ,1,1,1,1, ,1, ,1,1,1,1,1,1,1,1, , , , ,1,1, , , , , , , ,1,1,1,1, , ,1, ,1,1,1,1, ,1,1,1,1,1,1, ,1,1
"2020-01-08 11:29:46","2020-01-08 11:40:49",663.0,0.00023253375159, ,1, ,1, , ,1,1, , , ,1, ,1, , , , , , , , , , ,1, , ,1, , , , , , , , ,1, , ,1,1, , , ,1, ,1, , ,1,1, ,1,1,1,1, ,1,1,1,1, ,1, ,1, , , , , ,1, , , ,1,1,1,1, ,1, ,1,1,1,1,1,1,1,1, , , , ,1,1, , , , , , , ,1,1,1,1, , ,1, ,1,1,1,1, ,1,1,1,1,1,1, ,1,1
"2020-01-08 11:40:49","2020-01-08 11:44:49",240.0,8.41751136978E-05, ,1, ,1, , ,1,1, , , ,1, ,1, , , , , , , , , , ,1, , ,1,240, , , , , , , ,1, , ,1,1, , , ,1, ,1, , ,1,1, ,1,1,1,1,240,1,1,1,1, ,1, ,1, , , , , ,1, , , ,1,1,1,1, ,1, ,1,1,1,1,1,1,1,1, , , , ,1,1, , , , , , , ,1,1,1,1, , ,1, ,1,1,1,1, ,1,1,1,1,1,1, ,1,1
"2020-01-08 11:44:49","2020-01-08 12:23:49",2340.0,0.000820707358553, ,1, ,1, , ,1,1, , , ,1, ,1, , , , , , , , , , ,1, , ,1, , , , , , , , ,1, , ,1,1, , , ,1, ,1, , ,1,1, ,1,1,1,1, ,1,1,1,1, ,1, ,1, , , , , ,1, , , ,1,1,1,1, ,1, ,1,1,1,1,1,1,1,1, , , , ,1,1, , , , , , , ,1,1,1,1, , ,1, ,1,1,1,1, ,1,1,1,1,1,1, ,1,1
"2020-01-08 12:23:49","2020-01-08 12:27:49",240.0,8.41751136978E-05, ,1, ,1, , ,1,1, , , ,1, ,1, , , , , , , , , , ,1, , ,1,240, , , , , , , ,1, , ,1,1, , , ,1, ,1, , ,1,1, ,1,1,1,1,240,1,1,1,1, ,1, ,1, , , , , ,1, , , ,1,1,1,1, ,1, ,1,1,1,1,1,1,1,1, , , , ,1,1, , , , , , , ,1,1,1,1, , ,1, ,1,1,1,1, ,1,1,1,1,1,1, ,1,1
"2020-01-08 12:27:49","2020-01-08 18:12:54",20705.0,0.00726185720464, ,1, ,1, , ,1,1, , , ,1, ,1, , , , , , , , , , ,1, , ,1, , , , , , , , ,1, , ,1,1, , , ,1, ,1, , ,1,1, ,1,1,1,1, ,1,1,1,1, ,1, ,1, , , , , ,1, , , ,1,1,1,1, ,1, ,1,1,1,1,1,1,1,1, , , , ,1,1, , , , , , , ,1,1,1,1, , ,1, ,1,1,1,1, ,1,1,1,1,1,1, ,1,1
"2020-01-08 18:12:54","2020-01-08 18:15:46",172.0,6.03254981501E-05, ,1, ,1, , ,1,1, , , ,1, ,1, , , , , , , , , , ,1, , ,1, , , , , , , , ,1, , ,1,1, , , ,1, ,1, , ,1,1, ,1,1,1,1, ,1,1,1,1, ,1, ,1, , , , , ,1, , , ,1,1,1,1, ,1, ,1,1,1,1,1,1,1,1, , , , ,1,1, , , ,240, , , ,1,1,1,1, , ,1, ,1,1,1,1,240,1,1,1,1,1,1, ,1,1
"2020-01-08 18:15:46","2020-01-08 18:16:54",68.0,2.38496155477E-05, ,1, ,1, , ,1,1, , , ,1, ,1, , , , , , , , , , ,1, , ,1, , , , , , , , ,1, , ,1,1, , , ,1, ,1, , ,1,1,1,1,1,1,1, ,1,1,1,1, ,1, ,1, , , , , ,1, , , ,1,1,1,1, ,1, ,1,1,1,1,1,1,1,1, , , , ,1,1, , , ,240, , , ,1,1,1,1, , ,1, ,1,1,1,1,240,1,1,1,1,1,1, ,1,1
"2020-01-08 18:16:54","2020-01-08 18:19:46",172.0,6.03254981501E-05, ,1, ,1, , ,1,1, , , ,1, ,1, , , , , , , , , , ,1, , ,1, , , , , , , , ,1, , ,1,1, , , ,1, ,1, , ,1,1,1,1,1,1,1, ,1,1,1,1, ,1, ,1, , , , , ,1, , , ,1,1,1,1, ,1, ,1,1,1,1,1,1,1,1, , , , ,1,1, , , , , , , ,1,1,1,1, , ,1, ,1,1,1,1, ,1,1,1,1,1,1, ,1,1
"2020-01-08 18:19:46","2020-01-08 18:35:13",927.0,0.000325126376658, ,1, ,1, , ,1,1, , , ,1, ,1, , , , , , , , , , ,1, , ,1, , , , , , , , ,1, , ,1,1, , , ,1, ,1, , ,1,1, ,1,1,1,1, ,1,1,1,1, ,1, ,1, , , , , ,1, , , ,1,1,1,1, ,1, ,1,1,1,1,1,1,1,1, , , , ,1,1, , , , , , , ,1,1,1,1, , ,1, ,1,1,1,1, ,1,1,1,1,1,1, ,1,1
"2020-01-08 18:35:13","2020-01-08 18:39:13",240.0,8.41751136978E-05, ,1, ,1, , ,1,1, , , ,1, ,1, , , , , , , , , , ,1, , ,1, , , , , , , , ,1, , ,1,1, , , ,1, ,1, , ,1,1, ,1,1,1,1, ,1,1,1,1, ,1, ,1, , , , , ,1, , , ,1,1,1,1, ,1, ,1,1,1,1,1,1,1,1, ,240, , ,1,1, , , , , , , ,1,1,1,1, , ,1, ,1,1,1,1, ,1,1,1,1,1,1, ,1,1
"2020-01-08 18:39:13","2020-01-08 18:45:46",393.0,0.00013783674868, ,1, ,1, , ,1,1, , , ,1, ,1, , , , , , , , , , ,1, , ,1, , , , , , , , ,1, , ,1,1, , , ,1, ,1, , ,1,1, ,1,1,1,1, ,1,1,1,1, ,1, ,1, , , , , ,1, , , ,1,1,1,1, ,1, ,1,1,1,1,1,1,1,1, , , , ,1,1, , , , , , , ,1,1,1,1, , ,1, ,1,1,1,1, ,1,1,1,1,1,1, ,1,1
"2020-01-08 18:45:46","2020-01-08 18:47:46",120.0,4.20875568489E-05, ,1, ,1, , ,1,1, , , ,1, ,1, , , , , , , , , , ,1, , ,1, , , , , , , , ,1, , ,1,1, , , ,1, ,1, , ,1,1,1,1,1,1,1, ,1,1,1,1, ,1, ,1, , , , , ,1, , , ,1,1,1,1, ,1, ,1,1,1,1,1,1,1,1, , , , ,1,1, , , , , , , ,1,1,1,1, , ,1, ,1,1,1,1, ,1,1,1,1,1,1, ,1,1
"2020-01-08 18:47:46","2020-01-08 23:59:59",18733.0,0.00657021835375, ,1, ,1, , ,1,1, , , ,1, ,1, , , , , , , , , , ,1, , ,1, , , , , , , , ,1, , ,1,1, , , ,1, ,1, , ,1,1, ,1,1,1,1, ,1,1,1,1, ,1, ,1, , , , , ,1, , , ,1,1,1,1, ,1, ,1,1,1,1,1,1,1,1, , , , ,1,1, , , , , , , ,1,1,1,1, , ,1, ,1,1,1,1, ,1,1,1,1,1,1, ,1,1
"2020-01-08 23:59:59","2020-01-09 00:00:00",1.0,3.50729640407E-07, ,1, ,1, , ,1,1, , , ,1, ,1, , , , , , , , , , ,1, , , , , , , , , , , ,1, , ,1,1, , , ,1, ,1, , ,1,1, ,1,1,1,1, ,1,1,1,1, ,1, ,1, , , , , ,1, , , ,1,1,1,1, ,1, ,1,1,1,1,1,1,1,1, , , , ,1,1, , , , , , , ,1,1,1,1, , ,1, ,1,1,1,1, ,1,1,1,1,1,1, ,1,1
"2020-01-09 00:00:00","2020-01-09 23:59:59",86399.0,0.0303026902016, ,1, ,1, , ,1,1, , , ,1, ,1, , , , , , , , , , ,1, ,1, , , , , , , , , ,1, , ,1,1, , , ,1, ,1, , ,1,1, ,1,1,1,1, ,1,1,1,1, ,1, ,1, , , , , ,1, , , ,1,1,1,1, ,1, ,1,1,1,1,1,1,1,1, , , , ,1,1, , , , , , , ,1,1,1,1, , ,1, ,1,1,1,1, ,1,1,1,1,1,1, ,1,1
"2020-01-09 23:59:59","2020-01-10 00:00:00",1.0,3.50729640407E-07, ,1, ,1, , ,1,1, , , ,1, ,1, , , , , , , , , , ,1, , , , , , , , , , , ,1, , ,1,1, , , ,1, ,1, , ,1,1, ,1,1,1,1, ,1,1,1,1, ,1, ,1, , , , , ,1, , , ,1,1,1,1, ,1, ,1,1,1,1,1,1,1,1, , , , ,1,1, , , , , , , ,1,1,1,1, , ,1, ,1,1,1,1, ,1,1,1,1,1,1, ,1,1
"2020-01-10 00:00:00","2020-01-10 23:59:59",86399.0,0.0303026902016, ,1, ,1, , ,1,1, , , ,1, ,1,1, , , , , , , , , ,1, , , , , , , , , , , ,1, , ,1,1, , , ,1, ,1, , ,1,1, ,1,1,1,1, ,1,1,1,1, ,1, ,1, , , , , ,1, , , ,1,1,1,1, ,1, ,1,1,1,1,1,1,1,1, , , , ,1,1, , , , , , , ,1,1,1,1, , ,1, ,1,1,1,1, ,1,1,1,1,1,1, ,1,1
"2020-01-10 23:59:59","2020-01-11 00:00:00",1.0,3.50729640407E-07, ,1, ,1, , ,1,1, , , ,1, ,1, , , , , , , , , , ,1, , , , , , , , , , , ,1, , ,1,1, , , ,1, ,1, , ,1,1, ,1,1,1,1, ,1,1,1,1, ,1, ,1, , , , , ,1, , , ,1,1,1,1, ,1, ,1,1,1,1,1,1,1,1, , , , ,1,1, , , , , , , ,1,1,1,1, , ,1, ,1,1,1,1, ,1,1,1,1,1,1, ,1,1
"2020-01-11 00:00:00","2020-01-11 04:58:50",17930.0,0.00628858245251, ,1, ,1, , ,1,1, , , ,1, ,1, ,1, , , , , , , , ,1, , , , , , , , , , , ,1, , ,1,1, , , ,1, ,1, , ,1,1, ,1,1,1,1, ,1,1,1,1, ,1, ,1, , , , , ,1, , , ,1,1,1,1, ,1, ,1,1,1,1,1,1,1,1, , , , ,1,1, , , , , , , ,1,1,1,1, , ,1, ,1,1,1,1, ,1,1,1,1,1,1, ,1,1
"2020-01-11 04:58:50","2020-01-11 04:59:50",60.0,2.10437784244E-05, ,1, ,1, , ,1,1, , , ,1, ,1, ,1, , , , , , ,1, ,1, , , , , , , , , , , ,1, , ,1,1, , , ,1, ,1, , ,1,1, ,1,1,1,1, ,1,1,1,1, ,1, ,1, , , , , ,1, , , ,1,1,1,1, ,1, ,1,1,1,1,1,1,1,1, , , , ,1,1, , , , , , , ,1,1,1,1, , ,1, ,1,1,1,1, ,1,1,1,1,1,1, ,1,1
"2020-01-11 04:59:50","2020-01-11 23:59:59",68409.0,0.0239930639706, ,1, ,1, , ,1,1, , , ,1, ,1, ,1, , , , , , , , ,1, , , , , , , , , , , ,1, , ,1,1, , , ,1, ,1, , ,1,1, ,1,1,1,1, ,1,1,1,1, ,1, ,1, , , , , ,1, , , ,1,1,1,1, ,1, ,1,1,1,1,1,1,1,1, , , , ,1,1, , , , , , , ,1,1,1,1, , ,1, ,1,1,1,1, ,1,1,1,1,1,1, ,1,1
"2020-01-11 23:59:59","2020-01-12 00:00:00",1.0,3.50729640407E-07, ,1, ,1, , ,1,1, , , ,1, ,1, , , , , , , , , , ,1, , , , , , , , , , , ,1, , ,1,1, , , ,1, ,1, , ,1,1, ,1,1,1,1, ,1,1,1,1, ,1, ,1, , , , , ,1, , , ,1,1,1,1, ,1, ,1,1,1,1,1,1,1,1, , , , ,1,1, , , , , , , ,1,1,1,1, , ,1, ,1,1,1,1, ,1,1,1,1,1,1, ,1,1
"2020-01-12 00:00:00","2020-01-12 01:46:54",6414.0,0.00224957991357, ,1, ,1, , ,1,1, , , ,1,1,1, , , , , , , , , , ,1, , , , , , , , , , , ,1, , ,1,1, , , ,1, ,1, , ,1,1, ,1,1,1,1, ,1,1,1,1, ,1, ,1, , , , , ,1, , , ,1,1,1,1, ,1, ,1,1,1,1,1,1,1,1, , , , ,1,1, , , , , , , ,1,1,1,1, , ,1, ,1,1,1,1, ,1,1,1,1,1,1, ,1,1
"2020-01-12 01:46:54","2020-01-12 01:47:54",60.0,2.10437784244E-05, ,1, ,1, , ,1,1, , , ,1,1,1, , , , , , , ,1, , ,1, , , , , , , , , , , ,1, , ,1,1, , , ,1, ,1, , ,1,1, ,1,1,1,1, ,1,1,1,1, ,1, ,1, , , , , ,1, , , ,1,1,1,1, ,1, ,1,1,1,1,1,1,1,1, , , , ,1,1, , , , , , , ,1,1,1,1, , ,1, ,1,1,1,1, ,1,1,1,1,1,1, ,1,1
"2020-01-12 01:47:54","2020-01-12 20:40:38",67964.0,0.0238369892806, ,1, ,1, , ,1,1, , , ,1,1,1, , , , , , , , , , ,1, , , , , , , , , , , ,1, , ,1,1, , , ,1, ,1, , ,1,1, ,1,1,1,1, ,1,1,1,1, ,1, ,1, , , , , ,1, , , ,1,1,1,1, ,1, ,1,1,1,1,1,1,1,1, , , , ,1,1, , , , , , , ,1,1,1,1, , ,1, ,1,1,1,1, ,1,1,1,1,1,1, ,1,1
"2020-01-12 20:40:38","2020-01-12 20:42:08",90.0,3.15656676367E-05, ,1, ,1, , ,1,1, , , ,1,1,1, , , , , , , , , , ,1, , , , , , , , , , , ,1, , ,1,1, , , ,1, ,1, , ,1,1, ,1,1,1,1, ,1,1,1,1, ,1, ,1, , , , , ,1, , , ,1,1,1,1, ,1, ,1,1,1,1,1,1,1,1, , , , ,1,1, , , , , , , ,1,1,1,1, ,1,1, ,1,1,1,1, ,1,1,1,1,1,1, ,1,1
"2020-01-12 20:42:08","2020-01-12 20:42:50",42.0,1.47306448971E-05, ,1, ,1, , ,1,1, , , ,1,1,1, , , , , , , , , , ,1, , , , , , , , , , , ,1, , ,1,1, , , ,1, ,1, , ,1,1, ,1,1,1,1, ,1,1,1,1, ,1, ,1, , , , , ,1, , , ,1,1,1,1, ,1, ,1,1,1,1,1,1,1,1, , , , ,1,1, , , , , , , ,1,1,1,1, , ,1, ,1,1,1,1, ,1,1,1,1,1,1, ,1,1
"2020-01-12 20:42:50","2020-01-12 20:43:50",60.0,2.10437784244E-05, ,1, ,1, , ,1,1, , , ,1,1,1, , , , , , , , ,1, ,1, , , , , , , , , , , ,1, , ,1,1, , , ,1, ,1, , ,1,1, ,1,1,1,1, ,1,1,1,1, ,1, ,1, , , , , ,1, , , ,1,1,1,1, ,1, ,1,1,1,1,1,1,1,1, , , , ,1,1, , , , , , , ,1,1,1,1, , ,1, ,1,1,1,1, ,1,1,1,1,1,1, ,1,1
"2020-01-12 20:43:50","2020-01-12 21:31:50",2880.0,0.00101010136437, ,1, ,1, , ,1,1, , , ,1,1,1, , , , , , , , , , ,1, , , , , , , , , , , ,1, , ,1,1, , , ,1, ,1, , ,1,1, ,1,1,1,1, ,1,1,1,1, ,1, ,1, , , , , ,1, , , ,1,1,1,1, ,1, ,1,1,1,1,1,1,1,1, , , , ,1,1, , , , , , , ,1,1,1,1, , ,1, ,1,1,1,1, ,1,1,1,1,1,1, ,1,1
"2020-01-12 21:31:50","2020-01-12 21:32:50",60.0,2.10437784244E-05, ,1, ,1, , ,1,1, , , ,1,1,1, , , , , , , , ,1, ,1, , , , , , , , , , , ,1, , ,1,1, , , ,1, ,1, , ,1,1, ,1,1,1,1, ,1,1,1,1, ,1, ,1, , , , , ,1, , , ,1,1,1,1, ,1, ,1,1,1,1,1,1,1,1, , , , ,1,1, , , , , , , ,1,1,1,1, , ,1, ,1,1,1,1, ,1,1,1,1,1,1, ,1,1
"2020-01-12 21:32:50","2020-01-12 22:58:22",5132.0,0.00179994451457, ,1, ,1, , ,1,1, , , ,1,1,1, , , , , , , , , , ,1, , , , , , , , , , , ,1, , ,1,1, , , ,1, ,1, , ,1,1, ,1,1,1,1, ,1,1,1,1, ,1, ,1, , , , , ,1, , , ,1,1,1,1, ,1, ,1,1,1,1,1,1,1,1, , , , ,1,1, , , , , , , ,1,1,1,1, , ,1, ,1,1,1,1, ,1,1,1,1,1,1, ,1,1
"2020-01-12 22:58:22","2020-01-12 22:59:21",59.0,2.0693048784E-05, ,1, ,1, , ,1,1, , , ,1,1,1, , , , , , , , , , ,1, , , , , , , , , , , ,1, ,1,1,1, , , ,1, ,1, , ,1,1, ,1,1,1,1, ,1,1,1,1, ,1, ,1, , , , , ,1, , , ,1,1,1,1, ,1, ,1,1,1,1,1,1,1,1, , , , ,1,1, , , , , , , ,1,1,1,1, , ,1, ,1,1,1,1, ,1,1,1,1,1,1, ,1,1
"2020-01-12 22:59:21","2020-01-12 23:26:21",1620.0,0.00056818201746, ,1, ,1, , ,1,1, , , ,1,1,1, , , , , , , , , , ,1, , , , , , , , , , , ,1, , ,1,1, , , ,1, ,1, , ,1,1, ,1,1,1,1, ,1,1,1,1, ,1, ,1, , , , , ,1, , , ,1,1,1,1, ,1, ,1,1,1,1,1,1,1,1, , , , ,1,1, , , , , , , ,1,1,1,1, , ,1, ,1,1,1,1, ,1,1,1,1,1,1, ,1,1
"2020-01-12 23:26:21","2020-01-12 23:27:21",60.0,2.10437784244E-05, ,1, ,1, , ,1,1, , , ,1,1,1, , , , , , , , , , ,1, , , , , , , , , , , ,1, ,1,1,1, , , ,1, ,1, , ,1,1, ,1,1,1,1, ,1,1,1,1, ,1, ,1, , , , , ,1, , , ,1,1,1,1, ,1, ,1,1,1,1,1,1,1,1, , , , ,1,1, , , , , , , ,1,1,1,1, , ,1, ,1,1,1,1, ,1,1,1,1,1,1, ,1,1
"2020-01-12 23:27:21","2020-01-12 23:59:59",1958.0,0.000686728635918, ,1, ,1, , ,1,1, , , ,1,1,1, , , , , , , , , , ,1, , , , , , , , , , , ,1, , ,1,1, , , ,1, ,1, , ,1,1, ,1,1,1,1, ,1,1,1,1, ,1, ,1, , , , , ,1, , , ,1,1,1,1, ,1, ,1,1,1,1,1,1,1,1, , , , ,1,1, , , , , , , ,1,1,1,1, , ,1, ,1,1,1,1, ,1,1,1,1,1,1, ,1,1
"2020-01-12 23:59:59","2020-01-13 00:00:00",1.0,3.50729640407E-07, ,1, ,1, , ,1,1, , , ,1, ,1, , , , , , , , , , ,1, , , , , , , , , , , ,1, , ,1,1, , , ,1, ,1, , ,1,1, ,1,1,1,1, ,1,1,1,1, ,1, ,1, , , , , ,1, , , ,1,1,1,1, ,1, ,1,1,1,1,1,1,1,1, , , , ,1,1, , , , , , , ,1,1,1,1, , ,1, ,1,1,1,1, ,1,1,1,1,1,1, ,1,1
"2020-01-13 00:00:00","2020-01-13 05:09:22",18562.0,0.00651024358524, ,1, ,1, , ,1,1, , , ,1, ,1, , , , , , , , , , ,1,1, , , , , , , , , , ,1, , ,1,1, , , ,1, ,1, , ,1,1, ,1,1,1,1, ,1,1,1,1, ,1, ,1, , , , , ,1, , , ,1,1,1,1, ,1, ,1,1,1,1,1,1,1,1, , , , ,1,1, , , , , , , ,1,1,1,1, , ,1, ,1,1,1,1, ,1,1,1,1,1,1, ,1,1
"2020-01-13 05:09:22","2020-01-13 05:10:21",59.0,2.0693048784E-05, ,1, ,1, , ,1,1, , , ,1, ,1, , , , , , , , , , ,1,1, , , , , , , , , , ,1, ,1,1,1, , , ,1, ,1, , ,1,1, ,1,1,1,1, ,1,1,1,1, ,1, ,1, , , , , ,1, , , ,1,1,1,1, ,1, ,1,1,1,1,1,1,1,1, , , , ,1,1, , , , , , , ,1,1,1,1, , ,1, ,1,1,1,1, ,1,1,1,1,1,1, ,1,1
"2020-01-13 05:10:21","2020-01-13 17:10:46",43225.0,0.0151602887066, ,1, ,1, , ,1,1, , , ,1, ,1, , , , , , , , , , ,1,1, , , , , , , , , , ,1, , ,1,1, , , ,1, ,1, , ,1,1, ,1,1,1,1, ,1,1,1,1, ,1, ,1, , , , , ,1, , , ,1,1,1,1, ,1, ,1,1,1,1,1,1,1,1, , , , ,1,1, , , , , , , ,1,1,1,1, , ,1, ,1,1,1,1, ,1,1,1,1,1,1, ,1,1
"2020-01-13 17:10:46","2020-01-13 17:12:46",120.0,4.20875568489E-05, ,1, ,1, , ,1,1, , , ,1, ,1, , , , , , , , , , ,1,1, , , , , , , , , , ,1, , ,1,1, , , ,1, ,1, , ,1,1,1,1,1,1,1, ,1,1,1,1, ,1, ,1, , , , , ,1, , , ,1,1,1,1, ,1, ,1,1,1,1,1,1,1,1, , , , ,1,1, , , , , , , ,1,1,1,1, , ,1, ,1,1,1,1, ,1,1,1,1,1,1, ,1,1
"2020-01-13 17:12:46","2020-01-13 17:15:46",180.0,6.31313352733E-05, ,1, ,1, , ,1,1, , , ,1, ,1, , , , , , , , , , ,1,1, , , , , , , , , , ,1, , ,1,1, , , ,1, ,1, , ,1,1, ,1,1,1,1, ,1,1,1,1, ,1, ,1, , , , , ,1, , , ,1,1,1,1, ,1, ,1,1,1,1,1,1,1,1, , , , ,1,1, , , , , , , ,1,1,1,1, , ,1, ,1,1,1,1, ,1,1,1,1,1,1, ,1,1
"2020-01-13 17:15:46","2020-01-13 17:17:46",120.0,4.20875568489E-05, ,1, ,1, , ,1,1, , , ,1, ,1, , , , , , , , , , ,1,1, , , , , , , , , , ,1, , ,1,1, , , ,1, ,1, , ,1,1,1,1,1,1,1, ,1,1,1,1, ,1, ,1, , , , , ,1, , , ,1,1,1,1, ,1, ,1,1,1,1,1,1,1,1, , , , ,1,1, , , , , , , ,1,1,1,1, , ,1, ,1,1,1,1, ,1,1,1,1,1,1, ,1,1
"2020-01-13 17:17:46","2020-01-13 23:59:59",24133.0,0.00846415841195, ,1, ,1, , ,1,1, , , ,1, ,1, , , , , , , , , , ,1,1, , , , , , , , , , ,1, , ,1,1, , , ,1, ,1, , ,1,1, ,1,1,1,1, ,1,1,1,1, ,1, ,1, , , , , ,1, , , ,1,1,1,1, ,1, ,1,1,1,1,1,1,1,1, , , , ,1,1, , , , , , , ,1,1,1,1, , ,1, ,1,1,1,1, ,1,1,1,1,1,1, ,1,1
"2020-01-13 23:59:59","2020-01-14 00:00:00",1.0,3.50729640407E-07, ,1, ,1, , ,1,1, , , ,1, ,1, , , , , , , , , , ,1, , , , , , , , , , , ,1, , ,1,1, , , ,1, ,1, , ,1,1, ,1,1,1,1, ,1,1,1,1, ,1, ,1, , , , , ,1, , , ,1,1,1,1, ,1, ,1,1,1,1,1,1,1,1, , , , ,1,1, , , , , , , ,1,1,1,1, , ,1, ,1,1,1,1, ,1,1,1,1,1,1, ,1,1
"2020-01-14 00:00:00","2020-01-14 21:27:05",77225.0,0.0270850964805, ,1, ,1, , ,1,1, , , ,1, ,1, , , , ,1, , , , , ,1, , , , , , , , , , , ,1, , ,1,1, , , ,1, ,1, , ,1,1, ,1,1,1,1, ,1,1,1,1, ,1, ,1, , , , , ,1, , , ,1,1,1,1, ,1, ,1,1,1,1,1,1,1,1, , , , ,1,1, , , , , , , ,1,1,1,1, , ,1, ,1,1,1,1, ,1,1,1,1,1,1, ,1,1
"2020-01-14 21:27:05","2020-01-14 21:28:05",60.0,2.10437784244E-05,1,1, ,1, , ,1,1, , , ,1, ,1, , , , ,1, , , , , ,1, , , , , , , , , , , ,1, , ,1,1, , , ,1, ,1, , ,1,1, ,1,1,1,1, ,1,1,1,1, ,1, ,1, , , , , ,1, , , ,1,1,1,1, ,1, ,1,1,1,1,1,1,1,1, , , , ,1,1, , , , , , , ,1,1,1,1, , ,1, ,1,1,1,1, ,1,1,1,1,1,1, ,1,1
"2020-01-14 21:28:05","2020-01-14 23:59:59",9114.0,0.00319654994267, ,1, ,1, , ,1,1, , , ,1, ,1, , , , ,1, , , , , ,1, , , , , , , , , , , ,1, , ,1,1, , , ,1, ,1, , ,1,1, ,1,1,1,1, ,1,1,1,1, ,1, ,1, , , , , ,1, , , ,1,1,1,1, ,1, ,1,1,1,1,1,1,1,1, , , , ,1,1, , , , , , , ,1,1,1,1, , ,1, ,1,1,1,1, ,1,1,1,1,1,1, ,1,1
"2020-01-14 23:59:59","2020-01-15 00:00:00",1.0,3.50729640407E-07, ,1, ,1, , ,1,1, , , ,1, ,1, , , , , , , , , , ,1, , , , , , , , , , , ,1, , ,1,1, , , ,1, ,1, , ,1,1, ,1,1,1,1, ,1,1,1,1, ,1, ,1, , , , , ,1, , , ,1,1,1,1, ,1, ,1,1,1,1,1,1,1,1, , , , ,1,1, , , , , , , ,1,1,1,1, , ,1, ,1,1,1,1, ,1,1,1,1,1,1, ,1,1
"2020-01-15 00:00:00","2020-01-15 00:49:50",2990.0,0.00104868162482, ,1, ,1, , ,1,1, , , ,1, ,1, , , , , ,1, , , , ,1, , , , , , , , , , , ,1, , ,1,1, , , ,1, ,1, , ,1,1, ,1,1,1,1, ,1,1,1,1, ,1, ,1, , , , , ,1, , , ,1,1,1,1, ,1, ,1,1,1,1,1,1,1,1, , , , ,1,1, , , , , , , ,1,1,1,1, , ,1, ,1,1,1,1, ,1,1,1,1,1,1, ,1,1
"2020-01-15 00:49:50","2020-01-15 00:50:50",60.0,2.10437784244E-05, ,1, ,1, , ,1,1, , , ,1, ,1, , , , , ,1, , ,1, ,1, , , , , , , , , , , ,1, , ,1,1, , , ,1, ,1, , ,1,1, ,1,1,1,1, ,1,1,1,1, ,1, ,1, , , , , ,1, , , ,1,1,1,1, ,1, ,1,1,1,1,1,1,1,1, , , , ,1,1, , , , , , , ,1,1,1,1, , ,1, ,1,1,1,1, ,1,1,1,1,1,1, ,1,1
"2020-01-15 00:50:50","2020-01-15 23:59:59",83349.0,0.0292329647983, ,1, ,1, , ,1,1, , , ,1, ,1, , , , , ,1, , , , ,1, , , , , , , , , , , ,1, , ,1,1, , , ,1, ,1, , ,1,1, ,1,1,1,1, ,1,1,1,1, ,1, ,1, , , , , ,1, , , ,1,1,1,1, ,1, ,1,1,1,1,1,1,1,1, , , , ,1,1, , , , , , , ,1,1,1,1, , ,1, ,1,1,1,1, ,1,1,1,1,1,1, ,1,1
"2020-01-15 23:59:59","2020-01-16 00:00:00",1.0,3.50729640407E-07, ,1, ,1, , ,1,1, , , ,1, ,1, , , , , , , , , , ,1, , , , , , , , , , , ,1, , ,1,1, , , ,1, ,1, , ,1,1, ,1,1,1,1, ,1,1,1,1, ,1, ,1, , , , , ,1, , , ,1,1,1,1, ,1, ,1,1,1,1,1,1,1,1, , , , ,1,1, , , , , , , ,1,1,1,1, , ,1, ,1,1,1,1, ,1,1,1,1,1,1, ,1,1
"2020-01-16 00:00:00","2020-01-16 12:32:15",45135.0,0.0158301823198, ,1, ,1, , ,1,1, , , ,1, ,1, , ,1, , , , , , , ,1, , , , , , , , , , , ,1, , ,1,1, , , ,1, ,1, , ,1,1, ,1,1,1,1, ,1,1,1,1, ,1, ,1, , , , , ,1, , , ,1,1,1,1, ,1, ,1,1,1,1,1,1,1,1, , , , ,1,1, , , , , , , ,1,1,1,1, , ,1, ,1,1,1,1, ,1,1,1,1,1,1, ,1,1
"2020-01-16 12:32:15","2020-01-16 12:33:33",78.0,2.73569119518E-05, ,1, ,1, , ,1,1, , , ,1, ,1, , ,1, , , , , , , ,1, , , , , , , , , , , ,1, , ,1,1, , , ,1, ,1, , ,1,1, ,1,1,1,1, ,1,1,1,1, ,1, ,1, , , ,299, ,1, , , ,1,1,1,1, ,1, ,1,1,1,1,1,1,1,1, , , , ,1,1, , , , , , , ,1,1,1,1, , ,1, ,1,1,1,1, ,1,1,1,1,1,1, ,1,1
"2020-01-16 12:33:33","2020-01-16 12:36:32",179.0,6.27806056329E-05, ,1, ,1, , ,1,1, , , ,1, ,1, , ,1, , , , , , , ,1, , , , , , , , , , , ,1, , ,1,1, , , ,1,1,1, , ,1,1, ,1,1,1,1, ,1,1,1,1, ,1, ,1, , , ,299, ,1, , , ,1,1,1,1, ,1, ,1,1,1,1,1,1,1,1, , , , ,1,1, , , , , , , ,1,1,1,1, , ,1, ,1,1,1,1, ,1,1,1,1,1,1, ,1,1
"2020-01-16 12:36:32","2020-01-16 12:37:14",42.0,1.47306448971E-05, ,1, ,1, , ,1,1, , , ,1, ,1, , ,1, , , , , , , ,1, , , , , , , , , , , ,1, , ,1,1, , , ,1, ,1, , ,1,1, ,1,1,1,1, ,1,1,1,1, ,1, ,1, , , ,299, ,1, , , ,1,1,1,1, ,1, ,1,1,1,1,1,1,1,1, , , , ,1,1, , , , , , , ,1,1,1,1, , ,1, ,1,1,1,1, ,1,1,1,1,1,1, ,1,1
"2020-01-16 12:37:14","2020-01-16 12:38:14",60.0,2.10437784244E-05, ,1, ,1, , ,1,1, , , ,1, ,1, , ,1, , , , , , , ,1, , , , , , , , , , , ,1, , ,1,1, , , ,1, ,1, , ,1,1, ,1,1,1,1, ,1,1,1,1, ,1, ,1, , , , , ,1, , , ,1,1,1,1, ,1, ,1,1,1,1,1,1,1,1, , , , ,1,1, , , , , , , ,1,1,1,1, , ,1, ,1,1,1,1, ,1,1,1,1,1,1, ,1,1
"2020-01-16 12:38:14","2020-01-16 12:51:58",824.0,0.000289001223696, ,1, ,1, , ,1,1, , , ,1, ,1, , ,1, , , , , , , ,1, , , , , , , , , , , ,1, , ,1,1, , , ,1, ,1, , ,1,1, ,1,1,1,1, ,1,1,1,1, ,1, ,1, , , ,824, ,1, , , ,1,1,1,1, ,1, ,1,1,1,1,1,1,1,1, , , , ,1,1, , , , , , , ,1,1,1,1, , ,1, ,1,1,1,1, ,1,1,1,1,1,1, ,1,1
"2020-01-16 12:51:58","2020-01-16 12:52:58",60.0,2.10437784244E-05, ,1, ,1, , ,1,1, , , ,1, ,1, , ,1, , , , , , , ,1, , , , , , , , , , , ,1, , ,1,1, , , ,1, ,1, , ,1,1, ,1,1,1,1, ,1,1,1,1, ,1, ,1, , , , , ,1, , , ,1,1,1,1, ,1, ,1,1,1,1,1,1,1,1, , , , ,1,1, , , , , , , ,1,1,1,1, , ,1, ,1,1,1,1, ,1,1,1,1,1,1, ,1,1
"2020-01-16 12:52:58","2020-01-16 12:56:58",240.0,8.41751136978E-05, ,1, ,1, , ,1,1, , , ,1, ,1, , ,1, , , , , , , ,1, , , , , , , , , , , ,1, , ,1,1, , , ,1, ,1, , ,1,1, ,1,1,1,1, ,1,1,1,1, ,1, ,1, , , ,240, ,1, , , ,1,1,1,1, ,1, ,1,1,1,1,1,1,1,1, , , , ,1,1, , , , , , , ,1,1,1,1, , ,1, ,1,1,1,1, ,1,1,1,1,1,1, ,1,1
"2020-01-16 12:56:58","2020-01-16 12:59:27",149.0,5.22587164207E-05, ,1, ,1, , ,1,1, , , ,1, ,1, , ,1, , , , , , , ,1, , , , , , , , , , , ,1, , ,1,1, , , ,1, ,1, , ,1,1, ,1,1,1,1, ,1,1,1,1, ,1, ,1, , , , , ,1, , , ,1,1,1,1, ,1, ,1,1,1,1,1,1,1,1, , , , ,1,1, , , , , , , ,1,1,1,1, , ,1, ,1,1,1,1, ,1,1,1,1,1,1, ,1,1
"2020-01-16 12:59:27","2020-01-16 13:03:27",240.0,8.41751136978E-05, ,1, ,1, , ,1,1, , , ,1, ,1, , ,1, , , , , , , ,1, , , , , , , , , , , ,1, , ,1,1, , , ,1, ,1, , ,1,1, ,1,1,1,1, ,1,1,1,1, ,1, ,1, , , , , ,1, , ,240,1,1,1,1, ,1, ,1,1,1,1,1,1,1,1, , , , ,1,1, , , , , , , ,1,1,1,1, , ,1, ,1,1,1,1, ,1,1,1,1,1,1, ,1,1
"2020-01-16 13:03:27","2020-01-16 13:04:27",60.0,2.10437784244E-05, ,1, ,1, , ,1,1, , , ,1, ,1, , ,1, , , , , , , ,1, , , , , , , , , , , ,1, , ,1,1, , , ,1, ,1, , ,1,1, ,1,1,1,1, ,1,1,1,1, ,1, ,1, , , , , ,1, , , ,1,1,1,1, ,1, ,1,1,1,1,1,1,1,1, , , , ,1,1, , , , , , , ,1,1,1,1, , ,1, ,1,1,1,1, ,1,1,1,1,1,1, ,1,1
"2020-01-16 13:04:27","2020-01-16 13:08:27",240.0,8.41751136978E-05, ,1, ,1, , ,1,1, , , ,1, ,1, , ,1, , , , , , , ,1, , , , , , , , , , , ,1, , ,1,1, , , ,1, ,1, , ,1,1, ,1,1,1,1, ,1,1,1,1, ,1, ,1, , , , , ,1, , ,240,1,1,1,1, ,1, ,1,1,1,1,1,1,1,1, , , , ,1,1, , , , , , , ,1,1,1,1, , ,1, ,1,1,1,1, ,1,1,1,1,1,1, ,1,1
"2020-01-16 13:08:27","2020-01-16 23:59:59",39092.0,0.0137107231028, ,1, ,1, , ,1,1, , , ,1, ,1, , ,1, , , , , , , ,1, , , , , , , , , , , ,1, , ,1,1, , , ,1, ,1, , ,1,1, ,1,1,1,1, ,1,1,1,1, ,1, ,1, , , , , ,1, , , ,1,1,1,1, ,1, ,1,1,1,1,1,1,1,1, , , , ,1,1, , , , , , , ,1,1,1,1, , ,1, ,1,1,1,1, ,1,1,1,1,1,1, ,1,1
"2020-01-16 23:59:59","2020-01-17 00:00:00",1.0,3.50729640407E-07, ,1, ,1, , ,1,1, , , ,1, ,1, , , , , , , , , , ,1, , , , , , , , , , , ,1, , ,1,1, , , ,1, ,1, , ,1,1, ,1,1,1,1, ,1,1,1,1, ,1, ,1, , , , , ,1, , , ,1,1,1,1, ,1, ,1,1,1,1,1,1,1,1, , , , ,1,1, , , , , , , ,1,1,1,1, , ,1, ,1,1,1,1, ,1,1,1,1,1,1, ,1,1
"2020-01-17 00:00:00","2020-01-17 00:12:05",725.0,0.000254278989295, ,1, ,1, , ,1,1, , , ,1, ,1, , , , , , , , , , ,1, , , , , , , , , , , ,1, , ,1,1, , , ,1, ,1, , ,1,1, ,1,1,1,1, ,1,1,1,1, ,1, ,1, , , , , ,1, , , ,1,1,1,1,1,1, ,1,1,1,1,1,1,1,1, , , , ,1,1, , , , , , , ,1,1,1,1, , ,1, ,1,1,1,1, ,1,1,1,1,1,1, ,1,1
"2020-01-17 00:12:05","2020-01-17 00:13:05",60.0,2.10437784244E-05,1,1, ,1, , ,1,1, , , ,1, ,1, , , , , , , , , , ,1, , , , , , , , , , , ,1, , ,1,1, , , ,1, ,1, , ,1,1, ,1,1,1,1, ,1,1,1,1, ,1, ,1, , , , , ,1, , , ,1,1,1,1,1,1, ,1,1,1,1,1,1,1,1, , , , ,1,1, , , , , , , ,1,1,1,1, , ,1, ,1,1,1,1, ,1,1,1,1,1,1, ,1,1
"2020-01-17 00:13:05","2020-01-17 12:34:51",44506.0,0.015609573376, ,1, ,1, , ,1,1, , , ,1, ,1, , , , , , , , , , ,1, , , , , , , , , , , ,1, , ,1,1, , , ,1, ,1, , ,1,1, ,1,1,1,1, ,1,1,1,1, ,1, ,1, , , , , ,1, , , ,1,1,1,1,1,1, ,1,1,1,1,1,1,1,1, , , , ,1,1, , , , , , , ,1,1,1,1, , ,1, ,1,1,1,1, ,1,1,1,1,1,1, ,1,1
"2020-01-17 12:34:51","2020-01-17 12:38:50",239.0,8.38243840574E-05, ,1, ,1, , ,1,1, , , ,1, ,1, , , , , , , , , ,1,1, , , , , , , , , , , ,1, , ,1,1, , , ,1, ,1, , ,1,1, ,1,1,1,1, ,1,1,1,1, ,1, ,1, , , , , ,1, , , ,1,1,1,1,1,1, ,1,1,1,1,1,1,1,1, , , , ,1,1, , , , , , , ,1,1,1,1, , ,1, ,1,1,1,1, ,1,1,1,1,1,1, ,1,1
"2020-01-17 12:38:50","2020-01-17 16:25:05",13575.0,0.00476115486853, ,1, ,1, , ,1,1, , , ,1, ,1, , , , , , , , , , ,1, , , , , , , , , , , ,1, , ,1,1, , , ,1, ,1, , ,1,1, ,1,1,1,1, ,1,1,1,1, ,1, ,1, , , , , ,1, , , ,1,1,1,1,1,1, ,1,1,1,1,1,1,1,1, , , , ,1,1, , , , , , , ,1,1,1,1, , ,1, ,1,1,1,1, ,1,1,1,1,1,1, ,1,1
"2020-01-17 16:25:05","2020-01-17 16:26:05",60.0,2.10437784244E-05,1,1, ,1, , ,1,1, , , ,1, ,1, , , , , , , , , , ,1, , , , , , , , , , , ,1, , ,1,1, , , ,1, ,1, , ,1,1, ,1,1,1,1, ,1,1,1,1, ,1, ,1, , , , , ,1, , , ,1,1,1,1,1,1, ,1,1,1,1,1,1,1,1, , , , ,1,1, , , , , , , ,1,1,1,1, , ,1, ,1,1,1,1, ,1,1,1,1,1,1, ,1,1
"2020-01-17 16:26:05","2020-01-17 20:14:55",13730.0,0.00481551796279, ,1, ,1, , ,1,1, , , ,1, ,1, , , , , , , , , , ,1, , , , , , , , , , , ,1, , ,1,1, , , ,1, ,1, , ,1,1, ,1,1,1,1, ,1,1,1,1, ,1, ,1, , , , , ,1, , , ,1,1,1,1,1,1, ,1,1,1,1,1,1,1,1, , , , ,1,1, , , , , , , ,1,1,1,1, , ,1, ,1,1,1,1, ,1,1,1,1,1,1, ,1,1
"2020-01-17 20:14:55","2020-01-17 20:17:25",150.0,5.26094460611E-05, ,1, ,1, , ,1,1, , , ,1, ,1, , , , , , , , , , ,1, , , , , , , , , , , ,1, , ,1,1, , , ,1, ,1, , ,1,1, ,1,1,1,1, ,1,1,1,1, ,1, ,1, , , , , ,1, , , ,1,1,1,1,1,1, ,1,1,1,1,1,1,1,1,150, , , ,1,1, , , , , , , ,1,1,1,1, , ,1, ,1,1,1,1, ,1,1,1,1,1,1, ,1,1
"2020-01-17 20:17:25","2020-01-17 20:21:25",240.0,8.41751136978E-05, ,1, ,1, , ,1,1, , , ,1, ,1, , , , , , , , , , ,1, , , , , , , , , , , ,1, , ,1,1, , , ,1, ,1, , ,1,1, ,1,1,1,1, ,1,1,1,1, ,1, ,1, , , , , ,1, , , ,1,1,1,1,1,1, ,1,1,1,1,1,1,1,1,240, , , ,1,1, , , , , , , ,1,1,1,1, , ,1, ,1,1,1,1, ,1,1,1,1,1,1, ,1,1
"2020-01-17 20:21:25","2020-01-17 23:59:59",13114.0,0.0045994685043, ,1, ,1, , ,1,1, , , ,1, ,1, , , , , , , , , , ,1, , , , , , , , , , , ,1, , ,1,1, , , ,1, ,1, , ,1,1, ,1,1,1,1, ,1,1,1,1, ,1, ,1, , , , , ,1, , , ,1,1,1,1,1,1, ,1,1,1,1,1,1,1,1, , , , ,1,1, , , , , , , ,1,1,1,1, , ,1, ,1,1,1,1, ,1,1,1,1,1,1, ,1,1
"2020-01-17 23:59:59","2020-01-18 00:00:00",1.0,3.50729640407E-07, ,1, ,1, , ,1,1, , , ,1, ,1, , , , , , , , , , ,1, , , , , , , , , , , ,1, , ,1,1, , , ,1, ,1, , ,1,1, ,1,1,1,1, ,1,1,1,1, ,1, ,1, , , , , ,1, , , ,1,1,1,1, ,1, ,1,1,1,1,1,1,1,1, , , , ,1,1, , , , , , , ,1,1,1,1, , ,1, ,1,1,1,1, ,1,1,1,1,1,1, ,1,1
"2020-01-18 00:00:00","2020-01-18 08:23:46",30226.0,0.010601154111, ,1, ,1, , ,1,1,1, , ,1, ,1, , , , , , , , , , ,1, , , , , , , , , , , ,1, , ,1,1, , , ,1, ,1, , ,1,1, ,1,1,1,1, ,1,1,1,1, ,1, ,1, , , , , ,1, , , ,1,1,1,1, ,1, ,1,1,1,1,1,1,1,1, , , , ,1,1, , , , , , , ,1,1,1,1, , ,1, ,1,1,1,1, ,1,1,1,1,1,1, ,1,1
"2020-01-18 08:23:46","2020-01-18 08:26:46",180.0,6.31313352733E-05, ,1, ,1, , ,1,1,1, , ,1, ,1, , , , , , , , , , ,1, , , , , , , , , , , ,1, , ,1,1, , , ,1, ,1, , ,1,1,1,1,1,1,1, ,1,1,1,1, ,1, ,1, , , , , ,1, , , ,1,1,1,1, ,1, ,1,1,1,1,1,1,1,1, , , , ,1,1, , , , , , , ,1,1,1,1, , ,1, ,1,1,1,1, ,1,1,1,1,1,1, ,1,1
"2020-01-18 08:26:46","2020-01-18 23:59:59",55993.0,0.0196384047553, ,1, ,1, , ,1,1,1, , ,1, ,1, , , , , , , , , , ,1, , , , , , , , , , , ,1, , ,1,1, , , ,1, ,1, , ,1,1, ,1,1,1,1, ,1,1,1,1, ,1, ,1, , , , , ,1, , , ,1,1,1,1, ,1, ,1,1,1,1,1,1,1,1, , , , ,1,1, , , , , , , ,1,1,1,1, , ,1, ,1,1,1,1, ,1,1,1,1,1,1, ,1,1
"2020-01-18 23:59:59","2020-01-19 00:00:00",1.0,3.50729640407E-07, ,1, ,1, , ,1,1, , , ,1, ,1, , , , , , , , , , ,1, , , , , , , , , , , ,1, , ,1,1, , , ,1, ,1, , ,1,1, ,1,1,1,1, ,1,1,1,1, ,1, ,1, , , , , ,1, , , ,1,1,1,1, ,1, ,1,1,1,1,1,1,1,1, , , , ,1,1, , , , , , , ,1,1,1,1, , ,1, ,1,1,1,1, ,1,1,1,1,1,1, ,1,1
"2020-01-19 00:00:00","2020-01-19 23:11:05",83465.0,0.0292736494366, ,1, ,1, , ,1,1, ,1, ,1, ,1, , , , , , , , , , ,1, , , , , , , , , , , ,1, , ,1,1, , , ,1, ,1, , ,1,1, ,1,1,1,1, ,1,1,1,1, ,1, ,1, , , , , ,1, , , ,1,1,1,1, ,1, ,1,1,1,1,1,1,1,1, , , , ,1,1, , , , , , , ,1,1,1,1, , ,1, ,1,1,1,1, ,1,1,1,1,1,1, ,1,1
"2020-01-19 23:11:05","2020-01-19 23:12:05",60.0,2.10437784244E-05, ,1, ,1, , ,1,1, ,1, ,1, ,1, , , , , , , , , , ,1, , , , , , , , , , , ,1, , ,1,1, , ,1,1, ,1, , ,1,1, ,1,1,1,1, ,1,1,1,1, ,1, ,1, , , , , ,1, , , ,1,1,1,1, ,1, ,1,1,1,1,1,1,1,1, , , , ,1,1, , , , , , , ,1,1,1,1, , ,1, ,1,1,1,1, ,1,1,1,1,1,1, ,1,1
"2020-01-19 23:12:05","2020-01-19 23:12:09",4.0,1.40291856163E-06,1,1, ,1, , ,1,1, ,1, ,1, ,1, , , , , , , , , , ,1, , , , , , , , , , , ,1, , ,1,1, , ,1,1, ,1, , ,1,1, ,1,1,1,1, ,1,1,1,1, ,1, ,1, , , , , ,1, , , ,1,1,1,1, ,1, ,1,1,1,1,1,1,1,1, , , , ,1,1, , , , , , , ,1,1,1,1, , ,1, ,1,1,1,1, ,1,1,1,1,1,1, ,1,1
"2020-01-19 23:12:09","2020-01-19 23:13:05",56.0,1.96408598628E-05,1,1, ,1, , ,1,1, ,1, ,1, ,1, , , , , , , , , , ,1, , , , , , , , , , , ,1, , ,1,1, , , ,1, ,1, , ,1,1, ,1,1,1,1, ,1,1,1,1, ,1, ,1, , , , , ,1, , , ,1,1,1,1, ,1, ,1,1,1,1,1,1,1,1, , , , ,1,1, , , , , , , ,1,1,1,1, , ,1, ,1,1,1,1, ,1,1,1,1,1,1, ,1,1
"2020-01-19 23:13:05","2020-01-19 23:59:59",2814.0,0.000986953208106, ,1, ,1, , ,1,1, ,1, ,1, ,1, , , , , , , , , , ,1, , , , , , , , , , , ,1, , ,1,1, , , ,1, ,1, , ,1,1, ,1,1,1,1, ,1,1,1,1, ,1, ,1, , , , , ,1, , , ,1,1,1,1, ,1, ,1,1,1,1,1,1,1,1, , , , ,1,1, , , , , , , ,1,1,1,1, , ,1, ,1,1,1,1, ,1,1,1,1,1,1, ,1,1
"2020-01-19 23:59:59","2020-01-20 00:00:00",1.0,3.50729640407E-07, ,1, ,1, , ,1,1, , , ,1, ,1, , , , , , , , , , ,1, , , , , , , , , , , ,1, , ,1,1, , , ,1, ,1, , ,1,1, ,1,1,1,1, ,1,1,1,1, ,1, ,1, , , , , ,1, , , ,1,1,1,1, ,1, ,1,1,1,1,1,1,1,1, , , , ,1,1, , , , , , , ,1,1,1,1, , ,1, ,1,1,1,1, ,1,1,1,1,1,1, ,1,1
"2020-01-20 00:00:00","2020-01-20 04:44:05",17045.0,0.00597818672074, ,1, ,1, , ,1,1, , , ,1, ,1, , , , , , , , , , ,1, , , , , , , , , , , ,1, , ,1,1, , , ,1, ,1, , ,1,1, ,1,1,1,1, ,1,1,1,1, ,1, ,1, ,1, , , ,1, , , ,1,1,1,1, ,1, ,1,1,1,1,1,1,1,1, , , , ,1,1, , , , , , , ,1,1,1,1, , ,1, ,1,1,1,1, ,1,1,1,1,1,1, ,1,1
"2020-01-20 04:44:05","2020-01-20 04:45:05",60.0,2.10437784244E-05,1,1, ,1, , ,1,1, , , ,1, ,1, , , , , , , , , , ,1, , , , , , , , , , , ,1, , ,1,1, , , ,1, ,1, , ,1,1, ,1,1,1,1, ,1,1,1,1, ,1, ,1, ,1, , , ,1, , , ,1,1,1,1, ,1, ,1,1,1,1,1,1,1,1, , , , ,1,1, , , , , , , ,1,1,1,1, , ,1, ,1,1,1,1, ,1,1,1,1,1,1, ,1,1
"2020-01-20 04:45:05","2020-01-20 23:59:59",69294.0,0.0243034597024, ,1, ,1, , ,1,1, , , ,1, ,1, , , , , , , , , , ,1, , , , , , , , , , , ,1, , ,1,1, , , ,1, ,1, , ,1,1, ,1,1,1,1, ,1,1,1,1, ,1, ,1, ,1, , , ,1, , , ,1,1,1,1, ,1, ,1,1,1,1,1,1,1,1, , , , ,1,1, , , , , , , ,1,1,1,1, , ,1, ,1,1,1,1, ,1,1,1,1,1,1, ,1,1
"2020-01-20 23:59:59","2020-01-21 00:00:00",1.0,3.50729640407E-07, ,1, ,1, , ,1,1, , , ,1, ,1, , , , , , , , , , ,1, , , , , , , , , , , ,1, , ,1,1, , , ,1, ,1, , ,1,1, ,1,1,1,1, ,1,1,1,1, ,1, ,1, , , , , ,1, , , ,1,1,1,1, ,1, ,1,1,1,1,1,1,1,1, , , , ,1,1, , , , , , , ,1,1,1,1, , ,1, ,1,1,1,1, ,1,1,1,1,1,1, ,1,1
"2020-01-21 00:00:00","2020-01-21 23:59:59",86399.0,0.0303026902016, ,1, ,1, , ,1,1, , , ,1, ,1, , , , , , , , , , ,1, , , , , , , , , , , ,1, , ,1,1, , , ,1, ,1, , ,1,1, ,1,1,1,1, ,1,1,1,1, ,1, ,1,1, , , , ,1, , , ,1,1,1,1, ,1, ,1,1,1,1,1,1,1,1, , , , ,1,1, , , , , , , ,1,1,1,1, , ,1, ,1,1,1,1, ,1,1,1,1,1,1, ,1,1
"2020-01-21 23:59:59","2020-01-22 00:00:00",1.0,3.50729640407E-07, ,1, ,1, , ,1,1, , , ,1, ,1, , , , , , , , , , ,1, , , , , , , , , , , ,1, , ,1,1, , , ,1, ,1, , ,1,1, ,1,1,1,1, ,1,1,1,1, ,1, ,1, , , , , ,1, , , ,1,1,1,1, ,1, ,1,1,1,1,1,1,1,1, , , , ,1,1, , , , , , , ,1,1,1,1, , ,1, ,1,1,1,1, ,1,1,1,1,1,1, ,1,1
"2020-01-22 00:00:00","2020-01-22 00:00:22",22.0,7.71605208896E-06, ,1, ,1, , ,1,1, , , ,1, ,1, , , , , , , , , , ,1, , , , , , , , , , , ,1, , ,1,1, , , ,1, ,1, , ,1,1, ,1,1,1,1, ,1,1,1,1, ,1, ,1, , , , , ,1, , , ,1,1,1,1, ,1, ,1,1,1,1,1,1,1,1, , , ,1,1,1, , , , , , , ,1,1,1,1, , ,1, ,1,1,1,1, ,1,1,1,1,1,1, ,1,1
"2020-01-22 00:00:22","2020-01-22 00:01:33",71.0,2.49018044689E-05, ,1, ,1, , ,1,1, , , ,1, ,1, , , , , , , , , , ,1, , , , , , , , , , , ,1, , ,1,1, , , ,1, ,1, , ,1,1, ,1,1,1,1, ,1,1,1,1, ,1, ,1, , , , , ,1, , ,1139,1,1,1,1, ,1, ,1,1,1,1,1,1,1,1, , , ,1,1,1, , , , , , , ,1,1,1,1, , ,1, ,1,1,1,1, ,1,1,1,1,1,1, ,1,1
"2020-01-22 00:01:33","2020-01-22 00:13:33",720.0,0.000252525341093, ,1, ,1, , ,1,1, , , ,1, ,1, , , , , , , , , , ,1, , , , , , , , , , , ,1, , ,1,1, , , ,1, ,1, , ,1,1, ,1,1,1,1, ,1,1,1,1, ,1, ,1, , , , , ,1, , ,1139,1,1,1,1, ,1, ,1,1,1,1,1,1,1,1, , , ,1,1,1, , , , , , , ,1,1,1,1, , ,1,1,1,1,1,1, ,1,1,1,1,1,1, ,1,1
"2020-01-22 00:13:33","2020-01-22 00:17:32",239.0,8.38243840574E-05, ,1, ,1, , ,1,1, , , ,1, ,1, , , , , , ,239, , , ,1, , , , , , , , , , , ,1, , ,1,1, , , ,1, ,1, , ,1,1, ,1,1,1,1, ,1,1,1,1, ,1, ,1, , , , , ,1, , ,1139,1,1,1,1, ,1, ,1,1,1,1,1,1,1,1, , ,239,1,1,1, , , , , , , ,1,1,1,1, , ,1,1,1,1,1,1, ,1,1,1,1,1,1, ,1,1
"2020-01-22 00:17:32","2020-01-22 00:19:21",109.0,3.82295308044E-05, ,1, ,1, , ,1,1, , , ,1, ,1, , , , , , , , , , ,1, , , , , , , , , , , ,1, , ,1,1, , , ,1, ,1, , ,1,1, ,1,1,1,1, ,1,1,1,1, ,1, ,1, , , , , ,1, , ,1139,1,1,1,1, ,1, ,1,1,1,1,1,1,1,1, , , ,1,1,1, , , , , , , ,1,1,1,1, , ,1, ,1,1,1,1, ,1,1,1,1,1,1, ,1,1
"2020-01-22 00:19:21","2020-01-22 00:24:51",330.0,0.000115740781334, ,1, ,1, , ,1,1, , , ,1, ,1, , , , , , , , , , ,1, , , , , , , , , , , ,1, , ,1,1, , , ,1, ,1, , ,1,1, ,1,1,1,1, ,1,1,1,1, ,1, ,1, , , , , ,1, , ,330,1,1,1,1, ,1, ,1,1,1,1,1,1,1,1, , , ,1,1,1, , , , , , , ,1,1,1,1, , ,1, ,1,1,1,1, ,1,1,1,1,1,1, ,1,1
"2020-01-22 00:24:51","2020-01-22 05:02:25",16654.0,0.00584105143135, ,1, ,1, , ,1,1, , , ,1, ,1, , , , , , , , , , ,1, , , , , , , , , , , ,1, , ,1,1, , , ,1, ,1, , ,1,1, ,1,1,1,1, ,1,1,1,1, ,1, ,1, , , , , ,1, , , ,1,1,1,1, ,1, ,1,1,1,1,1,1,1,1, , , ,1,1,1, , , , , , , ,1,1,1,1, , ,1, ,1,1,1,1, ,1,1,1,1,1,1, ,1,1
"2020-01-22 05:02:25","2020-01-22 05:27:25",1500.0,0.000526094460611, ,1, ,1, , ,1,1, , , ,1, ,1, , , , , , , , , , ,1, , , , , , , , , , , ,1, , ,1,1, , , ,1, ,1, , ,1,1, ,1,1,1,1, ,1,1,1,1, ,1, ,1, , , , , ,1, , , ,1,1,1,1, ,1, ,1,1,1,1,1,1,1,1,1500, , ,1,1,1, , , , , , , ,1,1,1,1, , ,1, ,1,1,1,1, ,1,1,1,1,1,1, ,1,1
"2020-01-22 05:27:25","2020-01-22 05:31:25",240.0,8.41751136978E-05, ,1, ,1, , ,1,1, , , ,1, ,1, , , , , , , , , , ,1, , , , , , , , , , , ,1, , ,1,1, , , ,1, ,1, , ,1,1, ,1,1,1,1, ,1,1,1,1, ,1, ,1, , , , , ,1, , , ,1,1,1,1, ,1, ,1,1,1,1,1,1,1,1,240, , ,1,1,1, , , , , , , ,1,1,1,1, , ,1, ,1,1,1,1, ,1,1,1,1,1,1, ,1,1
"2020-01-22 05:31:25","2020-01-22 06:00:55",1770.0,0.000620791463521, ,1, ,1, , ,1,1, , , ,1, ,1, , , , , , , , , , ,1, , , , , , , , , , , ,1, , ,1,1, , , ,1, ,1, , ,1,1, ,1,1,1,1, ,1,1,1,1, ,1, ,1, , , , , ,1, , , ,1,1,1,1, ,1, ,1,1,1,1,1,1,1,1, , , ,1,1,1, , , , , , , ,1,1,1,1, , ,1, ,1,1,1,1, ,1,1,1,1,1,1, ,1,1
"2020-01-22 06:00:55","2020-01-22 06:04:25",210.0,7.36532244856E-05, ,1, ,1, , ,1,1, , , ,1, ,1, , , , , , , , , , ,1, , , , , , , , , , , ,1, , ,1,1, , , ,1, ,1, , ,1,1, ,1,1,1,1, ,1,1,1,1, ,1, ,1, , , , , ,1, , , ,1,1,1,1, ,1, ,1,1,1,1,1,1,1,1,210, , ,1,1,1, , , , , , , ,1,1,1,1, , ,1, ,1,1,1,1, ,1,1,1,1,1,1, ,1,1
"2020-01-22 06:04:25","2020-01-22 07:25:25",4860.0,0.00170454605238, ,1, ,1, , ,1,1, , , ,1, ,1, , , , , , , , , , ,1, , , , , , , , , , , ,1, , ,1,1, , , ,1, ,1, , ,1,1, ,1,1,1,1, ,1,1,1,1, ,1, ,1, , , , , ,1, , , ,1,1,1,1, ,1, ,1,1,1,1,1,1,1,1, , , ,1,1,1, , , , , , , ,1,1,1,1, , ,1, ,1,1,1,1, ,1,1,1,1,1,1, ,1,1
"2020-01-22 07:25:25","2020-01-22 07:28:25",180.0,6.31313352733E-05, ,1, ,1, , ,1,1, , , ,1, ,1, , , , , , , , , , ,1, , , , , , , , , , , ,1, , ,1,1, , , ,1, ,1, , ,1,1, ,1,1,1,1, ,1,1,1,1, ,1, ,1, , , , , ,1, , , ,1,1,1,1, ,1, ,1,1,1,1,1,1,1,1,180, , ,1,1,1, , , , , , , ,1,1,1,1, , ,1, ,1,1,1,1, ,1,1,1,1,1,1, ,1,1
"2020-01-22 07:28:25","2020-01-22 23:59:59",59494.0,0.0208663092264, ,1, ,1, , ,1,1, , , ,1, ,1, , , , , , , , , , ,1, , , , , , , , , , , ,1, , ,1,1, , , ,1, ,1, , ,1,1, ,1,1,1,1, ,1,1,1,1, ,1, ,1, , , , , ,1, , , ,1,1,1,1, ,1, ,1,1,1,1,1,1,1,1, , , ,1,1,1, , , , , , , ,1,1,1,1, , ,1, ,1,1,1,1, ,1,1,1,1,1,1, ,1,1
"2020-01-22 23:59:59","2020-01-23 00:00:00",1.0,3.50729640407E-07, ,1, ,1, , ,1,1, , , ,1, ,1, , , , , , , , , , ,1, , , , , , , , , , , ,1, , ,1,1, , , ,1, ,1, , ,1,1, ,1,1,1,1, ,1,1,1,1, ,1, ,1, , , , , ,1, , , ,1,1,1,1, ,1, ,1,1,1,1,1,1,1,1, , , , ,1,1, , , , , , , ,1,1,1,1, , ,1, ,1,1,1,1, ,1,1,1,1,1,1, ,1,1
"2020-01-23 00:00:00","2020-01-23 07:51:21",28281.0,0.00991898496036, ,1,1,1, , ,1,1, , , ,1, ,1, , , , , , , , , , ,1, , , , , , , , , , , ,1, , ,1,1, ,1, ,1, ,1, , ,1,1, ,1,1,1,1, ,1,1,1,1, ,1,1,1, , , , , ,1, , , ,1,1,1,1, ,1, ,1,1,1,1,1,1,1,1, , , , ,1,1, , , , , , , ,1,1,1,1, , ,1, ,1,1,1,1, ,1,1,1,1,1,1, ,1,1
"2020-01-23 07:51:21","2020-01-23 07:57:21",360.0,0.000126262670547, ,1,1,1, , ,1,1, , , ,1, ,1, , , , , , , , , , ,1, , , , , , , , , , , ,1, , ,1,1, ,1, ,1, ,1, , ,1,1, ,1,1,1,1, ,1,1,1,1, ,1,1,1, , , , , ,1, , ,360,1,1,1,1, ,1, ,1,1,1,1,1,1,1,1, , , , ,1,1, , , , , , , ,1,1,1,1, , ,1, ,1,1,1,1, ,1,1,1,1,1,1, ,1,1
"2020-01-23 07:57:21","2020-01-23 08:02:21",300.0,0.000105218892122, ,1,1,1, , ,1,1, , , ,1, ,1, , , , , , , , , , ,1, , , , , , , , , , , ,1, , ,1,1, ,1, ,1, ,1, , ,1,1, ,1,1,1,1, ,1,1,1,1, ,1,1,1, , , , , ,1, , ,300,1,1,1,1, ,1, ,1,1,1,1,1,1,1,1, , , , ,1,1, , , , , , , ,1,1,1,1, , ,1, ,1,1,1,1, ,1,1,1,1,1,1, ,1,1
"2020-01-23 08:02:21","2020-01-23 08:32:25",1804.0,0.000632716271295, ,1,1,1, , ,1,1, , , ,1, ,1, , , , , , , , , , ,1, , , , , , , , , , , ,1, , ,1,1, ,1, ,1, ,1, , ,1,1, ,1,1,1,1, ,1,1,1,1, ,1,1,1, , , , , ,1, , , ,1,1,1,1, ,1, ,1,1,1,1,1,1,1,1, , , , ,1,1, , , , , , , ,1,1,1,1, , ,1, ,1,1,1,1, ,1,1,1,1,1,1, ,1,1
"2020-01-23 08:32:25","2020-01-23 08:37:25",300.0,0.000105218892122, ,1,1,1, , ,1,1, , , ,1, ,1, , , , , , , , , , ,1, , , , , , , , , , , ,1, , ,1,1, ,1, ,1, ,1, , ,1,1, ,1,1,1,1, ,1,1,1,1, ,1,1,1, , , , , ,1, , , ,1,1,1,1, ,1, ,1,1,1,1,1,1,1,1,300, , , ,1,1, , , , , , , ,1,1,1,1, , ,1, ,1,1,1,1, ,1,1,1,1,1,1, ,1,1
"2020-01-23 08:37:25","2020-01-23 08:43:25",360.0,0.000126262670547, ,1,1,1, , ,1,1, , , ,1, ,1, , , , , , , , , , ,1, , , , , , , , , , , ,1, , ,1,1, ,1, ,1, ,1, , ,1,1, ,1,1,1,1, ,1,1,1,1, ,1,1,1, , , , , ,1, , , ,1,1,1,1, ,1, ,1,1,1,1,1,1,1,1,360, , , ,1,1, , , , , , , ,1,1,1,1, , ,1, ,1,1,1,1, ,1,1,1,1,1,1, ,1,1
"2020-01-23 08:43:25","2020-01-23 23:59:35",54970.0,0.0192796083332, ,1,1,1, , ,1,1, , , ,1, ,1, , , , , , , , , , ,1, , , , , , , , , , , ,1, , ,1,1, ,1, ,1, ,1, , ,1,1, ,1,1,1,1, ,1,1,1,1, ,1,1,1, , , , , ,1, , , ,1,1,1,1, ,1, ,1,1,1,1,1,1,1,1, , , , ,1,1, , , , , , , ,1,1,1,1, , ,1, ,1,1,1,1, ,1,1,1,1,1,1, ,1,1
"2020-01-23 23:59:35","2020-01-23 23:59:59",24.0,8.41751136978E-06, ,1, ,1, , ,1,1, , , ,1, ,1, , , , , , , , , , ,1, , , , , , , , , , , ,1, , ,1,1, , , ,1, ,1, , ,1,1, ,1,1,1,1, ,1,1,1,1, ,1,1,1, , , , , ,1, , , ,1,1,1,1, ,1, ,1,1,1,1,1,1,1,1, , , , ,1,1, , , , , , , ,1,1,1,1, , ,1, ,1,1,1,1, ,1,1,1,1,1,1, ,1,1
"2020-01-23 23:59:59","2020-01-24 00:00:00",1.0,3.50729640407E-07, ,1, ,1, , ,1,1, , , ,1, ,1, , , , , , , , , , ,1, , , , , , , , , , , ,1, , ,1,1, , , ,1, ,1, , ,1,1, ,1,1,1,1, ,1,1,1,1, ,1, ,1, , , , , ,1, , , ,1,1,1,1, ,1, ,1,1,1,1,1,1,1,1, , , , ,1,1, , , , , , , ,1,1,1,1, , ,1, ,1,1,1,1, ,1,1,1,1,1,1, ,1,1
"2020-01-24 00:00:00","2020-01-24 06:06:48",22008.0,0.00771885792609, ,1, ,1, , ,1,1, , , ,1, ,1, , , , , , , , , , ,1, , , , , , , , , , , ,1, , ,1,1, , , ,1, ,1, , ,1,1, ,1,1,1,1, ,1,1,1,1, ,1, ,1, , , , , ,1, , , ,1,1,1,1, ,1, ,1,1,1,1,1,1,1,1, , , , ,1,1, ,1, , , , , ,1,1,1,1, , ,1, ,1,1,1,1, ,1,1,1,1,1,1, ,1,1
"2020-01-24 06:06:48","2020-01-24 06:26:48",1200.0,0.000420875568489, ,1, ,1, , ,1,1, , , ,1, ,1, , , , , , , , , , ,1, , , , , , , , , , , ,1, , ,1,1, , , ,1, ,1, , ,1,1, ,1,1,1,1, ,1,1,1,1, ,1, ,1, , , , , ,1, , , ,1,1,1,1, ,1, ,1,1,1,1,1,1,1,1, , , , ,1,1, ,1, , , ,1, ,1,1,1,1, , ,1, ,1,1,1,1, ,1,1,1,1,1,1, ,1,1
"2020-01-24 06:26:48","2020-01-24 23:59:59",63191.0,0.022162956707, ,1, ,1, , ,1,1, , , ,1, ,1, , , , , , , , , , ,1, , , , , , , , , , , ,1, , ,1,1, , , ,1, ,1, , ,1,1, ,1,1,1,1, ,1,1,1,1, ,1, ,1, , , , , ,1, , , ,1,1,1,1, ,1, ,1,1,1,1,1,1,1,1, , , , ,1,1, ,1, , , , , ,1,1,1,1, , ,1, ,1,1,1,1, ,1,1,1,1,1,1, ,1,1
"2020-01-24 23:59:59","2020-01-25 00:00:00",1.0,3.50729640407E-07, ,1, ,1, , ,1,1, , , ,1, ,1, , , , , , , , , , ,1, , , , , , , , , , , ,1, , ,1,1, , , ,1, ,1, , ,1,1, ,1,1,1,1, ,1,1,1,1, ,1, ,1, , , , , ,1, , , ,1,1,1,1, ,1, ,1,1,1,1,1,1,1,1, , , , ,1,1, , , , , , , ,1,1,1,1, , ,1, ,1,1,1,1, ,1,1,1,1,1,1, ,1,1
"2020-01-25 00:00:00","2020-01-25 03:28:02",12482.0,0.00437780737157, ,1, ,1, , ,1,1, , , ,1, ,1, , , , , , , , , , ,1, , , , , , , , , , , ,1, , ,1,1, , , ,1, ,1, , ,1,1, ,1,1,1,1, ,1,1,1,1, ,1, ,1, , , , ,1,1, , , ,1,1,1,1, ,1, ,1,1,1,1,1,1,1,1, , , , ,1,1, , , , , , , ,1,1,1,1, , ,1, ,1,1,1,1, ,1,1,1,1,1,1, ,1,1
"2020-01-25 03:28:02","2020-01-25 03:29:02",60.0,2.10437784244E-05, ,1, ,1, , ,1,1, , , ,1, ,1, , , , , , , , , , ,1, , , , , , , , , , , ,1, , ,1,1, , , ,1, ,1, , ,1,1, ,1,1,1,1, ,1,1,1,1, ,1, ,1, , , , ,1,1, , , ,1,1,1,1, ,1, ,1,1,1,1,1,1,1,1, , , , ,1,1, , , , ,1, , ,1,1,1,1, , ,1, ,1,1,1,1, ,1,1,1,1,1,1, ,1,1
"2020-01-25 03:29:02","2020-01-25 23:59:59",73857.0,0.0259038390516, ,1, ,1, , ,1,1, , , ,1, ,1, , , , , , , , , , ,1, , , , , , , , , , , ,1, , ,1,1, , , ,1, ,1, , ,1,1, ,1,1,1,1, ,1,1,1,1, ,1, ,1, , , , ,1,1, , , ,1,1,1,1, ,1, ,1,1,1,1,1,1,1,1, , , , ,1,1, , , , , , , ,1,1,1,1, , ,1, ,1,1,1,1, ,1,1,1,1,1,1, ,1,1
"2020-01-25 23:59:59","2020-01-26 00:00:00",1.0,3.50729640407E-07, ,1, ,1, , ,1,1, , , ,1, ,1, , , , , , , , , , ,1, , , , , , , , , , , ,1, , ,1,1, , , ,1, ,1, , ,1,1, ,1,1,1,1, ,1,1,1,1, ,1, ,1, , , , , ,1, , , ,1,1,1,1, ,1, ,1,1,1,1,1,1,1,1, , , , ,1,1, , , , , , , ,1,1,1,1, , ,1, ,1,1,1,1, ,1,1,1,1,1,1, ,1,1
"2020-01-26 00:00:00","2020-01-26 06:09:54",22194.0,0.0077840936392, ,1, ,1, , ,1,1, , , ,1, ,1, , , , , , , , , , ,1, , , , , , , , , , , ,1, , ,1,1, , , ,1, ,1, , ,1,1, ,1,1,1,1, ,1,1,1,1, ,1, ,1, , , , , ,1, , , ,1,1,1,1, ,1, ,1,1,1,1,1,1,1,1, , , , ,1,1,1, , , , , , ,1,1,1,1, , ,1, ,1,1,1,1, ,1,1,1,1,1,1, ,1,1
"2020-01-26 06:09:54","2020-01-26 06:10:54",60.0,2.10437784244E-05, ,1, ,1, , ,1,1, , , ,1, ,1, , , , , , , ,1, , ,1, , , , , , , , , , , ,1, , ,1,1, , , ,1, ,1, , ,1,1, ,1,1,1,1, ,1,1,1,1, ,1, ,1, , , , , ,1, , , ,1,1,1,1, ,1, ,1,1,1,1,1,1,1,1, , , , ,1,1,1, , , , , , ,1,1,1,1, , ,1, ,1,1,1,1, ,1,1,1,1,1,1, ,1,1
"2020-01-26 06:10:54","2020-01-26 23:59:59",64145.0,0.0224975527839, ,1, ,1, , ,1,1, , , ,1, ,1, , , , , , , , , , ,1, , , , , , , , , , , ,1, , ,1,1, , , ,1, ,1, , ,1,1, ,1,1,1,1, ,1,1,1,1, ,1, ,1, , , , , ,1, , , ,1,1,1,1, ,1, ,1,1,1,1,1,1,1,1, , , , ,1,1,1, , , , , , ,1,1,1,1, , ,1, ,1,1,1,1, ,1,1,1,1,1,1, ,1,1
"2020-01-26 23:59:59","2020-01-27 00:00:00",1.0,3.50729640407E-07, ,1, ,1, , ,1,1, , , ,1, ,1, , , , , , , , , , ,1, , , , , , , , , , , ,1, , ,1,1, , , ,1, ,1, , ,1,1, ,1,1,1,1, ,1,1,1,1, ,1, ,1, , , , , ,1, , , ,1,1,1,1, ,1, ,1,1,1,1,1,1,1,1, , , , ,1,1, , , , , , , ,1,1,1,1, , ,1, ,1,1,1,1, ,1,1,1,1,1,1, ,1,1
"2020-01-27 00:00:00","2020-01-27 00:41:04",2464.0,0.000864197833964, ,1, ,1, , ,1,1, , , ,1, ,1, , , , , , , , , , ,1, , , , , , , , , , , ,1, , ,1,1, , , ,1, ,1, , ,1,1, ,1,1,1,1, ,1,1,1,1, ,1, ,1, , ,1, , ,1, , , ,1,1,1,1, ,1, ,1,1,1,1,1,1,1,1, , , , ,1,1, , , , , , , ,1,1,1,1, , ,1, ,1,1,1,1, ,1,1,1,1,1,1, ,1,1
"2020-01-27 00:41:04","2020-01-27 00:42:04",60.0,2.10437784244E-05, ,1, ,1, , ,1,1, , , ,1, ,1, , , , , , , , , , ,1, , , , , , , , , , , ,1, , ,1,1,1, , ,1, ,1, , ,1,1, ,1,1,1,1, ,1,1,1,1, ,1, ,1, , ,1, , ,1, , , ,1,1,1,1, ,1, ,1,1,1,1,1,1,1,1, , , , ,1,1, , , , , , , ,1,1,1,1, , ,1, ,1,1,1,1, ,1,1,1,1,1,1, ,1,1
"2020-01-27 00:42:04","2020-01-27 01:23:04",2460.0,0.000862794915402, ,1, ,1, , ,1,1, , , ,1, ,1, , , , , , , , , , ,1, , , , , , , , , , , ,1, , ,1,1, , , ,1, ,1, , ,1,1, ,1,1,1,1, ,1,1,1,1, ,1, ,1, , ,1, , ,1, , , ,1,1,1,1, ,1, ,1,1,1,1,1,1,1,1, , , , ,1,1, , , , , , , ,1,1,1,1, , ,1, ,1,1,1,1, ,1,1,1,1,1,1, ,1,1
"2020-01-27 01:23:04","2020-01-27 01:25:04",120.0,4.20875568489E-05, ,1, ,1, , ,1,1, , , ,1, ,1, , , , , , , , , , ,1, , , , , , , , , , , ,1, , ,1,1,1, , ,1, ,1, , ,1,1, ,1,1,1,1, ,1,1,1,1, ,1, ,1, , ,1, , ,1, , , ,1,1,1,1, ,1, ,1,1,1,1,1,1,1,1, , , , ,1,1, , , , , , , ,1,1,1,1, , ,1, ,1,1,1,1, ,1,1,1,1,1,1, ,1,1
"2020-01-27 01:25:04","2020-01-27 23:59:59",81295.0,0.0285125661169, ,1, ,1, , ,1,1, , , ,1, ,1, , , , , , , , , , ,1, , , , , , , , , , , ,1, , ,1,1, , , ,1, ,1, , ,1,1, ,1,1,1,1, ,1,1,1,1, ,1, ,1, , ,1, , ,1, , , ,1,1,1,1, ,1, ,1,1,1,1,1,1,1,1, , , , ,1,1, , , , , , , ,1,1,1,1, , ,1, ,1,1,1,1, ,1,1,1,1,1,1, ,1,1
"2020-01-27 23:59:59","2020-01-28 00:00:00",1.0,3.50729640407E-07, ,1, ,1, , ,1,1, , , ,1, ,1, , , , , , , , , , ,1, , , , , , , , , , , ,1, , ,1,1, , , ,1, ,1, , ,1,1, ,1,1,1,1, ,1,1,1,1, ,1, ,1, , , , , ,1, , , ,1,1,1,1, ,1, ,1,1,1,1,1,1,1,1, , , , ,1,1, , , , , , , ,1,1,1,1, , ,1, ,1,1,1,1, ,1,1,1,1,1,1, ,1,1
"2020-01-28 00:00:00","2020-01-28 05:11:05",18665.0,0.0065463687382, ,1, ,1, , ,1,1, , , ,1, ,1, , , , , , , , , , ,1, , , , , , , , , , , ,1, , ,1,1, , , ,1, ,1, , ,1,1, ,1,1,1,1, ,1,1,1,1, ,1, ,1, , , , , ,1, ,1, ,1,1,1,1, ,1, ,1,1,1,1,1,1,1,1, , , , ,1,1, , , , , , , ,1,1,1,1, , ,1, ,1,1,1,1, ,1,1,1,1,1,1, ,1,1
"2020-01-28 05:11:05","2020-01-28 05:12:05",60.0,2.10437784244E-05,1,1, ,1, , ,1,1, , , ,1, ,1, , , , , , , , , , ,1, , , , , , , , , , , ,1, , ,1,1, , , ,1, ,1, , ,1,1, ,1,1,1,1, ,1,1,1,1, ,1, ,1, , , , , ,1, ,1, ,1,1,1,1, ,1, ,1,1,1,1,1,1,1,1, , , , ,1,1, , , , , , , ,1,1,1,1, , ,1, ,1,1,1,1, ,1,1,1,1,1,1, ,1,1
"2020-01-28 05:12:05","2020-01-28 23:59:59",67674.0,0.0237352776849, ,1, ,1, , ,1,1, , , ,1, ,1, , , , , , , , , , ,1, , , , , , , , , , , ,1, , ,1,1, , , ,1, ,1, , ,1,1, ,1,1,1,1, ,1,1,1,1, ,1, ,1, , , , , ,1, ,1, ,1,1,1,1, ,1, ,1,1,1,1,1,1,1,1, , , , ,1,1, , , , , , , ,1,1,1,1, , ,1, ,1,1,1,1, ,1,1,1,1,1,1, ,1,1
"2020-01-28 23:59:59","2020-01-29 00:00:00",1.0,3.50729640407E-07, ,1, ,1, , ,1,1, , , ,1, ,1, , , , , , , , , , ,1, , , , , , , , , , , ,1, , ,1,1, , , ,1, ,1, , ,1,1, ,1,1,1,1, ,1,1,1,1, ,1, ,1, , , , , ,1, , , ,1,1,1,1, ,1, ,1,1,1,1,1,1,1,1, , , , ,1,1, , , , , , , ,1,1,1,1, , ,1, ,1,1,1,1, ,1,1,1,1,1,1, ,1,1
"2020-01-29 00:00:00","2020-01-29 23:59:59",86399.0,0.0303026902016, ,1, ,1, , ,1,1, , , ,1, ,1, , , , , , , , , , ,1, , , , , , , , , , , ,1, , ,1,1, , , ,1, ,1, , ,1,1, ,1,1,1,1, ,1,1,1,1, ,1, ,1, , , , , ,1,1, , ,1,1,1,1, ,1, ,1,1,1,1,1,1,1,1, , , , ,1,1, , , , , , , ,1,1,1,1, , ,1, ,1,1,1,1, ,1,1,1,1,1,1, ,1,1
"2020-01-29 23:59:59","2020-01-30 00:00:00",1.0,3.50729640407E-07, ,1, ,1, , ,1,1, , , ,1, ,1, , , , , , , , , , ,1, , , , , , , , , , , ,1, , ,1,1, , , ,1, ,1, , ,1,1, ,1,1,1,1, ,1,1,1,1, ,1, ,1, , , , , ,1, , , ,1,1,1,1, ,1, ,1,1,1,1,1,1,1,1, , , , ,1,1, , , , , , , ,1,1,1,1, , ,1, ,1,1,1,1, ,1,1,1,1,1,1, ,1,1
"2020-01-30 00:00:00","2020-01-30 23:59:59",86399.0,0.0303026902016, ,1, ,1, , ,1,1, , , ,1, ,1, , , , , , , , , , ,1, , , , , , , , , , , ,1, , ,1,1, , , ,1, ,1,1, ,1,1, ,1,1,1,1, ,1,1,1,1, ,1, ,1, , , , , ,1, , , ,1,1,1,1, ,1, ,1,1,1,1,1,1,1,1, , , , ,1,1, , , , , , , ,1,1,1,1, , ,1, ,1,1,1,1, ,1,1,1,1,1,1, ,1,1
"2020-01-30 23:59:59","2020-01-31 00:00:00",1.0,3.50729640407E-07, ,1, ,1, , ,1,1, , , ,1, ,1, , , , , , , , , , ,1, , , , , , , , , , , ,1, , ,1,1, , , ,1, ,1, , ,1,1, ,1,1,1,1, ,1,1,1,1, ,1, ,1, , , , , ,1, , , ,1,1,1,1, ,1, ,1,1,1,1,1,1,1,1, , , , ,1,1, , , , , , , ,1,1,1,1, , ,1, ,1,1,1,1, ,1,1,1,1,1,1, ,1,1
"2020-01-31 00:00:00","2020-01-31 23:05:35",83135.0,0.0291579086553, ,1, ,1, , ,1,1, , , ,1, ,1, , , , , , , , , , ,1, , , , , , , , , , , ,1, , ,1,1, , , ,1, ,1, ,1,1,1, ,1,1,1,1, ,1,1,1,1, ,1, ,1, , , , , ,1, , , ,1,1,1,1, ,1, ,1,1,1,1,1,1,1,1, , , , ,1,1, , , , , , , ,1,1,1,1, , ,1, ,1,1,1,1, ,1,1,1,1,1,1, ,1,1
"2020-01-31 23:05:35","2020-01-31 23:59:59",3264.0,0.00114478154629, , , ,1, , ,1,1, , , , , ,1, , , , , , , , , , ,1, , , , , , , , , , , ,1, , , ,1, , , ,1, ,1, ,1,1, , ,1,1,1,1, ,1,1,1,1, ,1, , , , , , , , , , , ,1,1, ,1, ,1, ,1,1,1,1,1,1,1,1, , , , ,1,1, , , , , , , , ,1,1,1, , ,1, ,1,1,1, , ,1,1,1,1,1,1, ,1,1
"2020-01-31 23:59:59","2020-02-01 00:00:00",1.0,3.50729640407E-07, , , ,1, , ,1,1, , , , , ,1, , , , , , , , , , ,1, , , , , , , , , , , ,1, , , ,1, , , ,1, ,1, , ,1, , ,1,1,1,1, ,1,1,1,1, ,1, , , , , , , , , , , ,1,1, ,1, ,1, ,1,1,1,1,1,1,1,1, , , , ,1,1, , , , , , , , ,1,1,1, , ,1, ,1,1,1, , ,1,1,1,1,1,1, ,1, 
"2020-02-01 00:00:00","2020-02-01 00:13:11",791.0,0.000277427145562, , , ,1, ,1,1,1, , , , , ,1, , , , , , , , , , ,1, , , , , , , , , , , ,1, , , ,1, , , ,1, ,1, , ,1, , ,1,1,1,1, ,1,1,1,1, ,1, , , , , , , , , , , ,1,1, ,1, ,1, ,1,1,1,1,1,1,1,1, , , , ,1,1, , , , , , , , ,1,1,1, , ,1, ,1,1,1, , ,1,1,1,1,1,1,1,1, 
"2020-02-01 00:13:11","2020-02-01 00:14:10",59.0,2.0693048784E-05, , , ,1, ,1,1,1, , , , , ,1, , , , , , , , , , ,1, , , , , , , , , , , ,1, , , ,1, , , ,1, ,1, , ,1, , ,1,1,1,1, ,1,1,1,1, ,1, , , , , , , , , , , ,1,1, ,1, ,1, ,1,1,1,1,1,1,1,1, , , , ,1,1, , ,1, , , , , ,1,1,1, , ,1, ,1,1,1, , ,1,1,1,1,1,1,1,1, 
"2020-02-01 00:14:10","2020-02-01 23:59:59",85549.0,0.0300045700072, , , ,1, ,1,1,1, , , , , ,1, , , , , , , , , , ,1, , , , , , , , , , , ,1, , , ,1, , , ,1, ,1, , ,1, , ,1,1,1,1, ,1,1,1,1, ,1, , , , , , , , , , , ,1,1, ,1, ,1, ,1,1,1,1,1,1,1,1, , , , ,1,1, , , , , , , , ,1,1,1, , ,1, ,1,1,1, , ,1,1,1,1,1,1,1,1, 
