time_ini,time_end,duration_seg,duration_percent,OMCCL_nOK_0004,RPBNDxRPSGO_ativado,ref_2020_02_08,ref_2020_02_09,RPFGR_SColTempo_0001_delta_tempo,ref_2020_02_01,ref_2020_02_02,ref_Periodo,ref_2020_02_04,ref_2020_02_05,ref_2020_02_06,ref_2020_02_07,OMCCLxRPATJ_ativado,OMPMT_SColTempo_0001_delta_tempo,chamados_MSOMJRD,ref_2020_03_01,RPMPX_nOK_0003,RPFMA_SColTempo_0002_delta_tempo,ref_2020_02_17,ref_2020_02_16,ref_2020_02_15,ref_2020_02_14,ref_2020_02_13,ref_2020_02_12,ref_2020_02_11,ref_2020_02_10,ref_2020_02_19,ref_2020_02_18,localidade_id_MSOMJRD_1749,RPJRD_nOK_0002,ref_2020_02_03,RPAMBxRPTCU_ativado,OMRCB_SColTempo_0003_delta_tempo,RPJRD_SColTempo_0002_delta_tempo,RPNASxRPRBR_ativado,RPPPR_nOK_0004,RPFSJxRPPMT_ativado,RPSGOxRPFMA_ativado,RPJRD_SColTempo_0001_delta_tempo,ref_2020_01_31,OMCARCxRPFSJ_ativado,RPFDIxRPMPX_ativado,OMAQD_SColTempo_0002_delta_tempo,OMJRDxRPJRD_ativado,OMCGRxRPCGR_ativado,RPPPRxOMCCL_ativado,RPFTBxRPFXS_ativado,RPDOUxOMDOU_ativado,RPMMAxOMCARC_ativado,RPMPXxRPMRD_ativado,RPTRNxRPFDI_ativado,RPFGRxRPFTB_ativado,RPFSG_SColTempo_0001_delta_tempo,OMCARC_nOK_0001,Chamados_Desconto,RPBND_SColTempo_0003_delta_tempo,RPAMOxRPAMB_ativado,RPPMT1xOMBBR_ativado,RPTCUxOMIGT_ativado,RPPPRxOMPPR_ativado,RPTCU_nOK_0001,OMMNOxOMGUA_ativado,RPNAS1xRPNAS_ativado,RPRBRxRPDOU_ativado,OMCGRxOMRCB_ativado,RPNVLxRPBND_ativado,RPCGRxRPNAS1_ativado,RPNOQxOMNOQ_ativado,RPFMA_SColTempo_0001_delta_tempo,RPBND_SColTempo_0001_delta_tempo,RPFMAxRPFSG_ativado,RPFSJxRPPMT1_ativado,RPMRDxRPFGR_ativado,RPRBR_nOK_0002,ref_2020_02_26,ref_2020_02_28,ref_2020_02_29,RPFDI_nOK_0001,ref_2020_02_27,ref_2020_02_24,ref_2020_02_25,ref_2020_02_22,ref_2020_02_23,ref_2020_02_20,ref_2020_02_21,OMDOUxRPPPR_ativado,RPAMBxOMAMB_ativado,OMPPR_SColTempo_0002_delta_tempo,OMIGTxOMMNO_ativado,OMCGRxRPNVL_ativado,RPMMAxOMBLV_ativado,RPNVLxRPTRN_ativado,RPMRDxOMAQD_ativado,RPMPXxRPSPE_ativado,RPJRDxRPMMA_ativado,RPNOQxOMJRD_ativado,RPPPRxRPAMO1_ativado,RPAMO1xRPAMO_ativado,RPATJxOMBLV_ativado,RPPMTxOMPMT_ativado,ref_2020_02,ref_2020_03,RPSPExRPNOQ_ativado,ref_2020_01,OMNOQ_SColTempo_0003_delta_tempo
"2018-10-17 18:09:48","2018-10-17 19:05:35",3347.0,7.72846938368E-05, , , , , , , , , , , , , , ,1, , , , , , , , , , , , , ,1, , , , , , , , , , , , , , , , , , , , , , , , , ,1, , , , , , , , , , , , , , , , , , , , , , , , , , , , , , , , , , , , , , , , , , , , , , , , , , 
"2020-01-31 00:00:00","2020-01-31 23:59:59",86399.0,0.00199501651115, ,1, , , , , ,1, , , , ,1, , , , , , , , , , , , , , , , , , ,1, , ,1, ,1,1, ,1,1,1, ,1,1,1,1,1,1,1,1,1, , , , ,1,1,1,1, ,1,1,1,1,1,1,1, , ,1,1,1, , , , , , , , , , , , ,1,1, ,1,1,1,1,1,1,1,1,1,1,1,1, , ,1,1, 
"2020-01-31 23:59:59","2020-02-01 00:00:00",1.0,2.30907361329E-08, ,1, , , , , ,1, , , , ,1, , , , , , , , , , , , , , , , , , ,1, , ,1, ,1,1, , ,1,1, ,1,1,1,1,1,1,1,1,1, , , , ,1,1,1,1, ,1,1,1,1,1,1,1, , ,1,1,1, , , , , , , , , , , , ,1,1, ,1,1,1,1,1,1,1,1,1,1,1,1, , ,1, , 
"2020-02-01 00:00:00","2020-02-01 00:13:11",791.0,1.82647722811E-05, ,1, , , ,1, ,1, , , , ,1, , , , , , , , , , , , , , , , , , ,1, , ,1, ,1,1, , ,1,1, ,1,1,1,1,1,1,1,1,1, , , , ,1,1,1,1, ,1,1,1,1,1,1,1, , ,1,1,1, , , , , , , , , , , , ,1,1, ,1,1,1,1,1,1,1,1,1,1,1,1,1, ,1, , 
"2020-02-01 00:13:11","2020-02-01 00:14:10",59.0,1.36235343184E-06, ,1, , , ,1, ,1, , , , ,1, , , , , , , , , , , , , , , , , , ,1, , ,1, ,1,1, , ,1,1, ,1,1,1,1,1,1,1,1,1, , , , ,1,1,1,1, ,1,1,1,1,1,1,1, , ,1,1,1,1, , , , , , , , , , , ,1,1, ,1,1,1,1,1,1,1,1,1,1,1,1,1, ,1, , 
"2020-02-01 00:14:10","2020-02-01 23:59:59",85549.0,0.00197538938543, ,1, , , ,1, ,1, , , , ,1, , , , , , , , , , , , , , , , , , ,1, , ,1, ,1,1, , ,1,1, ,1,1,1,1,1,1,1,1,1, , , , ,1,1,1,1, ,1,1,1,1,1,1,1, , ,1,1,1, , , , , , , , , , , , ,1,1, ,1,1,1,1,1,1,1,1,1,1,1,1,1, ,1, , 
"2020-02-01 23:59:59","2020-02-02 00:00:00",1.0,2.30907361329E-08, ,1, , , , , ,1, , , , ,1, , , , , , , , , , , , , , , , , , ,1, , ,1, ,1,1, , ,1,1, ,1,1,1,1,1,1,1,1,1, , , , ,1,1,1,1, ,1,1,1,1,1,1,1, , ,1,1,1, , , , , , , , , , , , ,1,1, ,1,1,1,1,1,1,1,1,1,1,1,1,1, ,1, , 
"2020-02-02 00:00:00","2020-02-02 23:59:59",86399.0,0.00199501651115, ,1, , , , ,1,1, , , , ,1, , , , , , , , , , , , , , , , , , ,1, , ,1, ,1,1, , ,1,1, ,1,1,1,1,1,1,1,1,1, , , , ,1,1,1,1, ,1,1,1,1,1,1,1, , ,1,1,1, , , , , , , , , , , , ,1,1, ,1,1,1,1,1,1,1,1,1,1,1,1,1, ,1, , 
"2020-02-02 23:59:59","2020-02-03 00:00:00",1.0,2.30907361329E-08, ,1, , , , , ,1, , , , ,1, , , , , , , , , , , , , , , , , , ,1, , ,1, ,1,1, , ,1,1, ,1,1,1,1,1,1,1,1,1, , , , ,1,1,1,1, ,1,1,1,1,1,1,1, , ,1,1,1, , , , , , , , , , , , ,1,1, ,1,1,1,1,1,1,1,1,1,1,1,1,1, ,1, , 
"2020-02-03 00:00:00","2020-02-03 04:54:04",17644.0,0.000407412948329, ,1, , , , , ,1, , , , ,1, , , , , , , , , , , , , , , , , ,1,1, , ,1, ,1,1, , ,1,1, ,1,1,1,1,1,1,1,1,1, , , , ,1,1,1,1, ,1,1,1,1,1,1,1, , ,1,1,1, , , , , , , , , , , , ,1,1, ,1,1,1,1,1,1,1,1,1,1,1,1,1, ,1, , 
"2020-02-03 04:54:04","2020-02-03 04:55:04",60.0,1.38544416797E-06, ,1, , , , , ,1, , , , ,1, , , , , , , , , , , , , , , , , ,1,1, , ,1,1,1,1, , ,1,1, ,1,1,1,1,1,1,1,1,1, , , , ,1,1,1,1, ,1,1,1,1,1,1,1, , ,1,1,1, , , , , , , , , , , , ,1,1, ,1,1,1,1,1,1,1,1,1,1,1,1,1, ,1, , 
"2020-02-03 04:55:04","2020-02-03 05:20:05",1501.0,3.46591949355E-05, ,1, , , , , ,1, , , , ,1, , , , , , , , , , , , , , , , , ,1,1, , ,1, ,1,1, , ,1,1, ,1,1,1,1,1,1,1,1,1, , , , ,1,1,1,1, ,1,1,1,1,1,1,1, , ,1,1,1, , , , , , , , , , , , ,1,1, ,1,1,1,1,1,1,1,1,1,1,1,1,1, ,1, , 
"2020-02-03 05:20:05","2020-02-03 05:21:05",60.0,1.38544416797E-06,1,1, , , , , ,1, , , , ,1, , , , , , , , , , , , , , , , , ,1,1, , ,1, ,1,1, , ,1,1, ,1,1,1,1,1,1,1,1,1, , , , ,1,1,1,1, ,1,1,1,1,1,1,1, , ,1,1,1, , , , , , , , , , , , ,1,1, ,1,1,1,1,1,1,1,1,1,1,1,1,1, ,1, , 
"2020-02-03 05:21:05","2020-02-03 21:38:21",58636.0,0.00135394840389, ,1, , , , , ,1, , , , ,1, , , , , , , , , , , , , , , , , ,1,1, , ,1, ,1,1, , ,1,1, ,1,1,1,1,1,1,1,1,1, , , , ,1,1,1,1, ,1,1,1,1,1,1,1, , ,1,1,1, , , , , , , , , , , , ,1,1, ,1,1,1,1,1,1,1,1,1,1,1,1,1, ,1, , 
"2020-02-03 21:38:21","2020-02-03 21:39:21",60.0,1.38544416797E-06, ,1, , , , , ,1, , , , ,1, , , , , , , , , , , , , , , , ,1,1,1, , ,1, ,1,1, , ,1,1, ,1,1,1,1,1,1,1,1,1, , , , ,1,1,1,1, ,1,1,1,1,1,1,1, , ,1,1,1, , , , , , , , , , , , ,1,1, ,1,1,1,1,1,1,1,1,1,1,1,1,1, ,1, , 
"2020-02-03 21:39:21","2020-02-03 23:59:59",8438.0,0.000194839631489, ,1, , , , , ,1, , , , ,1, , , , , , , , , , , , , , , , , ,1,1, , ,1, ,1,1, , ,1,1, ,1,1,1,1,1,1,1,1,1, , , , ,1,1,1,1, ,1,1,1,1,1,1,1, , ,1,1,1, , , , , , , , , , , , ,1,1, ,1,1,1,1,1,1,1,1,1,1,1,1,1, ,1, , 
"2020-02-03 23:59:59","2020-02-04 00:00:00",1.0,2.30907361329E-08, ,1, , , , , ,1, , , , ,1, , , , , , , , , , , , , , , , , , ,1, , ,1, ,1,1, , ,1,1, ,1,1,1,1,1,1,1,1,1, , , , ,1,1,1,1, ,1,1,1,1,1,1,1, , ,1,1,1, , , , , , , , , , , , ,1,1, ,1,1,1,1,1,1,1,1,1,1,1,1,1, ,1, , 
"2020-02-04 00:00:00","2020-02-04 18:51:50",67910.0,0.00156809189079, ,1, , , , , ,1,1, , , ,1, , , , , , , , , , , , , , , , , , ,1, , ,1, ,1,1, , ,1,1, ,1,1,1,1,1,1,1,1,1, , , , ,1,1,1,1, ,1,1,1,1,1,1,1, , ,1,1,1, , , , , , , , , , , , ,1,1, ,1,1,1,1,1,1,1,1,1,1,1,1,1, ,1, , 
"2020-02-04 18:51:50","2020-02-04 18:52:50",60.0,1.38544416797E-06, ,1, , , , , ,1,1, , , ,1, , , ,1, , , , , , , , , , , , , , ,1, , ,1, ,1,1, , ,1,1, ,1,1,1,1,1,1,1,1,1, , , , ,1,1,1,1, ,1,1,1,1,1,1,1, , ,1,1,1, , , , , , , , , , , , ,1,1, ,1,1,1,1,1,1,1,1,1,1,1,1,1, ,1, , 
"2020-02-04 18:52:50","2020-02-04 19:14:50",1320.0,3.04797716954E-05, ,1, , , , , ,1,1, , , ,1, , , , , , , , , , , , , , , , , , ,1, , ,1, ,1,1, , ,1,1, ,1,1,1,1,1,1,1,1,1, , , , ,1,1,1,1, ,1,1,1,1,1,1,1, , ,1,1,1, , , , , , , , , , , , ,1,1, ,1,1,1,1,1,1,1,1,1,1,1,1,1, ,1, , 
"2020-02-04 19:14:50","2020-02-04 19:15:50",60.0,1.38544416797E-06, ,1, , , , , ,1,1, , , ,1, , , ,1, , , , , , , , , , , , , , ,1, , ,1, ,1,1, , ,1,1, ,1,1,1,1,1,1,1,1,1, , , , ,1,1,1,1, ,1,1,1,1,1,1,1, , ,1,1,1, , , , , , , , , , , , ,1,1, ,1,1,1,1,1,1,1,1,1,1,1,1,1, ,1, , 
"2020-02-04 19:15:50","2020-02-04 23:59:59",17049.0,0.00039367396033, ,1, , , , , ,1,1, , , ,1, , , , , , , , , , , , , , , , , , ,1, , ,1, ,1,1, , ,1,1, ,1,1,1,1,1,1,1,1,1, , , , ,1,1,1,1, ,1,1,1,1,1,1,1, , ,1,1,1, , , , , , , , , , , , ,1,1, ,1,1,1,1,1,1,1,1,1,1,1,1,1, ,1, , 
"2020-02-04 23:59:59","2020-02-05 00:00:00",1.0,2.30907361329E-08, ,1, , , , , ,1, , , , ,1, , , , , , , , , , , , , , , , , , ,1, , ,1, ,1,1, , ,1,1, ,1,1,1,1,1,1,1,1,1, , , , ,1,1,1,1, ,1,1,1,1,1,1,1, , ,1,1,1, , , , , , , , , , , , ,1,1, ,1,1,1,1,1,1,1,1,1,1,1,1,1, ,1, , 
"2020-02-05 00:00:00","2020-02-05 19:24:05",69845.0,0.0016127724652, ,1, , , , , ,1, ,1, , ,1, , , , , , , , , , , , , , , , , , ,1, , ,1, ,1,1, , ,1,1, ,1,1,1,1,1,1,1,1,1, , , , ,1,1,1,1, ,1,1,1,1,1,1,1, , ,1,1,1, , , , , , , , , , , , ,1,1, ,1,1,1,1,1,1,1,1,1,1,1,1,1, ,1, , 
"2020-02-05 19:24:05","2020-02-05 19:25:05",60.0,1.38544416797E-06,1,1, , , , , ,1, ,1, , ,1, , , , , , , , , , , , , , , , , , ,1, , ,1, ,1,1, , ,1,1, ,1,1,1,1,1,1,1,1,1, , , , ,1,1,1,1, ,1,1,1,1,1,1,1, , ,1,1,1, , , , , , , , , , , , ,1,1, ,1,1,1,1,1,1,1,1,1,1,1,1,1, ,1, , 
"2020-02-05 19:25:05","2020-02-05 22:57:50",12765.0,0.000294753246736, ,1, , , , , ,1, ,1, , ,1, , , , , , , , , , , , , , , , , , ,1, , ,1, ,1,1, , ,1,1, ,1,1,1,1,1,1,1,1,1, , , , ,1,1,1,1, ,1,1,1,1,1,1,1, , ,1,1,1, , , , , , , , , , , , ,1,1, ,1,1,1,1,1,1,1,1,1,1,1,1,1, ,1, , 
"2020-02-05 22:57:50","2020-02-05 22:58:50",60.0,1.38544416797E-06, ,1, , , , , ,1, ,1, , ,1, , , ,1, , , , , , , , , , , , , , ,1, , ,1, ,1,1, , ,1,1, ,1,1,1,1,1,1,1,1,1, , , , ,1,1,1,1, ,1,1,1,1,1,1,1, , ,1,1,1, , , , , , , , , , , , ,1,1, ,1,1,1,1,1,1,1,1,1,1,1,1,1, ,1, , 
"2020-02-05 22:58:50","2020-02-05 23:59:59",3669.0,8.47199108716E-05, ,1, , , , , ,1, ,1, , ,1, , , , , , , , , , , , , , , , , , ,1, , ,1, ,1,1, , ,1,1, ,1,1,1,1,1,1,1,1,1, , , , ,1,1,1,1, ,1,1,1,1,1,1,1, , ,1,1,1, , , , , , , , , , , , ,1,1, ,1,1,1,1,1,1,1,1,1,1,1,1,1, ,1, , 
"2020-02-05 23:59:59","2020-02-06 00:00:00",1.0,2.30907361329E-08, ,1, , , , , ,1, , , , ,1, , , , , , , , , , , , , , , , , , ,1, , ,1, ,1,1, , ,1,1, ,1,1,1,1,1,1,1,1,1, , , , ,1,1,1,1, ,1,1,1,1,1,1,1, , ,1,1,1, , , , , , , , , , , , ,1,1, ,1,1,1,1,1,1,1,1,1,1,1,1,1, ,1, , 
"2020-02-06 00:00:00","2020-02-06 12:24:00",44640.0,0.00103077046097, ,1, , , , , ,1, , ,1, ,1, , , , , , , , , , , , , , , , , , ,1, , ,1, ,1,1, , ,1,1, ,1,1,1,1,1,1,1,1,1, , , , ,1,1,1,1, ,1,1,1,1,1,1,1, , ,1,1,1, , , , , , , , , , , , ,1,1, ,1,1,1,1,1,1,1,1,1,1,1,1,1, ,1, , 
"2020-02-06 12:24:00","2020-02-06 12:25:00",60.0,1.38544416797E-06, ,1, , , , , ,1, , ,1, ,1, , , , , , , , , , , , , , , , , , ,1, , ,1, ,1,1, , ,1,1, ,1,1,1,1,1,1,1,1,1, , , , ,1,1,1,1,1,1,1,1,1,1,1,1, , ,1,1,1, , , , , , , , , , , , ,1,1, ,1,1,1,1,1,1,1,1,1,1,1,1,1, ,1, , 
"2020-02-06 12:25:00","2020-02-06 23:59:59",41699.0,0.000962860606006, ,1, , , , , ,1, , ,1, ,1, , , , , , , , , , , , , , , , , , ,1, , ,1, ,1,1, , ,1,1, ,1,1,1,1,1,1,1,1,1, , , , ,1,1,1,1, ,1,1,1,1,1,1,1, , ,1,1,1, , , , , , , , , , , , ,1,1, ,1,1,1,1,1,1,1,1,1,1,1,1,1, ,1, , 
"2020-02-06 23:59:59","2020-02-07 00:00:00",1.0,2.30907361329E-08, ,1, , , , , ,1, , , , ,1, , , , , , , , , , , , , , , , , , ,1, , ,1, ,1,1, , ,1,1, ,1,1,1,1,1,1,1,1,1, , , , ,1,1,1,1, ,1,1,1,1,1,1,1, , ,1,1,1, , , , , , , , , , , , ,1,1, ,1,1,1,1,1,1,1,1,1,1,1,1,1, ,1, , 
"2020-02-07 00:00:00","2020-02-07 02:33:05",9185.0,0.000212088411381, ,1, , , , , ,1, , , ,1,1, , , , , , , , , , , , , , , , , , ,1, , ,1, ,1,1, , ,1,1, ,1,1,1,1,1,1,1,1,1, , , , ,1,1,1,1, ,1,1,1,1,1,1,1, , ,1,1,1, , , , , , , , , , , , ,1,1, ,1,1,1,1,1,1,1,1,1,1,1,1,1, ,1, , 
"2020-02-07 02:33:05","2020-02-07 02:34:05",60.0,1.38544416797E-06,1,1, , , , , ,1, , , ,1,1, , , , , , , , , , , , , , , , , , ,1, , ,1, ,1,1, , ,1,1, ,1,1,1,1,1,1,1,1,1, , , , ,1,1,1,1, ,1,1,1,1,1,1,1, , ,1,1,1, , , , , , , , , , , , ,1,1, ,1,1,1,1,1,1,1,1,1,1,1,1,1, ,1, , 
"2020-02-07 02:34:05","2020-02-07 02:34:17",12.0,2.77088833595E-07, ,1, , , , , ,1, , , ,1,1, , , , , , , , , , , , , , , , , , ,1, , ,1, ,1,1, , ,1,1, ,1,1,1,1,1,1,1,1,1, , , , ,1,1,1,1, ,1,1,1,1,1,1,1, , ,1,1,1, , , , , , , , , , , , ,1,1, ,1,1,1,1,1,1,1,1,1,1,1,1,1, ,1, , 
"2020-02-07 02:34:17","2020-02-07 02:35:05",48.0,1.10835533438E-06, ,1, , , , , ,1, , , ,1,1,179, , , , , , , , , , , , , , , , , ,1, , ,1, ,1,1, , ,1,1, ,1,1,1,1,1,1,1,1,1, , , , ,1,1,1,1, ,1,1,1,1,1,1,1, , ,1,1,1, , , , , , , , , , , , ,1,1, ,1,1,1,1,1,1,1,1,1,1,1,1,1, ,1, , 
"2020-02-07 02:35:05","2020-02-07 02:36:05",60.0,1.38544416797E-06, ,1, , , , , ,1, , , ,1,1,179, , , , , , , , , , , , , , , , , ,1, , ,1,1,1,1, , ,1,1, ,1,1,1,1,1,1,1,1,1, , , , ,1,1,1,1, ,1,1,1,1,1,1,1, , ,1,1,1, , , , , , , , , , , , ,1,1, ,1,1,1,1,1,1,1,1,1,1,1,1,1, ,1, , 
"2020-02-07 02:36:05","2020-02-07 02:37:04",59.0,1.36235343184E-06,1,1, , , , , ,1, , , ,1,1,179, , , , , , , , , , , , , , , , , ,1, , ,1,1,1,1, , ,1,1, ,1,1,1,1,1,1,1,1,1, , , , ,1,1,1,1, ,1,1,1,1,1,1,1, , ,1,1,1, , , , , , , , , , , , ,1,1, ,1,1,1,1,1,1,1,1,1,1,1,1,1, ,1, , 
"2020-02-07 02:37:04","2020-02-07 02:37:05",1.0,2.30907361329E-08,1,1, , , , , ,1, , , ,1,1,179, , , , , , , , , , , , , , , , , ,1, , ,1, ,1,1, , ,1,1, ,1,1,1,1,1,1,1,1,1, , , , ,1,1,1,1, ,1,1,1,1,1,1,1, , ,1,1,1, , , , , , , , , , , , ,1,1, ,1,1,1,1,1,1,1,1,1,1,1,1,1, ,1, , 
"2020-02-07 02:37:05","2020-02-07 02:37:16",11.0,2.53998097462E-07, ,1, , , , , ,1, , , ,1,1,179, , , , , , , , , , , , , , , , , ,1, , ,1, ,1,1, , ,1,1, ,1,1,1,1,1,1,1,1,1, , , , ,1,1,1,1, ,1,1,1,1,1,1,1, , ,1,1,1, , , , , , , , , , , , ,1,1, ,1,1,1,1,1,1,1,1,1,1,1,1,1, ,1, , 
"2020-02-07 02:37:16","2020-02-07 06:01:48",12272.0,0.000283369513823, ,1, , , , , ,1, , , ,1,1, , , , , , , , , , , , , , , , , , ,1, , ,1, ,1,1, , ,1,1, ,1,1,1,1,1,1,1,1,1, , , , ,1,1,1,1, ,1,1,1,1,1,1,1, , ,1,1,1, , , , , , , , , , , , ,1,1, ,1,1,1,1,1,1,1,1,1,1,1,1,1, ,1, , 
"2020-02-07 06:01:48","2020-02-07 06:02:48",60.0,1.38544416797E-06, ,1, , , , , ,1, , , ,1,1, , , , , , , , , , , , , , , , , , ,1, , ,1, ,1,1, , ,1,1, ,1,1,1,1,1,1,1,1,1, , , , ,1,1,1,1, ,1,1,1,1,1,1,1, , ,1,1,1, , , , ,1, , , , , , , ,1,1, ,1,1,1,1,1,1,1,1,1,1,1,1,1, ,1, , 
"2020-02-07 06:02:48","2020-02-07 23:59:59",64631.0,0.00149237736701, ,1, , , , , ,1, , , ,1,1, , , , , , , , , , , , , , , , , , ,1, , ,1, ,1,1, , ,1,1, ,1,1,1,1,1,1,1,1,1, , , , ,1,1,1,1, ,1,1,1,1,1,1,1, , ,1,1,1, , , , , , , , , , , , ,1,1, ,1,1,1,1,1,1,1,1,1,1,1,1,1, ,1, , 
"2020-02-07 23:59:59","2020-02-08 00:00:00",1.0,2.30907361329E-08, ,1, , , , , ,1, , , , ,1, , , , , , , , , , , , , , , , , , ,1, , ,1, ,1,1, , ,1,1, ,1,1,1,1,1,1,1,1,1, , , , ,1,1,1,1, ,1,1,1,1,1,1,1, , ,1,1,1, , , , , , , , , , , , ,1,1, ,1,1,1,1,1,1,1,1,1,1,1,1,1, ,1, , 
"2020-02-08 00:00:00","2020-02-08 01:17:41",4661.0,0.000107625921115, ,1,1, , , , ,1, , , , ,1, , , , , , , , , , , , , , , , , , ,1, , ,1, ,1,1, , ,1,1, ,1,1,1,1,1,1,1,1,1, , , , ,1,1,1,1, ,1,1,1,1,1,1,1, , ,1,1,1, , , , , , , , , , , , ,1,1, ,1,1,1,1,1,1,1,1,1,1,1,1,1, ,1, , 
"2020-02-08 01:17:41","2020-02-08 01:18:41",60.0,1.38544416797E-06, ,1,1, , , , ,1, , , , ,1, , , , , , , , , , , , , , , , , , ,1, , ,1, ,1,1, , ,1,1, ,1,1,1,1,1,1,1,1,1, ,1, , ,1,1,1,1, ,1,1,1,1,1,1,1, , ,1,1,1, , , , , , , , , , , , ,1,1, ,1,1,1,1,1,1,1,1,1,1,1,1,1, ,1, , 
"2020-02-08 01:18:41","2020-02-08 19:51:50",66789.0,0.00154220717558, ,1,1, , , , ,1, , , , ,1, , , , , , , , , , , , , , , , , , ,1, , ,1, ,1,1, , ,1,1, ,1,1,1,1,1,1,1,1,1, , , , ,1,1,1,1, ,1,1,1,1,1,1,1, , ,1,1,1, , , , , , , , , , , , ,1,1, ,1,1,1,1,1,1,1,1,1,1,1,1,1, ,1, , 
"2020-02-08 19:51:50","2020-02-08 19:52:50",60.0,1.38544416797E-06, ,1,1, , , , ,1, , , , ,1, , , ,1, , , , , , , , , , , , , , ,1, , ,1, ,1,1, , ,1,1, ,1,1,1,1,1,1,1,1,1, , , , ,1,1,1,1, ,1,1,1,1,1,1,1, , ,1,1,1, , , , , , , , , , , , ,1,1, ,1,1,1,1,1,1,1,1,1,1,1,1,1, ,1, , 
"2020-02-08 19:52:50","2020-02-08 23:59:59",14829.0,0.000342412526115, ,1,1, , , , ,1, , , , ,1, , , , , , , , , , , , , , , , , , ,1, , ,1, ,1,1, , ,1,1, ,1,1,1,1,1,1,1,1,1, , , , ,1,1,1,1, ,1,1,1,1,1,1,1, , ,1,1,1, , , , , , , , , , , , ,1,1, ,1,1,1,1,1,1,1,1,1,1,1,1,1, ,1, , 
"2020-02-08 23:59:59","2020-02-09 00:00:00",1.0,2.30907361329E-08, ,1, , , , , ,1, , , , ,1, , , , , , , , , , , , , , , , , , ,1, , ,1, ,1,1, , ,1,1, ,1,1,1,1,1,1,1,1,1, , , , ,1,1,1,1, ,1,1,1,1,1,1,1, , ,1,1,1, , , , , , , , , , , , ,1,1, ,1,1,1,1,1,1,1,1,1,1,1,1,1, ,1, , 
"2020-02-09 00:00:00","2020-02-09 23:59:59",86399.0,0.00199501651115, ,1, ,1, , , ,1, , , , ,1, , , , , , , , , , , , , , , , , , ,1, , ,1, ,1,1, , ,1,1, ,1,1,1,1,1,1,1,1,1, , , , ,1,1,1,1, ,1,1,1,1,1,1,1, , ,1,1,1, , , , , , , , , , , , ,1,1, ,1,1,1,1,1,1,1,1,1,1,1,1,1, ,1, , 
"2020-02-09 23:59:59","2020-02-10 00:00:00",1.0,2.30907361329E-08, ,1, , , , , ,1, , , , ,1, , , , , , , , , , , , , , , , , , ,1, , ,1, ,1,1, , ,1,1, ,1,1,1,1,1,1,1,1,1, , , , ,1,1,1,1, ,1,1,1,1,1,1,1, , ,1,1,1, , , , , , , , , , , , ,1,1, ,1,1,1,1,1,1,1,1,1,1,1,1,1, ,1, , 
"2020-02-10 00:00:00","2020-02-10 23:59:59",86399.0,0.00199501651115, ,1, , , , , ,1, , , , ,1, , , , , , , , , , , , ,1, , , , , ,1, , ,1, ,1,1, , ,1,1, ,1,1,1,1,1,1,1,1,1, , , , ,1,1,1,1, ,1,1,1,1,1,1,1, , ,1,1,1, , , , , , , , , , , , ,1,1, ,1,1,1,1,1,1,1,1,1,1,1,1,1, ,1, , 
"2020-02-10 23:59:59","2020-02-11 00:00:00",1.0,2.30907361329E-08, ,1, , , , , ,1, , , , ,1, , , , , , , , , , , , , , , , , , ,1, , ,1, ,1,1, , ,1,1, ,1,1,1,1,1,1,1,1,1, , , , ,1,1,1,1, ,1,1,1,1,1,1,1, , ,1,1,1, , , , , , , , , , , , ,1,1, ,1,1,1,1,1,1,1,1,1,1,1,1,1, ,1, , 
"2020-02-11 00:00:00","2020-02-11 23:59:59",86399.0,0.00199501651115, ,1, , , , , ,1, , , , ,1, , , , , , , , , , , ,1, , , , , , ,1, , ,1, ,1,1, , ,1,1, ,1,1,1,1,1,1,1,1,1, , , , ,1,1,1,1, ,1,1,1,1,1,1,1, , ,1,1,1, , , , , , , , , , , , ,1,1, ,1,1,1,1,1,1,1,1,1,1,1,1,1, ,1, , 
"2020-02-11 23:59:59","2020-02-12 00:00:00",1.0,2.30907361329E-08, ,1, , , , , ,1, , , , ,1, , , , , , , , , , , , , , , , , , ,1, , ,1, ,1,1, , ,1,1, ,1,1,1,1,1,1,1,1,1, , , , ,1,1,1,1, ,1,1,1,1,1,1,1, , ,1,1,1, , , , , , , , , , , , ,1,1, ,1,1,1,1,1,1,1,1,1,1,1,1,1, ,1, , 
"2020-02-12 00:00:00","2020-02-12 23:59:59",86399.0,0.00199501651115, ,1, , , , , ,1, , , , ,1, , , , , , , , , , ,1, , , , , , , ,1, , ,1, ,1,1, , ,1,1, ,1,1,1,1,1,1,1,1,1, , , , ,1,1,1,1, ,1,1,1,1,1,1,1, , ,1,1,1, , , , , , , , , , , , ,1,1, ,1,1,1,1,1,1,1,1,1,1,1,1,1, ,1, , 
"2020-02-12 23:59:59","2020-02-13 00:00:00",1.0,2.30907361329E-08, ,1, , , , , ,1, , , , ,1, , , , , , , , , , , , , , , , , , ,1, , ,1, ,1,1, , ,1,1, ,1,1,1,1,1,1,1,1,1, , , , ,1,1,1,1, ,1,1,1,1,1,1,1, , ,1,1,1, , , , , , , , , , , , ,1,1, ,1,1,1,1,1,1,1,1,1,1,1,1,1, ,1, , 
"2020-02-13 00:00:00","2020-02-13 23:59:59",86399.0,0.00199501651115, ,1, , , , , ,1, , , , ,1, , , , , , , , , ,1, , , , , , , , ,1, , ,1, ,1,1, , ,1,1, ,1,1,1,1,1,1,1,1,1, , , , ,1,1,1,1, ,1,1,1,1,1,1,1, , ,1,1,1, , , , , , , , , , , , ,1,1, ,1,1,1,1,1,1,1,1,1,1,1,1,1, ,1, , 
"2020-02-13 23:59:59","2020-02-14 00:00:00",1.0,2.30907361329E-08, ,1, , , , , ,1, , , , ,1, , , , , , , , , , , , , , , , , , ,1, , ,1, ,1,1, , ,1,1, ,1,1,1,1,1,1,1,1,1, , , , ,1,1,1,1, ,1,1,1,1,1,1,1, , ,1,1,1, , , , , , , , , , , , ,1,1, ,1,1,1,1,1,1,1,1,1,1,1,1,1, ,1, , 
"2020-02-14 00:00:00","2020-02-14 23:59:59",86399.0,0.00199501651115, ,1, , , , , ,1, , , , ,1, , , , , , , , ,1, , , , , , , , , ,1, , ,1, ,1,1, , ,1,1, ,1,1,1,1,1,1,1,1,1, , , , ,1,1,1,1, ,1,1,1,1,1,1,1, , ,1,1,1, , , , , , , , , , , , ,1,1, ,1,1,1,1,1,1,1,1,1,1,1,1,1, ,1, , 
"2020-02-14 23:59:59","2020-02-15 00:00:00",1.0,2.30907361329E-08, ,1, , , , , ,1, , , , ,1, , , , , , , , , , , , , , , , , , ,1, , ,1, ,1,1, , ,1,1, ,1,1,1,1,1,1,1,1,1, , , , ,1,1,1,1, ,1,1,1,1,1,1,1, , ,1,1,1, , , , , , , , , , , , ,1,1, ,1,1,1,1,1,1,1,1,1,1,1,1,1, ,1, , 
"2020-02-15 00:00:00","2020-02-15 23:59:59",86399.0,0.00199501651115, ,1, , , , , ,1, , , , ,1, , , , , , , ,1, , , , , , , , , , ,1, , ,1, ,1,1, , ,1,1, ,1,1,1,1,1,1,1,1,1, , , , ,1,1,1,1, ,1,1,1,1,1,1,1, , ,1,1,1, , , , , , , , , , , , ,1,1, ,1,1,1,1,1,1,1,1,1,1,1,1,1, ,1, , 
"2020-02-15 23:59:59","2020-02-16 00:00:00",1.0,2.30907361329E-08, ,1, , , , , ,1, , , , ,1, , , , , , , , , , , , , , , , , , ,1, , ,1, ,1,1, , ,1,1, ,1,1,1,1,1,1,1,1,1, , , , ,1,1,1,1, ,1,1,1,1,1,1,1, , ,1,1,1, , , , , , , , , , , , ,1,1, ,1,1,1,1,1,1,1,1,1,1,1,1,1, ,1, , 
"2020-02-16 00:00:00","2020-02-16 23:59:59",86399.0,0.00199501651115, ,1, , , , , ,1, , , , ,1, , , , , , ,1, , , , , , , , , , , ,1, , ,1, ,1,1, , ,1,1, ,1,1,1,1,1,1,1,1,1, , , , ,1,1,1,1, ,1,1,1,1,1,1,1, , ,1,1,1, , , , , , , , , , , , ,1,1, ,1,1,1,1,1,1,1,1,1,1,1,1,1, ,1, , 
"2020-02-16 23:59:59","2020-02-17 00:00:00",1.0,2.30907361329E-08, ,1, , , , , ,1, , , , ,1, , , , , , , , , , , , , , , , , , ,1, , ,1, ,1,1, , ,1,1, ,1,1,1,1,1,1,1,1,1, , , , ,1,1,1,1, ,1,1,1,1,1,1,1, , ,1,1,1, , , , , , , , , , , , ,1,1, ,1,1,1,1,1,1,1,1,1,1,1,1,1, ,1, , 
"2020-02-17 00:00:00","2020-02-17 23:59:59",86399.0,0.00199501651115, ,1, , , , , ,1, , , , ,1, , , , , ,1, , , , , , , , , , , , ,1, , ,1, ,1,1, , ,1,1, ,1,1,1,1,1,1,1,1,1, , , , ,1,1,1,1, ,1,1,1,1,1,1,1, , ,1,1,1, , , , , , , , , , , , ,1,1, ,1,1,1,1,1,1,1,1,1,1,1,1,1, ,1, , 
"2020-02-17 23:59:59","2020-02-18 00:00:00",1.0,2.30907361329E-08, ,1, , , , , ,1, , , , ,1, , , , , , , , , , , , , , , , , , ,1, , ,1, ,1,1, , ,1,1, ,1,1,1,1,1,1,1,1,1, , , , ,1,1,1,1, ,1,1,1,1,1,1,1, , ,1,1,1, , , , , , , , , , , , ,1,1, ,1,1,1,1,1,1,1,1,1,1,1,1,1, ,1, , 
"2020-02-18 00:00:00","2020-02-18 03:55:38",14138.0,0.000326456827447, ,1, , , , , ,1, , , , ,1, , , , , , , , , , , , , , ,1, , , ,1, , ,1, ,1,1, , ,1,1, ,1,1,1,1,1,1,1,1,1, , , , ,1,1,1,1, ,1,1,1,1,1,1,1, , ,1,1,1, , , , , , , , , , , , ,1,1, ,1,1,1,1,1,1,1,1,1,1,1,1,1, ,1, , 
"2020-02-18 03:55:38","2020-02-18 03:59:38",240.0,5.5417766719E-06, ,1, , ,240, , ,1, , , , ,1, , , , , , , , , , , , , , ,1, , , ,1, , ,1, ,1,1, , ,1,1, ,1,1,1,1,1,1,1,1,1, , , , ,1,1,1,1, ,1,1,1,1,1,1,1, , ,1,1,1, , , , , , , , , , , , ,1,1, ,1,1,1,1,1,1,1,1,1,1,1,1,1, ,1, , 
"2020-02-18 03:59:38","2020-02-18 04:11:38",720.0,1.66253300157E-05, ,1, , , , , ,1, , , , ,1, , , , , , , , , , , , , , ,1, , , ,1, , ,1, ,1,1, , ,1,1, ,1,1,1,1,1,1,1,1,1, , , , ,1,1,1,1, ,1,1,1,1,1,1,1, , ,1,1,1, , , , , , , , , , , , ,1,1, ,1,1,1,1,1,1,1,1,1,1,1,1,1, ,1, , 
"2020-02-18 04:11:38","2020-02-18 07:53:41",13323.0,0.000307637877499, ,1, , ,121323, , ,1, , , , ,1, , , , , , , , , , , , , , ,1, , , ,1, , ,1, ,1,1, , ,1,1, ,1,1,1,1,1,1,1,1,1, , , , ,1,1,1,1, ,1,1,1,1,1,1,1, , ,1,1,1, , , , , , , , , , , , ,1,1, ,1,1,1,1,1,1,1,1,1,1,1,1,1, ,1, , 
"2020-02-18 07:53:41","2020-02-18 23:59:59",57978.0,0.00133875469951, ,1, , , , , ,1, , , , ,1, , , , , , , , , , , , , , ,1, , , ,1, , ,1, ,1,1, , ,1,1, ,1,1,1,1,1,1,1,1,1, , , , ,1,1,1,1, ,1,1,1,1,1,1,1, , ,1,1,1, , , , , , , , , , , , ,1,1, ,1,1,1,1,1,1,1,1,1,1,1,1,1, ,1, , 
"2020-02-18 23:59:59","2020-02-19 00:00:00",1.0,2.30907361329E-08, ,1, , , , , ,1, , , , ,1, , , , , , , , , , , , , , , , , , ,1, , ,1, ,1,1, , ,1,1, ,1,1,1,1,1,1,1,1,1, , , , ,1,1,1,1, ,1,1,1,1,1,1,1, , ,1,1,1, , , , , , , , , , , , ,1,1, ,1,1,1,1,1,1,1,1,1,1,1,1,1, ,1, , 
"2020-02-19 00:00:00","2020-02-19 23:59:59",86399.0,0.00199501651115, ,1, , , , , ,1, , , , ,1, , , , , , , , , , , , , ,1, , , , ,1, , ,1, ,1,1, , ,1,1, ,1,1,1,1,1,1,1,1,1, , , , ,1,1,1,1, ,1,1,1,1,1,1,1, , ,1,1,1, , , , , , , , , , , , ,1,1, ,1,1,1,1,1,1,1,1,1,1,1,1,1, ,1, , 
"2020-02-19 23:59:59","2020-02-20 00:00:00",1.0,2.30907361329E-08, ,1, , , , , ,1, , , , ,1, , , , , , , , , , , , , , , , , , ,1, , ,1, ,1,1, , ,1,1, ,1,1,1,1,1,1,1,1,1, , , , ,1,1,1,1, ,1,1,1,1,1,1,1, , ,1,1,1, , , , , , , , , , , , ,1,1, ,1,1,1,1,1,1,1,1,1,1,1,1,1, ,1, , 
"2020-02-20 00:00:00","2020-02-20 15:45:41",56741.0,0.00131019145892, ,1, , , , , ,1, , , , ,1, , , , , , , , , , , , , , , , , , ,1, , ,1, ,1,1, , ,1,1, ,1,1,1,1,1,1,1,1,1, , , , ,1,1,1,1, ,1,1,1,1,1,1,1, , ,1,1,1, , , , , , , , , , ,1, ,1,1, ,1,1,1,1,1,1,1,1,1,1,1,1,1, ,1, , 
"2020-02-20 15:45:41","2020-02-20 15:48:38",177.0,4.08706029552E-06, ,1, , ,177, , ,1, , , , ,1, , , , , , , , , , , , , , , , , , ,1, , ,1, ,1,1, , ,1,1, ,1,1,1,1,1,1,1,1,1, , , , ,1,1,1,1, ,1,1,1,1,1,1,1, , ,1,1,1, , , , , , , , , , ,1, ,1,1, ,1,1,1,1,1,1,1,1,1,1,1,1,1, ,1, , 
"2020-02-20 15:48:38","2020-02-20 16:46:50",3492.0,8.06328505761E-05, ,1, , , , , ,1, , , , ,1, , , , , , , , , , , , , , , , , , ,1, , ,1, ,1,1, , ,1,1, ,1,1,1,1,1,1,1,1,1, , , , ,1,1,1,1, ,1,1,1,1,1,1,1, , ,1,1,1, , , , , , , , , , ,1, ,1,1, ,1,1,1,1,1,1,1,1,1,1,1,1,1, ,1, , 
"2020-02-20 16:46:50","2020-02-20 17:04:50",1080.0,2.49379950235E-05, ,1, , , , , ,1, , , , ,1, , , ,1, , , , , , , , , , , , , , ,1, , ,1, ,1,1, , ,1,1, ,1,1,1,1,1,1,1,1,1, , , , ,1,1,1,1, ,1,1,1,1,1,1,1, , ,1,1,1, , , , , , , , , , ,1, ,1,1, ,1,1,1,1,1,1,1,1,1,1,1,1,1, ,1, , 
"2020-02-20 17:04:50","2020-02-20 22:33:50",19740.0,0.000455811131263, ,1, , , , , ,1, , , , ,1, , , , , , , , , , , , , , , , , , ,1, , ,1, ,1,1, , ,1,1, ,1,1,1,1,1,1,1,1,1, , , , ,1,1,1,1, ,1,1,1,1,1,1,1, , ,1,1,1, , , , , , , , , , ,1, ,1,1, ,1,1,1,1,1,1,1,1,1,1,1,1,1, ,1, , 
"2020-02-20 22:33:50","2020-02-20 22:34:50",60.0,1.38544416797E-06, ,1, , , , , ,1, , , , ,1, , , ,1, , , , , , , , , , , , , , ,1, , ,1, ,1,1, , ,1,1, ,1,1,1,1,1,1,1,1,1, , , , ,1,1,1,1, ,1,1,1,1,1,1,1, , ,1,1,1, , , , , , , , , , ,1, ,1,1, ,1,1,1,1,1,1,1,1,1,1,1,1,1, ,1, , 
"2020-02-20 22:34:50","2020-02-20 23:59:59",5109.0,0.000117970570903, ,1, , , , , ,1, , , , ,1, , , , , , , , , , , , , , , , , , ,1, , ,1, ,1,1, , ,1,1, ,1,1,1,1,1,1,1,1,1, , , , ,1,1,1,1, ,1,1,1,1,1,1,1, , ,1,1,1, , , , , , , , , , ,1, ,1,1, ,1,1,1,1,1,1,1,1,1,1,1,1,1, ,1, , 
"2020-02-20 23:59:59","2020-02-21 00:00:00",1.0,2.30907361329E-08, ,1, , , , , ,1, , , , ,1, , , , , , , , , , , , , , , , , , ,1, , ,1, ,1,1, , ,1,1, ,1,1,1,1,1,1,1,1,1, , , , ,1,1,1,1, ,1,1,1,1,1,1,1, , ,1,1,1, , , , , , , , , , , , ,1,1, ,1,1,1,1,1,1,1,1,1,1,1,1,1, ,1, , 
"2020-02-21 00:00:00","2020-02-21 15:35:21",56121.0,0.00129587520251, ,1, , , , , ,1, , , , ,1, , , , , , , , , , , , , , , , , , ,1, , ,1, ,1,1, , ,1,1, ,1,1,1,1,1,1,1,1,1, , , , ,1,1,1,1, ,1,1,1,1,1,1,1, , ,1,1,1, , , , , , , , , , , ,1,1,1, ,1,1,1,1,1,1,1,1,1,1,1,1,1, ,1, , 
"2020-02-21 15:35:21","2020-02-21 15:41:21",360.0,8.31266500784E-06, ,1, , , , , ,1, , , , ,1, , , , , , , , , , , , , , , , , , ,1, ,360,1, ,1,1,360, ,1,1, ,1,1,1,1,1,1,1,1,1, , , , ,1,1,1,1, ,1,1,1,1,1,1,1, , ,1,1,1, , , , , , , , , , , ,1,1,1, ,1,1,1,1,1,1,1,1,1,1,1,1,1, ,1, , 
"2020-02-21 15:41:21","2020-02-21 18:04:50",8609.0,0.000198788147368, ,1, , , , , ,1, , , , ,1, , , , , , , , , , , , , , , , , , ,1, , ,1, ,1,1, , ,1,1, ,1,1,1,1,1,1,1,1,1, , , , ,1,1,1,1, ,1,1,1,1,1,1,1, , ,1,1,1, , , , , , , , , , , ,1,1,1, ,1,1,1,1,1,1,1,1,1,1,1,1,1, ,1, , 
"2020-02-21 18:04:50","2020-02-21 18:05:50",60.0,1.38544416797E-06, ,1, , , , , ,1, , , , ,1, , , ,1, , , , , , , , , , , , , , ,1, , ,1, ,1,1, , ,1,1, ,1,1,1,1,1,1,1,1,1, , , , ,1,1,1,1, ,1,1,1,1,1,1,1, , ,1,1,1, , , , , , , , , , , ,1,1,1, ,1,1,1,1,1,1,1,1,1,1,1,1,1, ,1, , 
"2020-02-21 18:05:50","2020-02-21 19:10:50",3900.0,9.00538709183E-05, ,1, , , , , ,1, , , , ,1, , , , , , , , , , , , , , , , , , ,1, , ,1, ,1,1, , ,1,1, ,1,1,1,1,1,1,1,1,1, , , , ,1,1,1,1, ,1,1,1,1,1,1,1, , ,1,1,1, , , , , , , , , , , ,1,1,1, ,1,1,1,1,1,1,1,1,1,1,1,1,1, ,1, , 
"2020-02-21 19:10:50","2020-02-21 19:11:50",60.0,1.38544416797E-06, ,1, , , , , ,1, , , , ,1, , , ,1, , , , , , , , , , , , , , ,1, , ,1, ,1,1, , ,1,1, ,1,1,1,1,1,1,1,1,1, , , , ,1,1,1,1, ,1,1,1,1,1,1,1, , ,1,1,1, , , , , , , , , , , ,1,1,1, ,1,1,1,1,1,1,1,1,1,1,1,1,1, ,1, , 
"2020-02-21 19:11:50","2020-02-21 23:03:41",13911.0,0.000321215230345, ,1, , , , , ,1, , , , ,1, , , , , , , , , , , , , , , , , , ,1, , ,1, ,1,1, , ,1,1, ,1,1,1,1,1,1,1,1,1, , , , ,1,1,1,1, ,1,1,1,1,1,1,1, , ,1,1,1, , , , , , , , , , , ,1,1,1, ,1,1,1,1,1,1,1,1,1,1,1,1,1, ,1, , 
"2020-02-21 23:03:41","2020-02-21 23:06:41",180.0,4.15633250392E-06, ,1, , ,180, , ,1, , , , ,1, , , , , , , , , , , , , , , , , , ,1, , ,1, ,1,1, , ,1,1, ,1,1,1,1,1,1,1,1,1, , , , ,1,1,1,1, ,1,1,1,1,1,1,1, , ,1,1,1, , , , , , , , , , , ,1,1,1, ,1,1,1,1,1,1,1,1,1,1,1,1,1, ,1, , 
"2020-02-21 23:06:41","2020-02-21 23:59:59",3198.0,7.3844174153E-05, ,1, , , , , ,1, , , , ,1, , , , , , , , , , , , , , , , , , ,1, , ,1, ,1,1, , ,1,1, ,1,1,1,1,1,1,1,1,1, , , , ,1,1,1,1, ,1,1,1,1,1,1,1, , ,1,1,1, , , , , , , , , , , ,1,1,1, ,1,1,1,1,1,1,1,1,1,1,1,1,1, ,1, , 
"2020-02-21 23:59:59","2020-02-22 00:00:00",1.0,2.30907361329E-08, ,1, , , , , ,1, , , , ,1, , , , , , , , , , , , , , , , , , ,1, , ,1, ,1,1, , ,1,1, ,1,1,1,1,1,1,1,1,1, , , , ,1,1,1,1, ,1,1,1,1,1,1,1, , ,1,1,1, , , , , , , , , , , , ,1,1, ,1,1,1,1,1,1,1,1,1,1,1,1,1, ,1, , 
"2020-02-22 00:00:00","2020-02-22 23:59:59",86399.0,0.00199501651115, ,1, , , , , ,1, , , , ,1, , , , , , , , , , , , , , , , , , ,1, , ,1, ,1,1, , ,1,1, ,1,1,1,1,1,1,1,1,1, , , , ,1,1,1,1, ,1,1,1,1,1,1,1, , ,1,1,1, , , , , , , , ,1, , , ,1,1, ,1,1,1,1,1,1,1,1,1,1,1,1,1, ,1, , 
"2020-02-22 23:59:59","2020-02-23 00:00:00",1.0,2.30907361329E-08, ,1, , , , , ,1, , , , ,1, , , , , , , , , , , , , , , , , , ,1, , ,1, ,1,1, , ,1,1, ,1,1,1,1,1,1,1,1,1, , , , ,1,1,1,1, ,1,1,1,1,1,1,1, , ,1,1,1, , , , , , , , , , , , ,1,1, ,1,1,1,1,1,1,1,1,1,1,1,1,1, ,1, , 
"2020-02-23 00:00:00","2020-02-23 23:59:59",86399.0,0.00199501651115, ,1, , , , , ,1, , , , ,1, , , , , , , , , , , , , , , , , , ,1, , ,1, ,1,1, , ,1,1, ,1,1,1,1,1,1,1,1,1, , , , ,1,1,1,1, ,1,1,1,1,1,1,1, , ,1,1,1, , , , , , , , , ,1, , ,1,1, ,1,1,1,1,1,1,1,1,1,1,1,1,1, ,1, , 
"2020-02-23 23:59:59","2020-02-24 00:00:00",1.0,2.30907361329E-08, ,1, , , , , ,1, , , , ,1, , , , , , , , , , , , , , , , , , ,1, , ,1, ,1,1, , ,1,1, ,1,1,1,1,1,1,1,1,1, , , , ,1,1,1,1, ,1,1,1,1,1,1,1, , ,1,1,1, , , , , , , , , , , , ,1,1, ,1,1,1,1,1,1,1,1,1,1,1,1,1, ,1, , 
"2020-02-24 00:00:00","2020-02-24 06:01:50",21710.0,0.000501299881445, ,1, , , , , ,1, , , , ,1, , , , , , , , , , , , , , , , , , ,1, , ,1, ,1,1, , ,1,1, ,1,1,1,1,1,1,1,1,1, , , , ,1,1,1,1, ,1,1,1,1,1,1,1, , ,1,1,1, , , , , , ,1, , , , , ,1,1, ,1,1,1,1,1,1,1,1,1,1,1,1,1, ,1, , 
"2020-02-24 06:01:50","2020-02-24 06:03:20",90.0,2.07816625196E-06, ,1, , , , , ,1, , , , ,1, , , ,1, , , , , , , , , , , , , , ,1, , ,1, ,1,1, , ,1,1, ,1,1,1,1,1,1,1,1,1, , , , ,1,1,1,1, ,1,1,1,1,1,1,1, , ,1,1,1, , , , , , ,1, , , , , ,1,1, ,1,1,1,1,1,1,1,1,1,1,1,1,1, ,1, , 
"2020-02-24 06:03:20","2020-02-24 06:15:50",750.0,1.73180520997E-05, ,1, , , , , ,1, , , , ,1, , , , , , , , , , , , , , , , , , ,1, , ,1, ,1,1, , ,1,1, ,1,1,1,1,1,1,1,1,1, , , , ,1,1,1,1, ,1,1,1,1,1,1,1, , ,1,1,1, , , , , , ,1, , , , , ,1,1, ,1,1,1,1,1,1,1,1,1,1,1,1,1, ,1, , 
"2020-02-24 06:15:50","2020-02-24 06:16:50",60.0,1.38544416797E-06, ,1, , , , , ,1, , , , ,1, , , ,1, , , , , , , , , , , , , , ,1, , ,1, ,1,1, , ,1,1, ,1,1,1,1,1,1,1,1,1, , , , ,1,1,1,1, ,1,1,1,1,1,1,1, , ,1,1,1, , , , , , ,1, , , , , ,1,1, ,1,1,1,1,1,1,1,1,1,1,1,1,1, ,1, , 
"2020-02-24 06:16:50","2020-02-24 06:52:56",2166.0,5.00145344639E-05, ,1, , , , , ,1, , , , ,1, , , , , , , , , , , , , , , , , , ,1, , ,1, ,1,1, , ,1,1, ,1,1,1,1,1,1,1,1,1, , , , ,1,1,1,1, ,1,1,1,1,1,1,1, , ,1,1,1, , , , , , ,1, , , , , ,1,1, ,1,1,1,1,1,1,1,1,1,1,1,1,1, ,1, , 
"2020-02-24 06:52:56","2020-02-24 06:53:50",54.0,1.24689975118E-06, ,1, , , , , ,1, , , , ,1, , , , , , , , , , , , , , , , , , ,1, , ,1, ,1,1, , ,1,1,180,1,1,1,1,1,1,1,1,1, , , , ,1,1,1,1, ,1,1,1,1,1,1,1, , ,1,1,1, , , , , , ,1, , , , , ,1,1, ,1,1,1,1,1,1,1,1,1,1,1,1,1, ,1, , 
"2020-02-24 06:53:50","2020-02-24 06:55:50",120.0,2.77088833595E-06, ,1, , , , , ,1, , , , ,1, , , ,1, , , , , , , , , , , , , , ,1, , ,1, ,1,1, , ,1,1,180,1,1,1,1,1,1,1,1,1, , , , ,1,1,1,1, ,1,1,1,1,1,1,1, , ,1,1,1, , , , , , ,1, , , , , ,1,1, ,1,1,1,1,1,1,1,1,1,1,1,1,1, ,1, , 
"2020-02-24 06:55:50","2020-02-24 06:55:56",6.0,1.38544416797E-07, ,1, , , , , ,1, , , , ,1, , , , , , , , , , , , , , , , , , ,1, , ,1, ,1,1, , ,1,1,180,1,1,1,1,1,1,1,1,1, , , , ,1,1,1,1, ,1,1,1,1,1,1,1, , ,1,1,1, , , , , , ,1, , , , , ,1,1, ,1,1,1,1,1,1,1,1,1,1,1,1,1, ,1, , 
"2020-02-24 06:55:56","2020-02-24 07:31:56",2160.0,4.98759900471E-05, ,1, , , , , ,1, , , , ,1, , , , , , , , , , , , , , , , , , ,1, , ,1, ,1,1, , ,1,1, ,1,1,1,1,1,1,1,1,1, , , , ,1,1,1,1, ,1,1,1,1,1,1,1, , ,1,1,1, , , , , , ,1, , , , , ,1,1, ,1,1,1,1,1,1,1,1,1,1,1,1,1, ,1, , 
"2020-02-24 07:31:56","2020-02-24 07:32:50",54.0,1.24689975118E-06, ,1, , , , , ,1, , , , ,1, , , , , , , , , , , , , , , , , , ,1, , ,1, ,1,1, , ,1,1,180,1,1,1,1,1,1,1,1,1, , , , ,1,1,1,1, ,1,1,1,1,1,1,1, , ,1,1,1, , , , , , ,1, , , , , ,1,1, ,1,1,1,1,1,1,1,1,1,1,1,1,1, ,1, , 
"2020-02-24 07:32:50","2020-02-24 07:33:50",60.0,1.38544416797E-06, ,1, , , , , ,1, , , , ,1, , , ,1, , , , , , , , , , , , , , ,1, , ,1, ,1,1, , ,1,1,180,1,1,1,1,1,1,1,1,1, , , , ,1,1,1,1, ,1,1,1,1,1,1,1, , ,1,1,1, , , , , , ,1, , , , , ,1,1, ,1,1,1,1,1,1,1,1,1,1,1,1,1, ,1, , 
"2020-02-24 07:33:50","2020-02-24 07:34:56",66.0,1.52398858477E-06, ,1, , , , , ,1, , , , ,1, , , , , , , , , , , , , , , , , , ,1, , ,1, ,1,1, , ,1,1,180,1,1,1,1,1,1,1,1,1, , , , ,1,1,1,1, ,1,1,1,1,1,1,1, , ,1,1,1, , , , , , ,1, , , , , ,1,1, ,1,1,1,1,1,1,1,1,1,1,1,1,1, ,1, , 
"2020-02-24 07:34:56","2020-02-24 07:37:56",180.0,4.15633250392E-06, ,1, , , , , ,1, , , , ,1, , , , , , , , , , , , , , , , , , ,1, , ,1, ,1,1, , ,1,1, ,1,1,1,1,1,1,1,1,1, , , , ,1,1,1,1, ,1,1,1,1,1,1,1, , ,1,1,1, , , , , , ,1, , , , , ,1,1, ,1,1,1,1,1,1,1,1,1,1,1,1,1, ,1, , 
"2020-02-24 07:37:56","2020-02-24 07:39:50",114.0,2.63234391915E-06, ,1, , , , , ,1, , , , ,1, , , , , , , , , , , , , , , , , , ,1, , ,1, ,1,1, , ,1,1,180,1,1,1,1,1,1,1,1,1, , , , ,1,1,1,1, ,1,1,1,1,1,1,1, , ,1,1,1, , , , , , ,1, , , , , ,1,1, ,1,1,1,1,1,1,1,1,1,1,1,1,1, ,1, , 
"2020-02-24 07:39:50","2020-02-24 07:40:51",61.0,1.40853490411E-06, ,1, , , , , ,1, , , , ,1, , , ,1, , , , , , , , , , , , , , ,1, , ,1, ,1,1, , ,1,1,180,1,1,1,1,1,1,1,1,1, , , , ,1,1,1,1, ,1,1,1,1,1,1,1, , ,1,1,1, , , , , , ,1, , , , , ,1,1, ,1,1,1,1,1,1,1,1,1,1,1,1,1, ,1, , 
"2020-02-24 07:40:51","2020-02-24 07:40:56",5.0,1.15453680664E-07, ,1, , , , , ,1, , , , ,1, , , , , , , , , , , , , , , , , , ,1, , ,1, ,1,1, , ,1,1,180,1,1,1,1,1,1,1,1,1, , , , ,1,1,1,1, ,1,1,1,1,1,1,1, , ,1,1,1, , , , , , ,1, , , , , ,1,1, ,1,1,1,1,1,1,1,1,1,1,1,1,1, ,1, , 
"2020-02-24 07:40:56","2020-02-24 23:59:59",58743.0,0.00135641911265, ,1, , , , , ,1, , , , ,1, , , , , , , , , , , , , , , , , , ,1, , ,1, ,1,1, , ,1,1, ,1,1,1,1,1,1,1,1,1, , , , ,1,1,1,1, ,1,1,1,1,1,1,1, , ,1,1,1, , , , , , ,1, , , , , ,1,1, ,1,1,1,1,1,1,1,1,1,1,1,1,1, ,1, , 
"2020-02-24 23:59:59","2020-02-25 00:00:00",1.0,2.30907361329E-08, ,1, , , , , ,1, , , , ,1, , , , , , , , , , , , , , , , , , ,1, , ,1, ,1,1, , ,1,1, ,1,1,1,1,1,1,1,1,1, , , , ,1,1,1,1, ,1,1,1,1,1,1,1, , ,1,1,1, , , , , , , , , , , , ,1,1, ,1,1,1,1,1,1,1,1,1,1,1,1,1, ,1, , 
"2020-02-25 00:00:00","2020-02-25 01:54:50",6890.0,0.000159095171956, ,1, , , , , ,1, , , , ,1, , , , , , , , , , , , , , , , , , ,1, , ,1, ,1,1, , ,1,1, ,1,1,1,1,1,1,1,1,1, , , , ,1,1,1,1, ,1,1,1,1,1,1,1, , ,1,1,1, , , , , , , ,1, , , , ,1,1, ,1,1,1,1,1,1,1,1,1,1,1,1,1, ,1, , 
"2020-02-25 01:54:50","2020-02-25 01:55:50",60.0,1.38544416797E-06, ,1, , , , , ,1, , , , ,1, , , ,1, , , , , , , , , , , , , , ,1, , ,1, ,1,1, , ,1,1, ,1,1,1,1,1,1,1,1,1, , , , ,1,1,1,1, ,1,1,1,1,1,1,1, , ,1,1,1, , , , , , , ,1, , , , ,1,1, ,1,1,1,1,1,1,1,1,1,1,1,1,1, ,1, , 
"2020-02-25 01:55:50","2020-02-25 03:58:50",7380.0,0.000170409632661, ,1, , , , , ,1, , , , ,1, , , , , , , , , , , , , , , , , , ,1, , ,1, ,1,1, , ,1,1, ,1,1,1,1,1,1,1,1,1, , , , ,1,1,1,1, ,1,1,1,1,1,1,1, , ,1,1,1, , , , , , , ,1, , , , ,1,1, ,1,1,1,1,1,1,1,1,1,1,1,1,1, ,1, , 
"2020-02-25 03:58:50","2020-02-25 03:59:50",60.0,1.38544416797E-06, ,1, , , , , ,1, , , , ,1, , , ,1, , , , , , , , , , , , , , ,1, , ,1, ,1,1, , ,1,1, ,1,1,1,1,1,1,1,1,1, , , , ,1,1,1,1, ,1,1,1,1,1,1,1, , ,1,1,1, , , , , , , ,1, , , , ,1,1, ,1,1,1,1,1,1,1,1,1,1,1,1,1, ,1, , 
"2020-02-25 03:59:50","2020-02-25 04:14:50",900.0,2.07816625196E-05, ,1, , , , , ,1, , , , ,1, , , , , , , , , , , , , , , , , , ,1, , ,1, ,1,1, , ,1,1, ,1,1,1,1,1,1,1,1,1, , , , ,1,1,1,1, ,1,1,1,1,1,1,1, , ,1,1,1, , , , , , , ,1, , , , ,1,1, ,1,1,1,1,1,1,1,1,1,1,1,1,1, ,1, , 
"2020-02-25 04:14:50","2020-02-25 04:15:50",60.0,1.38544416797E-06, ,1, , , , , ,1, , , , ,1, , , ,1, , , , , , , , , , , , , , ,1, , ,1, ,1,1, , ,1,1, ,1,1,1,1,1,1,1,1,1, , , , ,1,1,1,1, ,1,1,1,1,1,1,1, , ,1,1,1, , , , , , , ,1, , , , ,1,1, ,1,1,1,1,1,1,1,1,1,1,1,1,1, ,1, , 
"2020-02-25 04:15:50","2020-02-25 04:58:56",2586.0,5.97126436397E-05, ,1, , , , , ,1, , , , ,1, , , , , , , , , , , , , , , , , , ,1, , ,1, ,1,1, , ,1,1, ,1,1,1,1,1,1,1,1,1, , , , ,1,1,1,1, ,1,1,1,1,1,1,1, , ,1,1,1, , , , , , , ,1, , , , ,1,1, ,1,1,1,1,1,1,1,1,1,1,1,1,1, ,1, , 
"2020-02-25 04:58:56","2020-02-25 04:59:50",54.0,1.24689975118E-06, ,1, , , , , ,1, , , , ,1, , , , , , , , , , , , , , , , , , ,1, , ,1, ,1,1, , ,1,1,180,1,1,1,1,1,1,1,1,1, , , , ,1,1,1,1, ,1,1,1,1,1,1,1, , ,1,1,1, , , , , , , ,1, , , , ,1,1, ,1,1,1,1,1,1,1,1,1,1,1,1,1, ,1, , 
"2020-02-25 04:59:50","2020-02-25 05:00:50",60.0,1.38544416797E-06, ,1, , , , , ,1, , , , ,1, , , ,1, , , , , , , , , , , , , , ,1, , ,1, ,1,1, , ,1,1,180,1,1,1,1,1,1,1,1,1, , , , ,1,1,1,1, ,1,1,1,1,1,1,1, , ,1,1,1, , , , , , , ,1, , , , ,1,1, ,1,1,1,1,1,1,1,1,1,1,1,1,1, ,1, , 
"2020-02-25 05:00:50","2020-02-25 05:01:56",66.0,1.52398858477E-06, ,1, , , , , ,1, , , , ,1, , , , , , , , , , , , , , , , , , ,1, , ,1, ,1,1, , ,1,1,180,1,1,1,1,1,1,1,1,1, , , , ,1,1,1,1, ,1,1,1,1,1,1,1, , ,1,1,1, , , , , , , ,1, , , , ,1,1, ,1,1,1,1,1,1,1,1,1,1,1,1,1, ,1, , 
"2020-02-25 05:01:56","2020-02-25 23:59:59",68283.0,0.00157670473536, ,1, , , , , ,1, , , , ,1, , , , , , , , , , , , , , , , , , ,1, , ,1, ,1,1, , ,1,1, ,1,1,1,1,1,1,1,1,1, , , , ,1,1,1,1, ,1,1,1,1,1,1,1, , ,1,1,1, , , , , , , ,1, , , , ,1,1, ,1,1,1,1,1,1,1,1,1,1,1,1,1, ,1, , 
"2020-02-25 23:59:59","2020-02-26 00:00:00",1.0,2.30907361329E-08, ,1, , , , , ,1, , , , ,1, , , , , , , , , , , , , , , , , , ,1, , ,1, ,1,1, , ,1,1, ,1,1,1,1,1,1,1,1,1, , , , ,1,1,1,1, ,1,1,1,1,1,1,1, , ,1,1,1, , , , , , , , , , , , ,1,1, ,1,1,1,1,1,1,1,1,1,1,1,1,1, ,1, , 
"2020-02-26 00:00:00","2020-02-26 02:36:50",9410.0,0.000217283827011, ,1, , , , , ,1, , , , ,1, , , , , , , , , , , , , , , , , , ,1, , ,1, ,1,1, , ,1,1, ,1,1,1,1,1,1,1,1,1, , , , ,1,1,1,1, ,1,1,1,1,1,1,1, , ,1,1,1, ,1, , , , , , , , , , ,1,1, ,1,1,1,1,1,1,1,1,1,1,1,1,1, ,1, , 
"2020-02-26 02:36:50","2020-02-26 02:37:50",60.0,1.38544416797E-06, ,1, , , , , ,1, , , , ,1, , , ,1, , , , , , , , , , , , , , ,1, , ,1, ,1,1, , ,1,1, ,1,1,1,1,1,1,1,1,1, , , , ,1,1,1,1, ,1,1,1,1,1,1,1, , ,1,1,1, ,1, , , , , , , , , , ,1,1, ,1,1,1,1,1,1,1,1,1,1,1,1,1, ,1, , 
"2020-02-26 02:37:50","2020-02-26 23:59:59",76929.0,0.00177634723997, ,1, , , , , ,1, , , , ,1, , , , , , , , , , , , , , , , , , ,1, , ,1, ,1,1, , ,1,1, ,1,1,1,1,1,1,1,1,1, , , , ,1,1,1,1, ,1,1,1,1,1,1,1, , ,1,1,1, ,1, , , , , , , , , , ,1,1, ,1,1,1,1,1,1,1,1,1,1,1,1,1, ,1, , 
"2020-02-26 23:59:59","2020-02-27 00:00:00",1.0,2.30907361329E-08, ,1, , , , , ,1, , , , ,1, , , , , , , , , , , , , , , , , , ,1, , ,1, ,1,1, , ,1,1, ,1,1,1,1,1,1,1,1,1, , , , ,1,1,1,1, ,1,1,1,1,1,1,1, , ,1,1,1, , , , , , , , , , , , ,1,1, ,1,1,1,1,1,1,1,1,1,1,1,1,1, ,1, , 
"2020-02-27 00:00:00","2020-02-27 23:59:59",86399.0,0.00199501651115, ,1, , , , , ,1, , , , ,1, , , , , , , , , , , , , , , , , , ,1, , ,1, ,1,1, , ,1,1, ,1,1,1,1,1,1,1,1,1, , , , ,1,1,1,1, ,1,1,1,1,1,1,1, , ,1,1,1, , , , , ,1, , , , , , ,1,1, ,1,1,1,1,1,1,1,1,1,1,1,1,1, ,1, , 
"2020-02-27 23:59:59","2020-02-28 00:00:00",1.0,2.30907361329E-08, ,1, , , , , ,1, , , , ,1, , , , , , , , , , , , , , , , , , ,1, , ,1, ,1,1, , ,1,1, ,1,1,1,1,1,1,1,1,1, , , , ,1,1,1,1, ,1,1,1,1,1,1,1, , ,1,1,1, , , , , , , , , , , , ,1,1, ,1,1,1,1,1,1,1,1,1,1,1,1,1, ,1, , 
"2020-02-28 00:00:00","2020-02-28 14:55:47",53747.0,0.00124105779493, ,1, , , , , ,1, , , , ,1, , , , , , , , , , , , , , , , , , ,1, , ,1, ,1,1, , ,1,1, ,1,1,1,1,1,1,1,1,1, , , , ,1,1,1,1, ,1,1,1,1,1,1,1, , ,1,1,1, , ,1, , , , , , , , , ,1,1, ,1,1,1,1,1,1,1,1,1,1,1,1,1, ,1, , 
"2020-02-28 14:55:47","2020-02-28 14:55:56",9.0,2.07816625196E-07, ,1, , , , , ,1, , , , ,1, , , , , , , , , , , , , , , , , , ,1, , ,1, ,1,1, , ,1,1, ,1,1,1,1,1,1,1,1,1, , , ,240,1,1,1,1, ,1,1,1,1,1,1,1, ,240,1,1,1, , ,1, , , , , , , , , ,1,1, ,1,1,1,1,1,1,1,1,1,1,1,1,1, ,1, , 
"2020-02-28 14:55:56","2020-02-28 14:55:58",2.0,4.61814722658E-08, ,1, , , , , ,1, , , , ,1, , , , , , , , , , , , , , , , , , ,1, , ,1, ,1,1, , ,1,1,240,1,1,1,1,1,1,1,1,1, , , ,240,1,1,1,1, ,1,1,1,1,1,1,1, ,240,1,1,1, , ,1, , , , , , , , , ,1,1, ,1,1,1,1,1,1,1,1,1,1,1,1,1, ,1, , 
"2020-02-28 14:55:58","2020-02-28 14:56:00",2.0,4.61814722658E-08, ,1, , , , , ,1, , , , ,1, , , , , , , , , , , , , , , , , , ,1, , ,1, ,1,1, , ,1,1,240,1,1,1,1,1,1,1,1,1, , , ,240,1,1,1,1, ,1,1,1,1,1,1,1, ,240,1,1,1, , ,1, , , , , , , , , ,1,1, ,1,1,1,1,1,1,1,1,1,1,1,1,1, ,1, ,240
"2020-02-28 14:56:00","2020-02-28 14:56:09",9.0,2.07816625196E-07, ,1, , , , , ,1, , , , ,1, , , , , , , , , , , , , , , , , , ,1,240, ,1, ,1,1, , ,1,1,240,1,1,1,1,1,1,1,1,1, , , ,240,1,1,1,1, ,1,1,1,1,1,1,1, ,240,1,1,1, , ,1, , , , , , , , , ,1,1, ,1,1,1,1,1,1,1,1,1,1,1,1,1, ,1, ,240
"2020-02-28 14:56:09","2020-02-28 14:56:21",12.0,2.77088833595E-07, ,1, , , , , ,1, , , , ,1, , , , ,240, , , , , , , , , , , , , ,1,240, ,1, ,1,1, , ,1,1,240,1,1,1,1,1,1,1,1,1, , , ,240,1,1,1,1, ,1,1,1,1,1,1,1,240,240,1,1,1, , ,1, , , , , , , , , ,1,1, ,1,1,1,1,1,1,1,1,1,1,1,1,1, ,1, ,240
"2020-02-28 14:56:21","2020-02-28 14:59:21",180.0,4.15633250392E-06, ,1, , , , , ,1, , , , ,1, , , , ,240, , , , , , , , , , , , , ,1,240,180,1, ,1,1,180, ,1,1,240,1,1,1,1,1,1,1,1,1,181, , ,240,1,1,1,1, ,1,1,1,1,1,1,1,240,240,1,1,1, , ,1, , , , , , , , , ,1,1, ,1,1,1,1,1,1,1,1,1,1,1,1,1, ,1, ,240
"2020-02-28 14:59:21","2020-02-28 14:59:22",1.0,2.30907361329E-08, ,1, , , , , ,1, , , , ,1, , , , ,240, , , , , , , , , , , , , ,1,240, ,1, ,1,1, , ,1,1,240,1,1,1,1,1,1,1,1,1,181, , ,240,1,1,1,1, ,1,1,1,1,1,1,1,240,240,1,1,1, , ,1, , , , , , , , , ,1,1, ,1,1,1,1,1,1,1,1,1,1,1,1,1, ,1, ,240
"2020-02-28 14:59:22","2020-02-28 14:59:47",25.0,5.77268403322E-07, ,1, , , , , ,1, , , , ,1, , , , ,240, , , , , , , , , , , , , ,1,240, ,1, ,1,1, , ,1,1,240,1,1,1,1,1,1,1,1,1, , , ,240,1,1,1,1, ,1,1,1,1,1,1,1,240,240,1,1,1, , ,1, , , , , , , , , ,1,1, ,1,1,1,1,1,1,1,1,1,1,1,1,1, ,1, ,240
"2020-02-28 14:59:47","2020-02-28 14:59:56",9.0,2.07816625196E-07, ,1, , , , , ,1, , , , ,1, , , , ,240, , , , , , , , , , , , , ,1,240, ,1, ,1,1, , ,1,1,240,1,1,1,1,1,1,1,1,1, , , , ,1,1,1,1, ,1,1,1,1,1,1,1,240, ,1,1,1, , ,1, , , , , , , , , ,1,1, ,1,1,1,1,1,1,1,1,1,1,1,1,1, ,1, ,240
"2020-02-28 14:59:56","2020-02-28 14:59:58",2.0,4.61814722658E-08, ,1, , , , , ,1, , , , ,1, , , , ,240, , , , , , , , , , , , , ,1,240, ,1, ,1,1, , ,1,1, ,1,1,1,1,1,1,1,1,1, , , , ,1,1,1,1, ,1,1,1,1,1,1,1,240, ,1,1,1, , ,1, , , , , , , , , ,1,1, ,1,1,1,1,1,1,1,1,1,1,1,1,1, ,1, ,240
"2020-02-28 14:59:58","2020-02-28 15:00:00",2.0,4.61814722658E-08, ,1, , , , , ,1, , , , ,1, , , , ,240, , , , , , , , , , , , , ,1,240, ,1, ,1,1, , ,1,1, ,1,1,1,1,1,1,1,1,1, , , , ,1,1,1,1, ,1,1,1,1,1,1,1,240, ,1,1,1, , ,1, , , , , , , , , ,1,1, ,1,1,1,1,1,1,1,1,1,1,1,1,1, ,1, , 
"2020-02-28 15:00:00","2020-02-28 15:00:09",9.0,2.07816625196E-07, ,1, , , , , ,1, , , , ,1, , , , ,240, , , , , , , , , , , , , ,1, , ,1, ,1,1, , ,1,1, ,1,1,1,1,1,1,1,1,1, , , , ,1,1,1,1, ,1,1,1,1,1,1,1,240, ,1,1,1, , ,1, , , , , , , , , ,1,1, ,1,1,1,1,1,1,1,1,1,1,1,1,1, ,1, , 
"2020-02-28 15:00:09","2020-02-28 15:34:09",2040.0,4.71051017111E-05, ,1, , , , , ,1, , , , ,1, , , , , , , , , , , , , , , , , , ,1, , ,1, ,1,1, , ,1,1, ,1,1,1,1,1,1,1,1,1, , , , ,1,1,1,1, ,1,1,1,1,1,1,1, , ,1,1,1, , ,1, , , , , , , , , ,1,1, ,1,1,1,1,1,1,1,1,1,1,1,1,1, ,1, , 
"2020-02-28 15:34:09","2020-02-28 15:37:09",180.0,4.15633250392E-06, ,1, , , , , ,1, , , , ,1, , , , ,180, , , , , , , , , , , , , ,1, , ,1, ,1,1, , ,1,1, ,1,1,1,1,1,1,1,1,1, , , , ,1,1,1,1, ,1,1,1,1,1,1,1,180, ,1,1,1, , ,1, , , , , , , , , ,1,1, ,1,1,1,1,1,1,1,1,1,1,1,1,1, ,1, , 
"2020-02-28 15:37:09","2020-02-28 15:54:21",1032.0,2.38296396892E-05, ,1, , , , , ,1, , , , ,1, , , , , , , , , , , , , , , , , , ,1, , ,1, ,1,1, , ,1,1, ,1,1,1,1,1,1,1,1,1, , , , ,1,1,1,1, ,1,1,1,1,1,1,1, , ,1,1,1, , ,1, , , , , , , , , ,1,1, ,1,1,1,1,1,1,1,1,1,1,1,1,1, ,1, , 
"2020-02-28 15:54:21","2020-02-28 15:54:22",1.0,2.30907361329E-08, ,1, , , , , ,1, , , , ,1, , , , , , , , , , , , , , , , , , ,1, , ,1, ,1,1, , ,1,1, ,1,1,1,1,1,1,1,1,1,241, , , ,1,1,1,1, ,1,1,1,1,1,1,1, , ,1,1,1, , ,1, , , , , , , , , ,1,1, ,1,1,1,1,1,1,1,1,1,1,1,1,1, ,1, , 
"2020-02-28 15:54:22","2020-02-28 15:54:48",26.0,6.00359139455E-07, ,1, , , , , ,1, , , , ,1, , , , , , , , , , , , , , , , , , ,1, ,240,1, ,1,1,240, ,1,1, ,1,1,1,1,1,1,1,1,1,241, , , ,1,1,1,1, ,1,1,1,1,1,1,1, , ,1,1,1, , ,1, , , , , , , , , ,1,1, ,1,1,1,1,1,1,1,1,1,1,1,1,1, ,1, , 
"2020-02-28 15:54:48","2020-02-28 15:54:56",8.0,1.84725889063E-07, ,1, , , , , ,1, , , , ,1, , , , , , , , , , , , , , , , , , ,1, ,240,1, ,1,1,240, ,1,1, ,1,1,1,1,1,1,1,1,1,241, , ,179,1,1,1,1, ,1,1,1,1,1,1,1, ,179,1,1,1, , ,1, , , , , , , , , ,1,1, ,1,1,1,1,1,1,1,1,1,1,1,1,1, ,1, , 
"2020-02-28 15:54:56","2020-02-28 15:54:58",2.0,4.61814722658E-08, ,1, , , , , ,1, , , , ,1, , , , , , , , , , , , , , , , , , ,1, ,240,1, ,1,1,240, ,1,1,181,1,1,1,1,1,1,1,1,1,241, , ,179,1,1,1,1, ,1,1,1,1,1,1,1, ,179,1,1,1, , ,1, , , , , , , , , ,1,1, ,1,1,1,1,1,1,1,1,1,1,1,1,1, ,1, , 
"2020-02-28 15:54:58","2020-02-28 15:55:00",2.0,4.61814722658E-08, ,1, , , , , ,1, , , , ,1, , , , , , , , , , , , , , , , , , ,1, ,240,1, ,1,1,240, ,1,1,181,1,1,1,1,1,1,1,1,1,241, , ,179,1,1,1,1, ,1,1,1,1,1,1,1, ,179,1,1,1, , ,1, , , , , , , , , ,1,1, ,1,1,1,1,1,1,1,1,1,1,1,1,1, ,1, ,180
"2020-02-28 15:55:00","2020-02-28 15:55:10",10.0,2.30907361329E-07, ,1, , , , , ,1, , , , ,1, , , , , , , , , , , , , , , , , , ,1,180,240,1, ,1,1,240, ,1,1,181,1,1,1,1,1,1,1,1,1,241, , ,179,1,1,1,1, ,1,1,1,1,1,1,1, ,179,1,1,1, , ,1, , , , , , , , , ,1,1, ,1,1,1,1,1,1,1,1,1,1,1,1,1, ,1, ,180
"2020-02-28 15:55:10","2020-02-28 15:57:47",157.0,3.62524557287E-06, ,1, , , , , ,1, , , , ,1, , , , ,179, , , , , , , , , , , , , ,1,180,240,1, ,1,1,240, ,1,1,181,1,1,1,1,1,1,1,1,1,241, , ,179,1,1,1,1, ,1,1,1,1,1,1,1,179,179,1,1,1, , ,1, , , , , , , , , ,1,1, ,1,1,1,1,1,1,1,1,1,1,1,1,1, ,1, ,180
"2020-02-28 15:57:47","2020-02-28 15:57:57",10.0,2.30907361329E-07, ,1, , , , , ,1, , , , ,1, , , , ,179, , , , , , , , , , , , , ,1,180,240,1, ,1,1,240, ,1,1,181,1,1,1,1,1,1,1,1,1,241, , , ,1,1,1,1, ,1,1,1,1,1,1,1,179, ,1,1,1, , ,1, , , , , , , , , ,1,1, ,1,1,1,1,1,1,1,1,1,1,1,1,1, ,1, ,180
"2020-02-28 15:57:57","2020-02-28 15:57:58",1.0,2.30907361329E-08, ,1, , , , , ,1, , , , ,1, , , , ,179, , , , , , , , , , , , , ,1,180,240,1, ,1,1,240, ,1,1, ,1,1,1,1,1,1,1,1,1,241, , , ,1,1,1,1, ,1,1,1,1,1,1,1,179, ,1,1,1, , ,1, , , , , , , , , ,1,1, ,1,1,1,1,1,1,1,1,1,1,1,1,1, ,1, ,180
"2020-02-28 15:57:58","2020-02-28 15:58:00",2.0,4.61814722658E-08, ,1, , , , , ,1, , , , ,1, , , , ,179, , , , , , , , , , , , , ,1,180,240,1, ,1,1,240, ,1,1, ,1,1,1,1,1,1,1,1,1,241, , , ,1,1,1,1, ,1,1,1,1,1,1,1,179, ,1,1,1, , ,1, , , , , , , , , ,1,1, ,1,1,1,1,1,1,1,1,1,1,1,1,1, ,1, , 
"2020-02-28 15:58:00","2020-02-28 15:58:09",9.0,2.07816625196E-07, ,1, , , , , ,1, , , , ,1, , , , ,179, , , , , , , , , , , , , ,1, ,240,1, ,1,1,240, ,1,1, ,1,1,1,1,1,1,1,1,1,241, , , ,1,1,1,1, ,1,1,1,1,1,1,1,179, ,1,1,1, , ,1, , , , , , , , , ,1,1, ,1,1,1,1,1,1,1,1,1,1,1,1,1, ,1, , 
"2020-02-28 15:58:09","2020-02-28 15:58:22",13.0,3.00179569728E-07, ,1, , , , , ,1, , , , ,1, , , , , , , , , , , , , , , , , , ,1, ,240,1, ,1,1,240, ,1,1, ,1,1,1,1,1,1,1,1,1,241, , , ,1,1,1,1, ,1,1,1,1,1,1,1, , ,1,1,1, , ,1, , , , , , , , , ,1,1, ,1,1,1,1,1,1,1,1,1,1,1,1,1, ,1, , 
"2020-02-28 15:58:22","2020-02-28 18:08:05",7783.0,0.000179715199322, ,1, , , , , ,1, , , , ,1, , , , , , , , , , , , , , , , , , ,1, , ,1, ,1,1, , ,1,1, ,1,1,1,1,1,1,1,1,1, , , , ,1,1,1,1, ,1,1,1,1,1,1,1, , ,1,1,1, , ,1, , , , , , , , , ,1,1, ,1,1,1,1,1,1,1,1,1,1,1,1,1, ,1, , 
"2020-02-28 18:08:05","2020-02-28 18:08:16",11.0,2.53998097462E-07, ,1, , , , , ,1, , , , ,1, , , , , , , , , , , , , , , , , , ,1, , ,1, ,1,1, , ,1,1, ,1,1,1,1,1,1,1,1,1, , , , ,1,1,1,1, ,1,1,1,1,1,1,1, , ,1,1,1, , ,1, , , , , , , , , ,1,1,180,1,1,1,1,1,1,1,1,1,1,1,1,1, ,1, , 
"2020-02-28 18:08:16","2020-02-28 18:11:05",169.0,3.90233440646E-06, ,1, , , , , ,1, , , , ,1,180, , , , , , , , , , , , , , , , , ,1, , ,1, ,1,1, , ,1,1, ,1,1,1,1,1,1,1,1,1, , , , ,1,1,1,1, ,1,1,1,1,1,1,1, , ,1,1,1, , ,1, , , , , , , , , ,1,1,180,1,1,1,1,1,1,1,1,1,1,1,1,1, ,1, , 
"2020-02-28 18:11:05","2020-02-28 18:11:16",11.0,2.53998097462E-07, ,1, , , , , ,1, , , , ,1,180, , , , , , , , , , , , , , , , , ,1, , ,1, ,1,1, , ,1,1, ,1,1,1,1,1,1,1,1,1, , , , ,1,1,1,1, ,1,1,1,1,1,1,1, , ,1,1,1, , ,1, , , , , , , , , ,1,1, ,1,1,1,1,1,1,1,1,1,1,1,1,1, ,1, , 
"2020-02-28 18:11:16","2020-02-28 23:59:59",20923.0,0.000483127472109, ,1, , , , , ,1, , , , ,1, , , , , , , , , , , , , , , , , , ,1, , ,1, ,1,1, , ,1,1, ,1,1,1,1,1,1,1,1,1, , , , ,1,1,1,1, ,1,1,1,1,1,1,1, , ,1,1,1, , ,1, , , , , , , , , ,1,1, ,1,1,1,1,1,1,1,1,1,1,1,1,1, ,1, , 
"2020-02-28 23:59:59","2020-02-29 00:00:00",1.0,2.30907361329E-08, ,1, , , , , ,1, , , , ,1, , , , , , , , , , , , , , , , , , ,1, , ,1, ,1,1, , ,1,1, ,1,1,1,1,1,1,1,1,1, , , , ,1,1,1,1, ,1,1,1,1,1,1,1, , ,1,1,1, , , , , , , , , , , , ,1,1, ,1,1,1,1,1,1,1,1,1,1,1,1,1, ,1, , 
"2020-02-29 00:00:00","2020-02-29 23:59:59",86399.0,0.00199501651115, ,1, , , , , ,1, , , , ,1, , , , , , , , , , , , , , , , , , ,1, , ,1, ,1,1, , ,1,1, ,1,1,1,1,1,1,1,1,1, , , , ,1,1,1,1, ,1,1,1,1,1,1,1, , ,1,1,1, , , ,1, , , , , , , , ,1,1, ,1,1,1,1,1,1,1,1,1,1,1,1,1, ,1, , 
"2020-02-29 23:59:59","2020-03-01 00:00:00",1.0,2.30907361329E-08, ,1, , , , , ,1, , , , ,1, , , , , , , , , , , , , , , , , , ,1, , ,1, ,1,1, , ,1,1, ,1,1,1,1,1,1,1,1,1, , , , ,1,1,1,1, ,1,1,1,1,1,1,1, , ,1,1,1, , , , , , , , , , , , ,1,1, ,1,1,1,1,1,1,1,1,1,1,1,1, , ,1, , 
"2020-03-01 00:00:00","2020-03-01 23:59:59",86399.0,0.00199501651115, ,1, , , , , ,1, , , , ,1, , ,1, , , , , , , , , , , , , , , ,1, , ,1, ,1,1, , ,1,1, ,1,1,1,1,1,1,1,1,1, , , , ,1,1,1,1, ,1,1,1,1,1,1,1, , ,1,1,1, , , , , , , , , , , , ,1,1, ,1,1,1,1,1,1,1,1,1,1,1,1, ,1,1, , 
