time_ini,time_end,duration_seg,duration_percent,ref_2019_07_25,ref_2019_07_24,ref_2019_07_27,ref_2019_07_26,ref_2019_07_21,ref_2019_07_20,ref_2019_07_23,ref_2019_07_22,ref_2019_07_29,ref_2019_07_28,ref_Periodo,RPFDIxRPMPX_ativado,OMCCLxRPATJ_ativado,chamados_MSRPJRD,localidade_id_MSOMJRD_2496,ref_2019_07_10,ref_2019_07_11,ref_2019_07_12,ref_2019_07_13,ref_2019_07_14,ref_2019_07_15,ref_2019_07_16,ref_2019_07_17,ref_2019_07_18,ref_2019_07_19,chamados_MSRPMMA,RPMRDxRPFGR_ativado,OMJRDxRPJRD_ativado,chamados_MSOMJRD,RPJRD_nOK_0001,RPJRD_nOK_0002,RPAMBxRPTCU_ativado,localidade_id_MSRPMMA_2496,OMJRD_nOK_0001,RPNASxRPRBR_ativado,RPPPR_nOK_0002,RPPPR_nOK_0004,OMCARCxRPFSJ_ativado,ref_2019_07_31,ref_2019_06,ref_2019_07,OMCGRxRPCGR_ativado,RPPPRxOMCCL_ativado,RPATJ_SColTempo_0002_delta_tempo,RPDOUxOMDOU_ativado,RPMMAxOMCARC_ativado,RPMPXxRPMRD_ativado,RPTRNxRPFDI_ativado,localidade_id_MSOMCCL_2496,localidade_id_MSRPATJ_2496,OMCARC_nOK_0001,Chamados_Desconto,ref_2019_07_09,ref_2019_07_08,ref_2019_07_07,ref_2019_07_06,ref_2019_07_05,ref_2019_07_04,ref_2019_07_03,ref_2019_07_02,ref_2019_07_01,chamados_MSOMCCL,RPTCUxOMIGT_ativado,RPPPRxOMPPR_ativado,OMMNOxOMGUA_ativado,RPNAS1xRPNAS_ativado,localidade_id_MSOMBLV_2496,RPRBRxRPDOU_ativado,OMCGRxOMRCB_ativado,RPCGRxRPNAS1_ativado,RPNVLxRPBND_ativado,RPNOQxOMNOQ_ativado,OMBLV_nOK_0001,RPAMO_nOK_0002,RPFDI_nOK_0001,ref_2019_06_30,RPAMO1_nOK_0001,chamados_MSRPATJ,RPATJ_SColTempo_0001_delta_tempo,OMDOUxRPPPR_ativado,RPAMBxOMAMB_ativado,OMIGTxOMMNO_ativado,OMCGRxRPNVL_ativado,localidade_id_MSRPJRD_2496,ref_2019_07_30,RPMMAxOMBLV_ativado,RPNVLxRPTRN_ativado,RPAMOxRPAMB_ativado,RPMRDxOMAQD_ativado,RPMPXxRPSPE_ativado,RPJRDxRPMMA_ativado,chamados_MSOMBLV,RPNOQxOMJRD_ativado,RPPPRxRPAMO1_ativado,RPAMO1xRPAMO_ativado,RPATJxOMBLV_ativado,RPSPExRPNOQ_ativado
"2019-06-30 00:00:00","2019-06-30 23:59:59",86399.0,0.0312496496129, , , , , , , , , , ,1,1,1, , , , , , , , , , , , , ,1,1, , , ,1, , ,1, , , , ,1, ,1,1, ,1,1,1,1, , , , , , , , , , , , , , ,1,1,1,1, ,1,1,1,1,1, , , ,1, , , ,1,1,1,1, , ,1,1,1,1,1,1, ,1,1,1,1,1
"2019-06-30 23:59:59","2019-07-01 00:00:00",1.0,3.61689945634E-07, , , , , , , , , , ,1,1,1, , , , , , , , , , , , , ,1,1, , , ,1, , ,1, , , , , , ,1,1, ,1,1,1,1, , , , , , , , , , , , , , ,1,1,1,1, ,1,1,1,1,1, , , , , , , ,1,1,1,1, , ,1,1,1,1,1,1, ,1,1,1,1,1
"2019-07-01 00:00:00","2019-07-01 05:00:00",18000.0,0.00651041902142, , , , , , , , , , ,1,1,1,1,1, , , , , , , , , , ,1,1,1,1, , ,1,1, ,1, , , , , ,1,1,1, ,1,1,1,1,1,1, ,1, , , , , , , , ,1,1,1,1,1,1,1,1,1,1,1,1, , , , , ,1, ,1,1,1,1,1, ,1,1,1,1,1,1,1,1,1,1,1,1
"2019-07-01 05:00:00","2019-07-01 23:59:59",68399.0,0.0247392305914, , , , , , , , , , ,1,1,1,1,1, , , , , , , , , , ,1,1,1,1, , ,1,1, ,1, , ,1, , ,1,1,1, ,1,1,1,1,1,1, ,1, , , , , , , , ,1,1,1,1,1,1,1,1,1,1,1,1, , , , , ,1, ,1,1,1,1,1, ,1,1,1,1,1,1,1,1,1,1,1,1
"2019-07-01 23:59:59","2019-07-02 00:00:00",1.0,3.61689945634E-07, , , , , , , , , , ,1,1,1,1,1, , , , , , , , , , ,1,1,1,1, , ,1,1, ,1, , ,1, , ,1,1,1, ,1,1,1,1,1,1, ,1, , , , , , , , , ,1,1,1,1,1,1,1,1,1,1,1, , , , , ,1, ,1,1,1,1,1, ,1,1,1,1,1,1,1,1,1,1,1,1
"2019-07-02 00:00:00","2019-07-02 23:59:59",86399.0,0.0312496496129, , , , , , , , , , ,1,1,1,1,1, , , , , , , , , , ,1,1,1,1, , ,1,1, ,1, , ,1, , ,1,1,1, ,1,1,1,1,1,1, ,1, , , , , , , ,1, ,1,1,1,1,1,1,1,1,1,1,1, , , , , ,1, ,1,1,1,1,1, ,1,1,1,1,1,1,1,1,1,1,1,1
"2019-07-02 23:59:59","2019-07-03 00:00:00",1.0,3.61689945634E-07, , , , , , , , , , ,1,1,1,1,1, , , , , , , , , , ,1,1,1,1, , ,1,1, ,1, , ,1, , ,1,1,1, ,1,1,1,1,1,1, ,1, , , , , , , , , ,1,1,1,1,1,1,1,1,1,1,1, , , , , ,1, ,1,1,1,1,1, ,1,1,1,1,1,1,1,1,1,1,1,1
"2019-07-03 00:00:00","2019-07-03 23:59:59",86399.0,0.0312496496129, , , , , , , , , , ,1,1,1,1,1, , , , , , , , , , ,1,1,1,1, , ,1,1, ,1, , ,1, , ,1,1,1, ,1,1,1,1,1,1, ,1, , , , , , ,1, , ,1,1,1,1,1,1,1,1,1,1,1, , , , , ,1, ,1,1,1,1,1, ,1,1,1,1,1,1,1,1,1,1,1,1
"2019-07-03 23:59:59","2019-07-04 00:00:00",1.0,3.61689945634E-07, , , , , , , , , , ,1,1,1,1,1, , , , , , , , , , ,1,1,1,1, , ,1,1, ,1, , ,1, , ,1,1,1, ,1,1,1,1,1,1, ,1, , , , , , , , , ,1,1,1,1,1,1,1,1,1,1,1, , , , , ,1, ,1,1,1,1,1, ,1,1,1,1,1,1,1,1,1,1,1,1
"2019-07-04 00:00:00","2019-07-04 16:07:37",58057.0,0.0209986331737, , , , , , , , , , ,1,1,1,1,1, , , , , , , , , , ,1,1,1,1, , ,1,1, ,1, , ,1, , ,1,1,1, ,1,1,1,1,1,1, ,1, , , , , ,1, , , ,1,1,1,1,1,1,1,1,1,1,1, , , , , ,1, ,1,1,1,1,1, ,1,1,1,1,1,1,1,1,1,1,1,1
"2019-07-04 16:07:37","2019-07-04 16:34:37",1620.0,0.000585937711928, , , , , , , , , , ,1,1,1,1,1, , , , , , , , , , ,1,1,1,1, , ,1,1, ,1, , ,1, , ,1,1,1,1620,1,1,1,1,1,1, ,1, , , , , ,1, , , ,1,1,1,1,1,1,1,1,1,1,1, , , , , ,1,1620,1,1,1,1,1, ,1,1,1,1,1,1,1,1,1,1,1,1
"2019-07-04 16:34:37","2019-07-04 23:59:59",26722.0,0.00966507872724, , , , , , , , , , ,1,1,1,1,1, , , , , , , , , , ,1,1,1,1, , ,1,1, ,1, , ,1, , ,1,1,1, ,1,1,1,1,1,1, ,1, , , , , ,1, , , ,1,1,1,1,1,1,1,1,1,1,1, , , , , ,1, ,1,1,1,1,1, ,1,1,1,1,1,1,1,1,1,1,1,1
"2019-07-04 23:59:59","2019-07-05 00:00:00",1.0,3.61689945634E-07, , , , , , , , , , ,1,1,1,1,1, , , , , , , , , , ,1,1,1,1, , ,1,1, ,1, , ,1, , ,1,1,1, ,1,1,1,1,1,1, ,1, , , , , , , , , ,1,1,1,1,1,1,1,1,1,1,1, , , , , ,1, ,1,1,1,1,1, ,1,1,1,1,1,1,1,1,1,1,1,1
"2019-07-05 00:00:00","2019-07-05 23:59:59",86399.0,0.0312496496129, , , , , , , , , , ,1,1,1,1,1, , , , , , , , , , ,1,1,1,1, , ,1,1, ,1, , ,1, , ,1,1,1, ,1,1,1,1,1,1, ,1, , , , ,1, , , , ,1,1,1,1,1,1,1,1,1,1,1, , , , , ,1, ,1,1,1,1,1, ,1,1,1,1,1,1,1,1,1,1,1,1
"2019-07-05 23:59:59","2019-07-06 00:00:00",1.0,3.61689945634E-07, , , , , , , , , , ,1,1,1,1,1, , , , , , , , , , ,1,1,1,1, , ,1,1, ,1, , ,1, , ,1,1,1, ,1,1,1,1,1,1, ,1, , , , , , , , , ,1,1,1,1,1,1,1,1,1,1,1, , , , , ,1, ,1,1,1,1,1, ,1,1,1,1,1,1,1,1,1,1,1,1
"2019-07-06 00:00:00","2019-07-06 23:59:59",86399.0,0.0312496496129, , , , , , , , , , ,1,1,1,1,1, , , , , , , , , , ,1,1,1,1, , ,1,1, ,1, , ,1, , ,1,1,1, ,1,1,1,1,1,1, ,1, , , ,1, , , , , ,1,1,1,1,1,1,1,1,1,1,1, , , , , ,1, ,1,1,1,1,1, ,1,1,1,1,1,1,1,1,1,1,1,1
"2019-07-06 23:59:59","2019-07-07 00:00:00",1.0,3.61689945634E-07, , , , , , , , , , ,1,1,1,1,1, , , , , , , , , , ,1,1,1,1, , ,1,1, ,1, , ,1, , ,1,1,1, ,1,1,1,1,1,1, ,1, , , , , , , , , ,1,1,1,1,1,1,1,1,1,1,1, , , , , ,1, ,1,1,1,1,1, ,1,1,1,1,1,1,1,1,1,1,1,1
"2019-07-07 00:00:00","2019-07-07 23:59:59",86399.0,0.0312496496129, , , , , , , , , , ,1,1,1,1,1, , , , , , , , , , ,1,1,1,1, , ,1,1, ,1, , ,1, , ,1,1,1, ,1,1,1,1,1,1, ,1, , ,1, , , , , , ,1,1,1,1,1,1,1,1,1,1,1, , , , , ,1, ,1,1,1,1,1, ,1,1,1,1,1,1,1,1,1,1,1,1
"2019-07-07 23:59:59","2019-07-08 00:00:00",1.0,3.61689945634E-07, , , , , , , , , , ,1,1,1,1,1, , , , , , , , , , ,1,1,1,1, , ,1,1, ,1, , ,1, , ,1,1,1, ,1,1,1,1,1,1, ,1, , , , , , , , , ,1,1,1,1,1,1,1,1,1,1,1, , , , , ,1, ,1,1,1,1,1, ,1,1,1,1,1,1,1,1,1,1,1,1
"2019-07-08 00:00:00","2019-07-08 10:37:41",38261.0,0.0138386190099, , , , , , , , , , ,1,1,1,1,1, , , , , , , , , , ,1,1,1,1, , ,1,1, ,1, , ,1, , ,1,1,1, ,1,1,1,1,1,1, ,1, ,1, , , , , , , ,1,1,1,1,1,1,1,1,1,1,1, , , , , ,1, ,1,1,1,1,1, ,1,1,1,1,1,1,1,1,1,1,1,1
"2019-07-08 10:37:41","2019-07-08 12:56:45",8344.0,0.00301794090637, , , , , , , , , , ,1,1,1,1,1, , , , , , , , , , ,1,1,1,1, , ,1,1, ,1, , ,1, , ,1,1,1, ,1,1,1,1,1,1,1,1, ,1, , , , , , , ,1,1,1,1,1,1,1,1,1,1,1, , , , , ,1, ,1,1,1,1,1, ,1,1,1,1,1,1,1,1,1,1,1,1
"2019-07-08 12:56:45","2019-07-08 15:56:44",10799.0,0.00390588972291, , , , , , , , , , ,1,1,1,1,1, , , , , , , , , , ,1,1,1,1, , ,1,1, ,1, , ,1, , ,1,1,1, ,1,1,1,1,1,1,1,1, ,1, , , , , , , ,1,1,1,1,1,1,1,1,1,1,1, , , , ,1,1, ,1,1,1,1,1, ,1,1,1,1,1,1,1,1,1,1,1,1
"2019-07-08 15:56:44","2019-07-08 16:53:41",3417.0,0.00123589454423, , , , , , , , , , ,1,1,1,1,1, , , , , , , , , , ,1,1,1,1, , ,1,1, ,1, , ,1, , ,1,1,1, ,1,1,1,1,1,1,1,1, ,1, , , , , , , ,1,1,1,1,1,1,1,1,1,1,1, , , , , ,1, ,1,1,1,1,1, ,1,1,1,1,1,1,1,1,1,1,1,1
"2019-07-08 16:53:41","2019-07-08 17:12:41",1140.0,0.000412326538023, , , , , , , , , , ,1,1,1,1,1, , , , , , , , , , ,1,1,1,1, , ,1,1, ,1, , ,1, , ,1,1,1, ,1,1,1,1,1,1, ,1, ,1, , , , , , , ,1,1,1,1,1,1,1,1,1,1,1, , , , , ,1, ,1,1,1,1,1, ,1,1,1,1,1,1,1,1,1,1,1,1
"2019-07-08 17:12:41","2019-07-08 19:44:04",9083.0,0.0032852297762, , , , , , , , , , ,1,1,1,1,1, , , , , , , , , , ,1,1,1,1, , ,1,1, ,1, , ,1, , ,1,1,1, ,1,1,1,1,1,1,1,1, ,1, , , , , , , ,1,1,1,1,1,1,1,1,1,1,1, , , , , ,1, ,1,1,1,1,1, ,1,1,1,1,1,1,1,1,1,1,1,1
"2019-07-08 19:44:04","2019-07-08 19:46:04",120.0,4.34027934761E-05, , , , , , , , , , ,1,1,1,1,1, , , , , , , , , , ,1,1,1,1, , ,1,1, ,1,1, ,1, , ,1,1,1, ,1,1,1,1,1,1,1,1, ,1, , , , , , , ,1,1,1,1,1,1,1,1,1,1,1, , , , , ,1, ,1,1,1,1,1, ,1,1,1,1,1,1,1,1,1,1,1,1
"2019-07-08 19:46:04","2019-07-08 23:59:59",15235.0,0.00551034632174, , , , , , , , , , ,1,1,1,1,1, , , , , , , , , , ,1,1,1,1, , ,1,1, ,1, , ,1, , ,1,1,1, ,1,1,1,1,1,1,1,1, ,1, , , , , , , ,1,1,1,1,1,1,1,1,1,1,1, , , , , ,1, ,1,1,1,1,1, ,1,1,1,1,1,1,1,1,1,1,1,1
"2019-07-08 23:59:59","2019-07-09 00:00:00",1.0,3.61689945634E-07, , , , , , , , , , ,1,1,1,1,1, , , , , , , , , , ,1,1,1,1, , ,1,1, ,1, , ,1, , ,1,1,1, ,1,1,1,1,1,1,1,1, , , , , , , , , ,1,1,1,1,1,1,1,1,1,1,1, , , , , ,1, ,1,1,1,1,1, ,1,1,1,1,1,1,1,1,1,1,1,1
"2019-07-09 00:00:00","2019-07-09 12:15:42",44142.0,0.0159657175802, , , , , , , , , , ,1,1,1,1,1, , , , , , , , , , ,1,1,1,1, , ,1,1, ,1, , ,1, , ,1,1,1, ,1,1,1,1,1,1,1,1,1, , , , , , , , ,1,1,1,1,1,1,1,1,1,1,1, , , , , ,1, ,1,1,1,1,1, ,1,1,1,1,1,1,1,1,1,1,1,1
"2019-07-09 12:15:42","2019-07-09 15:04:21",10119.0,0.00365994055987, , , , , , , , , , ,1,1,1,1,1, , , , , , , , , , ,1,1,1,1, , ,1,1, ,1, , ,1, , ,1,1,1, ,1,1,1,1,1,1, ,1,1, , , , , , , , ,1,1,1,1,1,1,1,1,1,1,1, , , , , ,1, ,1,1,1,1,1, ,1,1,1,1,1,1,1,1,1,1,1,1
"2019-07-09 15:04:21","2019-07-09 16:20:21",4560.0,0.00164930615209, , , , , , , , , , ,1,1,1,1,1, , , , , , , , , , ,1,1,1,1, ,1,1,1, ,1, , ,1, , ,1,1,1, ,1,1,1,1,1,1, ,1,1, , , , , , , , ,1,1,1,1,1,1,1,1,1,1,1, , , , , ,1, ,1,1,1,1,1, ,1,1,1,1,1,1,1,1,1,1,1,1
"2019-07-09 16:20:21","2019-07-09 23:59:59",27578.0,0.00997468532071, , , , , , , , , , ,1,1,1,1,1, , , , , , , , , , ,1,1,1,1, , ,1,1, ,1, , ,1, , ,1,1,1, ,1,1,1,1,1,1, ,1,1, , , , , , , , ,1,1,1,1,1,1,1,1,1,1,1, , , , , ,1, ,1,1,1,1,1, ,1,1,1,1,1,1,1,1,1,1,1,1
"2019-07-09 23:59:59","2019-07-10 00:00:00",1.0,3.61689945634E-07, , , , , , , , , , ,1,1,1,1,1, , , , , , , , , , ,1,1,1,1, , ,1,1, ,1, , ,1, , ,1,1,1, ,1,1,1,1,1,1, ,1, , , , , , , , , ,1,1,1,1,1,1,1,1,1,1,1, , , , , ,1, ,1,1,1,1,1, ,1,1,1,1,1,1,1,1,1,1,1,1
"2019-07-10 00:00:00","2019-07-10 18:12:49",65569.0,0.0237156480453, , , , , , , , , , ,1,1,1,1,1,1, , , , , , , , , ,1,1,1,1, , ,1,1, ,1, , ,1, , ,1,1,1, ,1,1,1,1,1,1, ,1, , , , , , , , , ,1,1,1,1,1,1,1,1,1,1,1, , , , , ,1, ,1,1,1,1,1, ,1,1,1,1,1,1,1,1,1,1,1,1
"2019-07-10 18:12:49","2019-07-10 18:14:49",120.0,4.34027934761E-05, , , , , , , , , , ,1,1,1,1,1,1, , , , , , , , , ,1,1,1,1, , ,1,1,1,1, , ,1, , ,1,1,1, ,1,1,1,1,1,1, ,1, , , , , , , , , ,1,1,1,1,1,1,1,1,1,1,1, , , , , ,1, ,1,1,1,1,1, ,1,1,1,1,1,1,1,1,1,1,1,1
"2019-07-10 18:14:49","2019-07-10 23:59:59",20710.0,0.00749059877409, , , , , , , , , , ,1,1,1,1,1,1, , , , , , , , , ,1,1,1,1, , ,1,1, ,1, , ,1, , ,1,1,1, ,1,1,1,1,1,1, ,1, , , , , , , , , ,1,1,1,1,1,1,1,1,1,1,1, , , , , ,1, ,1,1,1,1,1, ,1,1,1,1,1,1,1,1,1,1,1,1
"2019-07-10 23:59:59","2019-07-11 00:00:00",1.0,3.61689945634E-07, , , , , , , , , , ,1,1,1,1,1, , , , , , , , , , ,1,1,1,1, , ,1,1, ,1, , ,1, , ,1,1,1, ,1,1,1,1,1,1, ,1, , , , , , , , , ,1,1,1,1,1,1,1,1,1,1,1, , , , , ,1, ,1,1,1,1,1, ,1,1,1,1,1,1,1,1,1,1,1,1
"2019-07-11 00:00:00","2019-07-11 23:59:59",86399.0,0.0312496496129, , , , , , , , , , ,1,1,1,1,1, ,1, , , , , , , , ,1,1,1,1, , ,1,1, ,1, , ,1, , ,1,1,1, ,1,1,1,1,1,1, ,1, , , , , , , , , ,1,1,1,1,1,1,1,1,1,1,1, , , , , ,1, ,1,1,1,1,1, ,1,1,1,1,1,1,1,1,1,1,1,1
"2019-07-11 23:59:59","2019-07-12 00:00:00",1.0,3.61689945634E-07, , , , , , , , , , ,1,1,1,1,1, , , , , , , , , , ,1,1,1,1, , ,1,1, ,1, , ,1, , ,1,1,1, ,1,1,1,1,1,1, ,1, , , , , , , , , ,1,1,1,1,1,1,1,1,1,1,1, , , , , ,1, ,1,1,1,1,1, ,1,1,1,1,1,1,1,1,1,1,1,1
"2019-07-12 00:00:00","2019-07-12 22:04:22",79462.0,0.02874060646, , , , , , , , , , ,1,1,1,1,1, , ,1, , , , , , , ,1,1,1,1, , ,1,1, ,1, , ,1, , ,1,1,1, ,1,1,1,1,1,1, ,1, , , , , , , , , ,1,1,1,1,1,1,1,1,1,1,1, , , , , ,1, ,1,1,1,1,1, ,1,1,1,1,1,1,1,1,1,1,1,1
"2019-07-12 22:04:22","2019-07-12 22:06:21",119.0,4.30411035305E-05, , , , , , , , , , ,1,1,1,1,1, , ,1, , , , , , , ,1,1,1,1, ,1,1,1, ,1, , ,1, , ,1,1,1, ,1,1,1,1,1,1, ,1, , , , , , , , , ,1,1,1,1,1,1,1,1,1,1,1, , , , , ,1, ,1,1,1,1,1, ,1,1,1,1,1,1,1,1,1,1,1,1
"2019-07-12 22:06:21","2019-07-12 23:59:59",6818.0,0.00246600204934, , , , , , , , , , ,1,1,1,1,1, , ,1, , , , , , , ,1,1,1,1, , ,1,1, ,1, , ,1, , ,1,1,1, ,1,1,1,1,1,1, ,1, , , , , , , , , ,1,1,1,1,1,1,1,1,1,1,1, , , , , ,1, ,1,1,1,1,1, ,1,1,1,1,1,1,1,1,1,1,1,1
"2019-07-12 23:59:59","2019-07-13 00:00:00",1.0,3.61689945634E-07, , , , , , , , , , ,1,1,1,1,1, , , , , , , , , , ,1,1,1,1, , ,1,1, ,1, , ,1, , ,1,1,1, ,1,1,1,1,1,1, ,1, , , , , , , , , ,1,1,1,1,1,1,1,1,1,1,1, , , , , ,1, ,1,1,1,1,1, ,1,1,1,1,1,1,1,1,1,1,1,1
"2019-07-13 00:00:00","2019-07-13 23:59:59",86399.0,0.0312496496129, , , , , , , , , , ,1,1,1,1,1, , , ,1, , , , , , ,1,1,1,1, , ,1,1, ,1, , ,1, , ,1,1,1, ,1,1,1,1,1,1, ,1, , , , , , , , , ,1,1,1,1,1,1,1,1,1,1,1, , , , , ,1, ,1,1,1,1,1, ,1,1,1,1,1,1,1,1,1,1,1,1
"2019-07-13 23:59:59","2019-07-14 00:00:00",1.0,3.61689945634E-07, , , , , , , , , , ,1,1,1,1,1, , , , , , , , , , ,1,1,1,1, , ,1,1, ,1, , ,1, , ,1,1,1, ,1,1,1,1,1,1, ,1, , , , , , , , , ,1,1,1,1,1,1,1,1,1,1,1, , , , , ,1, ,1,1,1,1,1, ,1,1,1,1,1,1,1,1,1,1,1,1
"2019-07-14 00:00:00","2019-07-14 23:59:59",86399.0,0.0312496496129, , , , , , , , , , ,1,1,1,1,1, , , , ,1, , , , , ,1,1,1,1, , ,1,1, ,1, , ,1, , ,1,1,1, ,1,1,1,1,1,1, ,1, , , , , , , , , ,1,1,1,1,1,1,1,1,1,1,1, , , , , ,1, ,1,1,1,1,1, ,1,1,1,1,1,1,1,1,1,1,1,1
"2019-07-14 23:59:59","2019-07-15 00:00:00",1.0,3.61689945634E-07, , , , , , , , , , ,1,1,1,1,1, , , , , , , , , , ,1,1,1,1, , ,1,1, ,1, , ,1, , ,1,1,1, ,1,1,1,1,1,1, ,1, , , , , , , , , ,1,1,1,1,1,1,1,1,1,1,1, , , , , ,1, ,1,1,1,1,1, ,1,1,1,1,1,1,1,1,1,1,1,1
"2019-07-15 00:00:00","2019-07-15 23:59:59",86399.0,0.0312496496129, , , , , , , , , , ,1,1,1,1,1, , , , , ,1, , , , ,1,1,1,1, , ,1,1, ,1, , ,1, , ,1,1,1, ,1,1,1,1,1,1, ,1, , , , , , , , , ,1,1,1,1,1,1,1,1,1,1,1, , , , , ,1, ,1,1,1,1,1, ,1,1,1,1,1,1,1,1,1,1,1,1
"2019-07-15 23:59:59","2019-07-16 00:00:00",1.0,3.61689945634E-07, , , , , , , , , , ,1,1,1,1,1, , , , , , , , , , ,1,1,1,1, , ,1,1, ,1, , ,1, , ,1,1,1, ,1,1,1,1,1,1, ,1, , , , , , , , , ,1,1,1,1,1,1,1,1,1,1,1, , , , , ,1, ,1,1,1,1,1, ,1,1,1,1,1,1,1,1,1,1,1,1
"2019-07-16 00:00:00","2019-07-16 23:59:59",86399.0,0.0312496496129, , , , , , , , , , ,1,1,1,1,1, , , , , , ,1, , , ,1,1,1,1, , ,1,1, ,1, , ,1, , ,1,1,1, ,1,1,1,1,1,1, ,1, , , , , , , , , ,1,1,1,1,1,1,1,1,1,1,1, , , , , ,1, ,1,1,1,1,1, ,1,1,1,1,1,1,1,1,1,1,1,1
"2019-07-16 23:59:59","2019-07-17 00:00:00",1.0,3.61689945634E-07, , , , , , , , , , ,1,1,1,1,1, , , , , , , , , , ,1,1,1,1, , ,1,1, ,1, , ,1, , ,1,1,1, ,1,1,1,1,1,1, ,1, , , , , , , , , ,1,1,1,1,1,1,1,1,1,1,1, , , , , ,1, ,1,1,1,1,1, ,1,1,1,1,1,1,1,1,1,1,1,1
"2019-07-17 00:00:00","2019-07-17 12:14:21",44061.0,0.0159364206946, , , , , , , , , , ,1,1,1,1,1, , , , , , , ,1, , ,1,1,1,1, , ,1,1, ,1, , ,1, , ,1,1,1, ,1,1,1,1,1,1, ,1, , , , , , , , , ,1,1,1,1,1,1,1,1,1,1,1, , , , , ,1, ,1,1,1,1,1, ,1,1,1,1,1,1,1,1,1,1,1,1
"2019-07-17 12:14:21","2019-07-17 15:31:22",11821.0,0.00427553684734, , , , , , , , , , ,1,1,1,1,1, , , , , , , ,1, , ,1,1,1,1,1, ,1,1, ,1, , ,1, , ,1,1,1, ,1,1,1,1,1,1, ,1, , , , , , , , , ,1,1,1,1,1,1,1,1,1,1,1, , , , , ,1, ,1,1,1,1,1, ,1,1,1,1,1,1,1,1,1,1,1,1
"2019-07-17 15:31:22","2019-07-17 16:37:33",3971.0,0.00143627077411, , , , , , , , , , ,1,1,1,1,1, , , , , , , ,1, , ,1,1,1,1, , ,1,1, ,1, , ,1, , ,1,1,1, ,1,1,1,1,1,1, ,1, , , , , , , , , ,1,1,1,1,1,1,1,1,1,1,1, , , , , ,1, ,1,1,1,1,1, ,1,1,1,1,1,1,1,1,1,1,1,1
"2019-07-17 16:37:33","2019-07-17 16:39:33",120.0,4.34027934761E-05, , , , , , , , , , ,1,1,1,1,1, , , , , , , ,1, , ,1,1,1,1, , ,1,1, ,1, , ,1, , ,1,1,1, ,1,1,1,1,1,1, ,1, , , , , , , , , ,1,1,1,1,1,1,1,1,1,1,1,1, , , , ,1, ,1,1,1,1,1, ,1,1,1,1,1,1,1,1,1,1,1,1
"2019-07-17 16:39:33","2019-07-17 23:59:59",26426.0,0.00955801850333, , , , , , , , , , ,1,1,1,1,1, , , , , , , ,1, , ,1,1,1,1, , ,1,1, ,1, , ,1, , ,1,1,1, ,1,1,1,1,1,1, ,1, , , , , , , , , ,1,1,1,1,1,1,1,1,1,1,1, , , , , ,1, ,1,1,1,1,1, ,1,1,1,1,1,1,1,1,1,1,1,1
"2019-07-17 23:59:59","2019-07-18 00:00:00",1.0,3.61689945634E-07, , , , , , , , , , ,1,1,1,1,1, , , , , , , , , , ,1,1,1,1, , ,1,1, ,1, , ,1, , ,1,1,1, ,1,1,1,1,1,1, ,1, , , , , , , , , ,1,1,1,1,1,1,1,1,1,1,1, , , , , ,1, ,1,1,1,1,1, ,1,1,1,1,1,1,1,1,1,1,1,1
"2019-07-18 00:00:00","2019-07-18 16:28:33",59313.0,0.0214529157454, , , , , , , , , , ,1,1,1,1,1, , , , , , , , ,1, ,1,1,1,1, , ,1,1, ,1, , ,1, , ,1,1,1, ,1,1,1,1,1,1, ,1, , , , , , , , , ,1,1,1,1,1,1,1,1,1,1,1, , , , , ,1, ,1,1,1,1,1, ,1,1,1,1,1,1,1,1,1,1,1,1
"2019-07-18 16:28:33","2019-07-18 16:30:33",120.0,4.34027934761E-05, , , , , , , , , , ,1,1,1,1,1, , , , , , , , ,1, ,1,1,1,1, , ,1,1, ,1, , ,1, , ,1,1,1, ,1,1,1,1,1,1, ,1, , , , , , , , , ,1,1,1,1,1,1,1,1,1,1,1,1, , , , ,1, ,1,1,1,1,1, ,1,1,1,1,1,1,1,1,1,1,1,1
"2019-07-18 16:30:33","2019-07-18 23:59:59",26966.0,0.00975333107398, , , , , , , , , , ,1,1,1,1,1, , , , , , , , ,1, ,1,1,1,1, , ,1,1, ,1, , ,1, , ,1,1,1, ,1,1,1,1,1,1, ,1, , , , , , , , , ,1,1,1,1,1,1,1,1,1,1,1, , , , , ,1, ,1,1,1,1,1, ,1,1,1,1,1,1,1,1,1,1,1,1
"2019-07-18 23:59:59","2019-07-19 00:00:00",1.0,3.61689945634E-07, , , , , , , , , , ,1,1,1,1,1, , , , , , , , , , ,1,1,1,1, , ,1,1, ,1, , ,1, , ,1,1,1, ,1,1,1,1,1,1, ,1, , , , , , , , , ,1,1,1,1,1,1,1,1,1,1,1, , , , , ,1, ,1,1,1,1,1, ,1,1,1,1,1,1,1,1,1,1,1,1
"2019-07-19 00:00:00","2019-07-19 19:06:21",68781.0,0.0248773961507, , , , , , , , , , ,1,1,1,1,1, , , , , , , , , ,1,1,1,1,1, , ,1,1, ,1, , ,1, , ,1,1,1, ,1,1,1,1,1,1, ,1, , , , , , , , , ,1,1,1,1,1,1,1,1,1,1,1, , , , , ,1, ,1,1,1,1,1, ,1,1,1,1,1,1,1,1,1,1,1,1
"2019-07-19 19:06:21","2019-07-19 19:07:21",60.0,2.17013967381E-05, , , , , , , , , , ,1,1,1,1,1, , , , , , , , , ,1,1,1,1,1, ,1,1,1, ,1, , ,1, , ,1,1,1, ,1,1,1,1,1,1, ,1, , , , , , , , , ,1,1,1,1,1,1,1,1,1,1,1, , , , , ,1, ,1,1,1,1,1, ,1,1,1,1,1,1,1,1,1,1,1,1
"2019-07-19 19:07:21","2019-07-19 23:59:59",17558.0,0.00635055206545, , , , , , , , , , ,1,1,1,1,1, , , , , , , , , ,1,1,1,1,1, , ,1,1, ,1, , ,1, , ,1,1,1, ,1,1,1,1,1,1, ,1, , , , , , , , , ,1,1,1,1,1,1,1,1,1,1,1, , , , , ,1, ,1,1,1,1,1, ,1,1,1,1,1,1,1,1,1,1,1,1
"2019-07-19 23:59:59","2019-07-20 00:00:00",1.0,3.61689945634E-07, , , , , , , , , , ,1,1,1,1,1, , , , , , , , , , ,1,1,1,1, , ,1,1, ,1, , ,1, , ,1,1,1, ,1,1,1,1,1,1, ,1, , , , , , , , , ,1,1,1,1,1,1,1,1,1,1,1, , , , , ,1, ,1,1,1,1,1, ,1,1,1,1,1,1,1,1,1,1,1,1
"2019-07-20 00:00:00","2019-07-20 01:44:37",6277.0,0.00227032778875, , , , , ,1, , , , ,1,1,1,1,1, , , , , , , , , , ,1,1,1,1, , ,1,1, ,1, , ,1, , ,1,1,1, ,1,1,1,1,1,1, ,1, , , , , , , , , ,1,1,1,1,1,1,1,1,1,1,1, , , , , ,1, ,1,1,1,1,1, ,1,1,1,1,1,1,1,1,1,1,1,1
"2019-07-20 01:44:37","2019-07-20 01:45:48",71.0,2.567998614E-05, , , , , ,1, , , , ,1,1,1,1,1, , , , , , , , , , ,1,1,1,1, , ,1,1, ,1, , ,1, , ,1,1,1, ,1,1,1,1,1,1, ,1, , , , , , , , , ,1,1,1,1,1,1,1,1,1,1,1, , , , , ,1,240,1,1,1,1,1, ,1,1,1,1,1,1,1,1,1,1,1,1
"2019-07-20 01:45:48","2019-07-20 01:47:48",120.0,4.34027934761E-05, , , , , ,1, , , , ,1,1,1,1,1, , , , , , , , , , ,1,1,1,1, , ,1,1, ,1, , ,1, , ,1,1,1, ,1,1,1,1,1,1, ,1, , , , , , , , , ,1,1,1,1,1,1,1,1,1,1,1, , ,1, , ,1,240,1,1,1,1,1, ,1,1,1,1,1,1,1,1,1,1,1,1
"2019-07-20 01:47:48","2019-07-20 01:48:37",49.0,1.77228073361E-05, , , , , ,1, , , , ,1,1,1,1,1, , , , , , , , , , ,1,1,1,1, , ,1,1, ,1, , ,1, , ,1,1,1, ,1,1,1,1,1,1, ,1, , , , , , , , , ,1,1,1,1,1,1,1,1,1,1,1, , , , , ,1,240,1,1,1,1,1, ,1,1,1,1,1,1,1,1,1,1,1,1
"2019-07-20 01:48:37","2019-07-20 23:59:59",79882.0,0.0288925162372, , , , , ,1, , , , ,1,1,1,1,1, , , , , , , , , , ,1,1,1,1, , ,1,1, ,1, , ,1, , ,1,1,1, ,1,1,1,1,1,1, ,1, , , , , , , , , ,1,1,1,1,1,1,1,1,1,1,1, , , , , ,1, ,1,1,1,1,1, ,1,1,1,1,1,1,1,1,1,1,1,1
"2019-07-20 23:59:59","2019-07-21 00:00:00",1.0,3.61689945634E-07, , , , , , , , , , ,1,1,1,1,1, , , , , , , , , , ,1,1,1,1, , ,1,1, ,1, , ,1, , ,1,1,1, ,1,1,1,1,1,1, ,1, , , , , , , , , ,1,1,1,1,1,1,1,1,1,1,1, , , , , ,1, ,1,1,1,1,1, ,1,1,1,1,1,1,1,1,1,1,1,1
"2019-07-21 00:00:00","2019-07-21 23:59:59",86399.0,0.0312496496129, , , , ,1, , , , , ,1,1,1,1,1, , , , , , , , , , ,1,1,1,1, , ,1,1, ,1, , ,1, , ,1,1,1, ,1,1,1,1,1,1, ,1, , , , , , , , , ,1,1,1,1,1,1,1,1,1,1,1, , , , , ,1, ,1,1,1,1,1, ,1,1,1,1,1,1,1,1,1,1,1,1
"2019-07-21 23:59:59","2019-07-22 00:00:00",1.0,3.61689945634E-07, , , , , , , , , , ,1,1,1,1,1, , , , , , , , , , ,1,1,1,1, , ,1,1, ,1, , ,1, , ,1,1,1, ,1,1,1,1,1,1, ,1, , , , , , , , , ,1,1,1,1,1,1,1,1,1,1,1, , , , , ,1, ,1,1,1,1,1, ,1,1,1,1,1,1,1,1,1,1,1,1
"2019-07-22 00:00:00","2019-07-22 23:59:59",86399.0,0.0312496496129, , , , , , , ,1, , ,1,1,1,1,1, , , , , , , , , , ,1,1,1,1, , ,1,1, ,1, , ,1, , ,1,1,1, ,1,1,1,1,1,1, ,1, , , , , , , , , ,1,1,1,1,1,1,1,1,1,1,1, , , , , ,1, ,1,1,1,1,1, ,1,1,1,1,1,1,1,1,1,1,1,1
"2019-07-22 23:59:59","2019-07-23 00:00:00",1.0,3.61689945634E-07, , , , , , , , , , ,1,1,1,1,1, , , , , , , , , , ,1,1,1,1, , ,1,1, ,1, , ,1, , ,1,1,1, ,1,1,1,1,1,1, ,1, , , , , , , , , ,1,1,1,1,1,1,1,1,1,1,1, , , , , ,1, ,1,1,1,1,1, ,1,1,1,1,1,1,1,1,1,1,1,1
"2019-07-23 00:00:00","2019-07-23 23:59:59",86399.0,0.0312496496129, , , , , , ,1, , , ,1,1,1,1,1, , , , , , , , , , ,1,1,1,1, , ,1,1, ,1, , ,1, , ,1,1,1, ,1,1,1,1,1,1, ,1, , , , , , , , , ,1,1,1,1,1,1,1,1,1,1,1, , , , , ,1, ,1,1,1,1,1, ,1,1,1,1,1,1,1,1,1,1,1,1
"2019-07-23 23:59:59","2019-07-24 00:00:00",1.0,3.61689945634E-07, , , , , , , , , , ,1,1,1,1,1, , , , , , , , , , ,1,1,1,1, , ,1,1, ,1, , ,1, , ,1,1,1, ,1,1,1,1,1,1, ,1, , , , , , , , , ,1,1,1,1,1,1,1,1,1,1,1, , , , , ,1, ,1,1,1,1,1, ,1,1,1,1,1,1,1,1,1,1,1,1
"2019-07-24 00:00:00","2019-07-24 23:59:59",86399.0,0.0312496496129, ,1, , , , , , , , ,1,1,1,1,1, , , , , , , , , , ,1,1,1,1, , ,1,1, ,1, , ,1, , ,1,1,1, ,1,1,1,1,1,1, ,1, , , , , , , , , ,1,1,1,1,1,1,1,1,1,1,1, , , , , ,1, ,1,1,1,1,1, ,1,1,1,1,1,1,1,1,1,1,1,1
"2019-07-24 23:59:59","2019-07-25 00:00:00",1.0,3.61689945634E-07, , , , , , , , , , ,1,1,1,1,1, , , , , , , , , , ,1,1,1,1, , ,1,1, ,1, , ,1, , ,1,1,1, ,1,1,1,1,1,1, ,1, , , , , , , , , ,1,1,1,1,1,1,1,1,1,1,1, , , , , ,1, ,1,1,1,1,1, ,1,1,1,1,1,1,1,1,1,1,1,1
"2019-07-25 00:00:00","2019-07-25 23:59:59",86399.0,0.0312496496129,1, , , , , , , , , ,1,1,1,1,1, , , , , , , , , , ,1,1,1,1, , ,1,1, ,1, , ,1, , ,1,1,1, ,1,1,1,1,1,1, ,1, , , , , , , , , ,1,1,1,1,1,1,1,1,1,1,1, , , , , ,1, ,1,1,1,1,1, ,1,1,1,1,1,1,1,1,1,1,1,1
"2019-07-25 23:59:59","2019-07-26 00:00:00",1.0,3.61689945634E-07, , , , , , , , , , ,1,1,1,1,1, , , , , , , , , , ,1,1,1,1, , ,1,1, ,1, , ,1, , ,1,1,1, ,1,1,1,1,1,1, ,1, , , , , , , , , ,1,1,1,1,1,1,1,1,1,1,1, , , , , ,1, ,1,1,1,1,1, ,1,1,1,1,1,1,1,1,1,1,1,1
"2019-07-26 00:00:00","2019-07-26 23:59:59",86399.0,0.0312496496129, , , ,1, , , , , , ,1,1,1,1,1, , , , , , , , , , ,1,1,1,1, , ,1,1, ,1, , ,1, , ,1,1,1, ,1,1,1,1,1,1, ,1, , , , , , , , , ,1,1,1,1,1,1,1,1,1,1,1, , , , , ,1, ,1,1,1,1,1, ,1,1,1,1,1,1,1,1,1,1,1,1
"2019-07-26 23:59:59","2019-07-27 00:00:00",1.0,3.61689945634E-07, , , , , , , , , , ,1,1,1,1,1, , , , , , , , , , ,1,1,1,1, , ,1,1, ,1, , ,1, , ,1,1,1, ,1,1,1,1,1,1, ,1, , , , , , , , , ,1,1,1,1,1,1,1,1,1,1,1, , , , , ,1, ,1,1,1,1,1, ,1,1,1,1,1,1,1,1,1,1,1,1
"2019-07-27 00:00:00","2019-07-27 06:00:44",21644.0,0.00782841718331, , ,1, , , , , , , ,1,1,1,1,1, , , , , , , , , , ,1,1,1,1, , ,1,1, ,1, , ,1, , ,1,1,1, ,1,1,1,1,1,1, ,1, , , , , , , , , ,1,1,1,1,1,1,1,1,1,1,1, , , , , ,1, ,1,1,1,1,1, ,1,1,1,1,1,1,1,1,1,1,1,1
"2019-07-27 06:00:44","2019-07-27 06:01:44",60.0,2.17013967381E-05, , ,1, , , , , , , ,1,1,1,1,1, , , , , , , , , , ,1,1,1,1, , ,1,1, ,1, , ,1, , ,1,1,1, ,1,1,1,1,1,1, ,1, , , , , , , , , ,1,1,1,1,1,1,1,1,1,1,1, , , , ,1,1, ,1,1,1,1,1, ,1,1,1,1,1,1,1,1,1,1,1,1
"2019-07-27 06:01:44","2019-07-27 23:59:59",64695.0,0.0233995310328, , ,1, , , , , , , ,1,1,1,1,1, , , , , , , , , , ,1,1,1,1, , ,1,1, ,1, , ,1, , ,1,1,1, ,1,1,1,1,1,1, ,1, , , , , , , , , ,1,1,1,1,1,1,1,1,1,1,1, , , , , ,1, ,1,1,1,1,1, ,1,1,1,1,1,1,1,1,1,1,1,1
"2019-07-27 23:59:59","2019-07-28 00:00:00",1.0,3.61689945634E-07, , , , , , , , , , ,1,1,1,1,1, , , , , , , , , , ,1,1,1,1, , ,1,1, ,1, , ,1, , ,1,1,1, ,1,1,1,1,1,1, ,1, , , , , , , , , ,1,1,1,1,1,1,1,1,1,1,1, , , , , ,1, ,1,1,1,1,1, ,1,1,1,1,1,1,1,1,1,1,1,1
"2019-07-28 00:00:00","2019-07-28 06:21:04",22864.0,0.00826967891698, , , , , , , , , ,1,1,1,1,1,1, , , , , , , , , , ,1,1,1,1, , ,1,1, ,1, , ,1, , ,1,1,1, ,1,1,1,1,1,1, ,1, , , , , , , , , ,1,1,1,1,1,1,1,1,1,1,1, , , , , ,1, ,1,1,1,1,1, ,1,1,1,1,1,1,1,1,1,1,1,1
"2019-07-28 06:21:04","2019-07-28 06:22:04",60.0,2.17013967381E-05, , , , , , , , , ,1,1,1,1,1,1, , , , , , , , , , ,1,1,1,1, , ,1,1, ,1, ,1,1, , ,1,1,1, ,1,1,1,1,1,1, ,1, , , , , , , , , ,1,1,1,1,1,1,1,1,1,1,1, , , , , ,1, ,1,1,1,1,1, ,1,1,1,1,1,1,1,1,1,1,1,1
"2019-07-28 06:22:04","2019-07-28 23:59:59",63475.0,0.0229582692991, , , , , , , , , ,1,1,1,1,1,1, , , , , , , , , , ,1,1,1,1, , ,1,1, ,1, , ,1, , ,1,1,1, ,1,1,1,1,1,1, ,1, , , , , , , , , ,1,1,1,1,1,1,1,1,1,1,1, , , , , ,1, ,1,1,1,1,1, ,1,1,1,1,1,1,1,1,1,1,1,1
"2019-07-28 23:59:59","2019-07-29 00:00:00",1.0,3.61689945634E-07, , , , , , , , , , ,1,1,1,1,1, , , , , , , , , , ,1,1,1,1, , ,1,1, ,1, , ,1, , ,1,1,1, ,1,1,1,1,1,1, ,1, , , , , , , , , ,1,1,1,1,1,1,1,1,1,1,1, , , , , ,1, ,1,1,1,1,1, ,1,1,1,1,1,1,1,1,1,1,1,1
"2019-07-29 00:00:00","2019-07-29 23:59:59",86399.0,0.0312496496129, , , , , , , , ,1, ,1,1,1,1,1, , , , , , , , , , ,1,1,1,1, , ,1,1, ,1, , ,1, , ,1,1,1, ,1,1,1,1,1,1, ,1, , , , , , , , , ,1,1,1,1,1,1,1,1,1,1,1, , , , , ,1, ,1,1,1,1,1, ,1,1,1,1,1,1,1,1,1,1,1,1
"2019-07-29 23:59:59","2019-07-30 00:00:00",1.0,3.61689945634E-07, , , , , , , , , , ,1,1,1,1,1, , , , , , , , , , ,1,1,1,1, , ,1,1, ,1, , ,1, , ,1,1,1, ,1,1,1,1,1,1, ,1, , , , , , , , , ,1,1,1,1,1,1,1,1,1,1,1, , , , , ,1, ,1,1,1,1,1, ,1,1,1,1,1,1,1,1,1,1,1,1
"2019-07-30 00:00:00","2019-07-30 23:59:59",86399.0,0.0312496496129, , , , , , , , , , ,1,1,1,1,1, , , , , , , , , , ,1,1,1,1, , ,1,1, ,1, , ,1, , ,1,1,1, ,1,1,1,1,1,1, ,1, , , , , , , , , ,1,1,1,1,1,1,1,1,1,1,1, , , , , ,1, ,1,1,1,1,1,1,1,1,1,1,1,1,1,1,1,1,1,1
"2019-07-30 23:59:59","2019-07-31 00:00:00",1.0,3.61689945634E-07, , , , , , , , , , ,1,1,1,1,1, , , , , , , , , , ,1,1,1,1, , ,1,1, ,1, , ,1, , ,1,1,1, ,1,1,1,1,1,1, ,1, , , , , , , , , ,1,1,1,1,1,1,1,1,1,1,1, , , , , ,1, ,1,1,1,1,1, ,1,1,1,1,1,1,1,1,1,1,1,1
"2019-07-31 00:00:00","2019-07-31 17:19:48",62388.0,0.0225651123282, , , , , , , , , , ,1,1,1,1,1, , , , , , , , , , ,1,1,1,1, , ,1,1, ,1, , ,1,1, ,1,1,1, ,1,1,1,1,1,1, ,1, , , , , , , , , ,1,1,1,1,1,1,1,1,1,1,1, , , , , ,1, ,1,1,1,1,1, ,1,1,1,1,1,1,1,1,1,1,1,1
"2019-07-31 17:19:48","2019-07-31 17:20:48",60.0,2.17013967381E-05, , , , , , , , , , ,1,1,1,1,1, , , , , , , , , , ,1,1,1,1, , ,1,1, ,1, , ,1,1, ,1,1,1, ,1,1,1,1,1,1, ,1, , , , , , , , , ,1,1,1,1,1,1,1,1,1,1,1, ,1, , , ,1, ,1,1,1,1,1, ,1,1,1,1,1,1,1,1,1,1,1,1
"2019-07-31 17:20:48","2019-07-31 23:59:00",23892.0,0.0086414961811, , , , , , , , , , ,1,1,1,1,1, , , , , , , , , , ,1,1,1,1, , ,1,1, ,1, , ,1,1, ,1,1,1, ,1,1,1,1,1,1, ,1, , , , , , , , , ,1,1,1,1,1,1,1,1,1,1,1, , , , , ,1, ,1,1,1,1,1, ,1,1,1,1,1,1,1,1,1,1,1,1
"2019-07-31 23:59:00","2019-07-31 23:59:59",59.0,2.13397067924E-05, , , , , , , , , , ,1,1,1, , , , , , , , , , , , , ,1,1, , , ,1, , ,1, , ,1,1, ,1,1,1, ,1,1,1,1, , , , , , , , , , , , , , ,1,1,1,1, ,1,1,1,1,1, , , , , , , ,1,1,1,1, , ,1,1,1,1,1,1, ,1,1,1,1,1
