time_ini,time_end,duration_seg,duration_percent,OMCCL_nOK_0001,RPJRDxRPMMA_ativado,OMCCL_nOK_0004,RPFGR_SColTempo_0001_delta_tempo,ref_Periodo,RPFDIxRPMPX_ativado,localidade_id_MSRPNPQ_2496,ref_2019_08_14,ref_2019_08_17,ref_2019_08_16,ref_2019_08_11,ref_2019_08_10,ref_2019_08_13,ref_2019_08_12,OMCCLxRPATJ_ativado,ref_2019_08_19,ref_2019_08_18,localidade_id_MSRPRBR_2496,localidade_id_MSRPSPE_2496,chamados_MSRPATJ,RPMRDxRPFGR_ativado,ref_2019_08_25,ref_2019_08_20,ref_2019_08_21,ref_2019_08_22,ref_2019_08_23,ref_2019_08_24,chamados_MSRPDOU,ref_2019_08_26,ref_2019_08_27,ref_2019_08_28,ref_2019_08_29,RPAMBxRPTCU_ativado,RPNASxRPRBR_ativado,RPPPR_nOK_0002,ref_2019_08_31,ref_2019_08_30,RPDOU_nOK_0001,OMCARCxRPFSJ_ativado,RPMMAxOMBLV_ativado,ref_2019_08,ref_2019_09,OMJRDxRPJRD_ativado,ref_2019_07,OMCGRxRPCGR_ativado,RPPPRxOMCCL_ativado,ref_2019_08_15,RPDOUxOMDOU_ativado,RPMMAxOMCARC_ativado,RPMPXxRPMRD_ativado,RPTRNxRPFDI_ativado,chamados_MSRPRBR,RPNAS_SColTempo_0001_delta_tempo,localidade_id_MSOMCCL_2496,localidade_id_MSRPATJ_2496,Chamados_Desconto,RPAMOxRPAMB_ativado,chamados_MSOMBLV,chamados_MSOMCCL,RPTCUxOMIGT_ativado,RPNAS_SColTempo_0002_delta_tempo,RPPPRxOMPPR_ativado,OMMNOxOMGUA_ativado,RPNAS1xRPNAS_ativado,localidade_id_MSOMBLV_2496,RPRBRxRPDOU_ativado,OMCGRxOMRCB_ativado,RPCGRxRPNAS1_ativado,RPNVLxRPBND_ativado,RPNOQxOMNOQ_ativado,chamados_MSRPNOQ,RPMMA_nOK_0001,RPMMA_nOK_0003,RPMMA_nOK_0002,OMBLV_nOK_0002,RPNOQ_nOK_0001,chamados_MSRPSPE,RPAMO_nOK_0002,RPMPX_SColTempo_0003_delta_tempo,localidade_id_MSRPDOU_2496,OMDOUxRPPPR_ativado,RPAMBxOMAMB_ativado,OMPPR_SColTempo_0002_delta_tempo,OMIGTxOMMNO_ativado,OMCGRxRPNVL_ativado,ref_2019_07_31,RPNVLxRPTRN_ativado,RPMRDxOMAQD_ativado,RPSPE_nOK_0001,RPMPXxRPSPE_ativado,ref_2019_08_06,ref_2019_08_07,ref_2019_08_04,ref_2019_08_05,ref_2019_08_02,ref_2019_08_03,RPNOQxOMJRD_ativado,ref_2019_08_01,RPPPRxRPAMO1_ativado,RPAMO1xRPAMO_ativado,RPATJxOMBLV_ativado,ref_2019_09_01,ref_2019_08_08,ref_2019_08_09,RPATJ_nOK_0001,RPATJ_nOK_0002,RPSPExRPNOQ_ativado,OMNOQ_SColTempo_0003_delta_tempo
"2019-07-31 00:00:00","2019-07-31 17:19:48",62388.0,0.0218813208057, ,1, , ,1,1, , , , , , , , ,1, , , , , ,1, , , , , , , , , , , ,1,1, , , , ,1,1, , ,1,1,1,1, ,1,1,1,1, , , , , ,1, , ,1, ,1,1,1, ,1,1,1,1,1, , , , , , , , , , ,1,1, ,1,1,1,1,1, ,1, , , , , , ,1, ,1,1,1, , , , , ,1, 
"2019-07-31 17:19:48","2019-07-31 17:20:48",60.0,2.10437784244E-05, ,1, , ,1,1, , , , , , , , ,1, , , , , ,1, , , , , , , , , , , ,1,1, , , , ,1,1, , ,1,1,1,1, ,1,1,1,1, , , , , ,1, , ,1, ,1,1,1, ,1,1,1,1,1, , , , , , , ,1, , ,1,1, ,1,1,1,1,1, ,1, , , , , , ,1, ,1,1,1, , , , , ,1, 
"2019-07-31 17:20:48","2019-07-31 23:59:59",23951.0,0.0084003256174, ,1, , ,1,1, , , , , , , , ,1, , , , , ,1, , , , , , , , , , , ,1,1, , , , ,1,1, , ,1,1,1,1, ,1,1,1,1, , , , , ,1, , ,1, ,1,1,1, ,1,1,1,1,1, , , , , , , , , , ,1,1, ,1,1,1,1,1, ,1, , , , , , ,1, ,1,1,1, , , , , ,1, 
"2019-07-31 23:59:59","2019-08-01 00:00:00",1.0,3.50729640407E-07, ,1, , ,1,1, , , , , , , , ,1, , , , , ,1, , , , , , , , , , , ,1,1, , , , ,1,1, , ,1, ,1,1, ,1,1,1,1, , , , , ,1, , ,1, ,1,1,1, ,1,1,1,1,1, , , , , , , , , , ,1,1, ,1,1, ,1,1, ,1, , , , , , ,1, ,1,1,1, , , , , ,1, 
"2019-08-01 00:00:00","2019-08-01 23:59:59",86399.0,0.0303026902016, ,1, , ,1,1,1, , , , , , , ,1, , ,1,1,1,1, , , , , , ,1, , , , ,1,1, , , , ,1,1,1, ,1, ,1,1, ,1,1,1,1,1, ,1,1,1,1,1,1,1, ,1,1,1,1,1,1,1,1,1,1, , , , , ,1, , ,1,1,1, ,1,1, ,1,1, ,1, , , , , , ,1,1,1,1,1, , , , , ,1, 
"2019-08-01 23:59:59","2019-08-02 00:00:00",1.0,3.50729640407E-07, ,1, , ,1,1,1, , , , , , , ,1, , ,1,1,1,1, , , , , , ,1, , , , ,1,1, , , , ,1,1,1, ,1, ,1,1, ,1,1,1,1,1, ,1,1,1,1,1,1,1, ,1,1,1,1,1,1,1,1,1,1, , , , , ,1, , ,1,1,1, ,1,1, ,1,1, ,1, , , , , , ,1, ,1,1,1, , , , , ,1, 
"2019-08-02 00:00:00","2019-08-02 23:59:59",86399.0,0.0303026902016, ,1, , ,1,1,1, , , , , , , ,1, , ,1,1,1,1, , , , , , ,1, , , , ,1,1, , , , ,1,1,1, ,1, ,1,1, ,1,1,1,1,1, ,1,1,1,1,1,1,1, ,1,1,1,1,1,1,1,1,1,1, , , , , ,1, , ,1,1,1, ,1,1, ,1,1, ,1, , , , ,1, ,1, ,1,1,1, , , , , ,1, 
"2019-08-02 23:59:59","2019-08-03 00:00:00",1.0,3.50729640407E-07, ,1, , ,1,1,1, , , , , , , ,1, , ,1,1,1,1, , , , , , ,1, , , , ,1,1, , , , ,1,1,1, ,1, ,1,1, ,1,1,1,1,1, ,1,1,1,1,1,1,1, ,1,1,1,1,1,1,1,1,1,1, , , , , ,1, , ,1,1,1, ,1,1, ,1,1, ,1, , , , , , ,1, ,1,1,1, , , , , ,1, 
"2019-08-03 00:00:00","2019-08-03 23:59:59",86399.0,0.0303026902016, ,1, , ,1,1,1, , , , , , , ,1, , ,1,1,1,1, , , , , , ,1, , , , ,1,1, , , , ,1,1,1, ,1, ,1,1, ,1,1,1,1,1, ,1,1,1,1,1,1,1, ,1,1,1,1,1,1,1,1,1,1, , , , , ,1, , ,1,1,1, ,1,1, ,1,1, ,1, , , , , ,1,1, ,1,1,1, , , , , ,1, 
"2019-08-03 23:59:59","2019-08-04 00:00:00",1.0,3.50729640407E-07, ,1, , ,1,1,1, , , , , , , ,1, , ,1,1,1,1, , , , , , ,1, , , , ,1,1, , , , ,1,1,1, ,1, ,1,1, ,1,1,1,1,1, ,1,1,1,1,1,1,1, ,1,1,1,1,1,1,1,1,1,1, , , , , ,1, , ,1,1,1, ,1,1, ,1,1, ,1, , , , , , ,1, ,1,1,1, , , , , ,1, 
"2019-08-04 00:00:00","2019-08-04 23:59:59",86399.0,0.0303026902016, ,1, , ,1,1,1, , , , , , , ,1, , ,1,1,1,1, , , , , , ,1, , , , ,1,1, , , , ,1,1,1, ,1, ,1,1, ,1,1,1,1,1, ,1,1,1,1,1,1,1, ,1,1,1,1,1,1,1,1,1,1, , , , , ,1, , ,1,1,1, ,1,1, ,1,1, ,1, , ,1, , , ,1, ,1,1,1, , , , , ,1, 
"2019-08-04 23:59:59","2019-08-05 00:00:00",1.0,3.50729640407E-07, ,1, , ,1,1,1, , , , , , , ,1, , ,1,1,1,1, , , , , , ,1, , , , ,1,1, , , , ,1,1,1, ,1, ,1,1, ,1,1,1,1,1, ,1,1,1,1,1,1,1, ,1,1,1,1,1,1,1,1,1,1, , , , , ,1, , ,1,1,1, ,1,1, ,1,1, ,1, , , , , , ,1, ,1,1,1, , , , , ,1, 
"2019-08-05 00:00:00","2019-08-05 04:43:58",17038.0,0.00597573161326, ,1, , ,1,1,1, , , , , , , ,1, , ,1,1,1,1, , , , , , ,1, , , , ,1,1, , , , ,1,1,1, ,1, ,1,1, ,1,1,1,1,1, ,1,1,1,1,1,1,1, ,1,1,1,1,1,1,1,1,1,1, , , , , ,1, , ,1,1,1, ,1,1, ,1,1, ,1, , , ,1, , ,1, ,1,1,1, , , , , ,1, 
"2019-08-05 04:43:58","2019-08-05 04:47:58",240.0,8.41751136978E-05, ,1, , ,1,1,1, , , , , , , ,1, , ,1,1,1,1, , , , , , ,1, , , , ,1,1, , , , ,1,1,1, ,1, ,1,1, ,1,1,1,1,1, ,1,1,1,1,1,1,1, ,1,1,1,1,1,1,1,1,1,1, , , , , ,1, , ,1,1,1, ,1,1, ,1,1, ,1, , , ,1, , ,1, ,1,1,1, , , , , ,1,240
"2019-08-05 04:47:58","2019-08-05 23:59:59",69121.0,0.0242427834746, ,1, , ,1,1,1, , , , , , , ,1, , ,1,1,1,1, , , , , , ,1, , , , ,1,1, , , , ,1,1,1, ,1, ,1,1, ,1,1,1,1,1, ,1,1,1,1,1,1,1, ,1,1,1,1,1,1,1,1,1,1, , , , , ,1, , ,1,1,1, ,1,1, ,1,1, ,1, , , ,1, , ,1, ,1,1,1, , , , , ,1, 
"2019-08-05 23:59:59","2019-08-06 00:00:00",1.0,3.50729640407E-07, ,1, , ,1,1,1, , , , , , , ,1, , ,1,1,1,1, , , , , , ,1, , , , ,1,1, , , , ,1,1,1, ,1, ,1,1, ,1,1,1,1,1, ,1,1,1,1,1,1,1, ,1,1,1,1,1,1,1,1,1,1, , , , , ,1, , ,1,1,1, ,1,1, ,1,1, ,1, , , , , , ,1, ,1,1,1, , , , , ,1, 
"2019-08-06 00:00:00","2019-08-06 23:59:59",86399.0,0.0303026902016, ,1, , ,1,1,1, , , , , , , ,1, , ,1,1,1,1, , , , , , ,1, , , , ,1,1, , , , ,1,1,1, ,1, ,1,1, ,1,1,1,1,1, ,1,1,1,1,1,1,1, ,1,1,1,1,1,1,1,1,1,1, , , , , ,1, , ,1,1,1, ,1,1, ,1,1, ,1,1, , , , , ,1, ,1,1,1, , , , , ,1, 
"2019-08-06 23:59:59","2019-08-07 00:00:00",1.0,3.50729640407E-07, ,1, , ,1,1,1, , , , , , , ,1, , ,1,1,1,1, , , , , , ,1, , , , ,1,1, , , , ,1,1,1, ,1, ,1,1, ,1,1,1,1,1, ,1,1,1,1,1,1,1, ,1,1,1,1,1,1,1,1,1,1, , , , , ,1, , ,1,1,1, ,1,1, ,1,1, ,1, , , , , , ,1, ,1,1,1, , , , , ,1, 
"2019-08-07 00:00:00","2019-08-07 23:59:59",86399.0,0.0303026902016, ,1, , ,1,1,1, , , , , , , ,1, , ,1,1,1,1, , , , , , ,1, , , , ,1,1, , , , ,1,1,1, ,1, ,1,1, ,1,1,1,1,1, ,1,1,1,1,1,1,1, ,1,1,1,1,1,1,1,1,1,1, , , , , ,1, , ,1,1,1, ,1,1, ,1,1, ,1, ,1, , , , ,1, ,1,1,1, , , , , ,1, 
"2019-08-07 23:59:59","2019-08-08 00:00:00",1.0,3.50729640407E-07, ,1, , ,1,1,1, , , , , , , ,1, , ,1,1,1,1, , , , , , ,1, , , , ,1,1, , , , ,1,1,1, ,1, ,1,1, ,1,1,1,1,1, ,1,1,1,1,1,1,1, ,1,1,1,1,1,1,1,1,1,1, , , , , ,1, , ,1,1,1, ,1,1, ,1,1, ,1, , , , , , ,1, ,1,1,1, , , , , ,1, 
"2019-08-08 00:00:00","2019-08-08 23:59:59",86399.0,0.0303026902016, ,1, , ,1,1,1, , , , , , , ,1, , ,1,1,1,1, , , , , , ,1, , , , ,1,1, , , , ,1,1,1, ,1, ,1,1, ,1,1,1,1,1, ,1,1,1,1,1,1,1, ,1,1,1,1,1,1,1,1,1,1, , , , , ,1, , ,1,1,1, ,1,1, ,1,1, ,1, , , , , , ,1, ,1,1,1, ,1, , , ,1, 
"2019-08-08 23:59:59","2019-08-09 00:00:00",1.0,3.50729640407E-07, ,1, , ,1,1,1, , , , , , , ,1, , ,1,1,1,1, , , , , , ,1, , , , ,1,1, , , , ,1,1,1, ,1, ,1,1, ,1,1,1,1,1, ,1,1,1,1,1,1,1, ,1,1,1,1,1,1,1,1,1,1, , , , , ,1, , ,1,1,1, ,1,1, ,1,1, ,1, , , , , , ,1, ,1,1,1, , , , , ,1, 
"2019-08-09 00:00:00","2019-08-09 23:59:59",86399.0,0.0303026902016, ,1, , ,1,1,1, , , , , , , ,1, , ,1,1,1,1, , , , , , ,1, , , , ,1,1, , , , ,1,1,1, ,1, ,1,1, ,1,1,1,1,1, ,1,1,1,1,1,1,1, ,1,1,1,1,1,1,1,1,1,1, , , , , ,1, , ,1,1,1, ,1,1, ,1,1, ,1, , , , , , ,1, ,1,1,1, , ,1, , ,1, 
"2019-08-09 23:59:59","2019-08-10 00:00:00",1.0,3.50729640407E-07, ,1, , ,1,1,1, , , , , , , ,1, , ,1,1,1,1, , , , , , ,1, , , , ,1,1, , , , ,1,1,1, ,1, ,1,1, ,1,1,1,1,1, ,1,1,1,1,1,1,1, ,1,1,1,1,1,1,1,1,1,1, , , , , ,1, , ,1,1,1, ,1,1, ,1,1, ,1, , , , , , ,1, ,1,1,1, , , , , ,1, 
"2019-08-10 00:00:00","2019-08-10 23:59:59",86399.0,0.0303026902016, ,1, , ,1,1,1, , , , ,1, , ,1, , ,1,1,1,1, , , , , , ,1, , , , ,1,1, , , , ,1,1,1, ,1, ,1,1, ,1,1,1,1,1, ,1,1,1,1,1,1,1, ,1,1,1,1,1,1,1,1,1,1, , , , , ,1, , ,1,1,1, ,1,1, ,1,1, ,1, , , , , , ,1, ,1,1,1, , , , , ,1, 
"2019-08-10 23:59:59","2019-08-11 00:00:00",1.0,3.50729640407E-07, ,1, , ,1,1,1, , , , , , , ,1, , ,1,1,1,1, , , , , , ,1, , , , ,1,1, , , , ,1,1,1, ,1, ,1,1, ,1,1,1,1,1, ,1,1,1,1,1,1,1, ,1,1,1,1,1,1,1,1,1,1, , , , , ,1, , ,1,1,1, ,1,1, ,1,1, ,1, , , , , , ,1, ,1,1,1, , , , , ,1, 
"2019-08-11 00:00:00","2019-08-11 23:59:59",86399.0,0.0303026902016, ,1, , ,1,1,1, , , ,1, , , ,1, , ,1,1,1,1, , , , , , ,1, , , , ,1,1, , , , ,1,1,1, ,1, ,1,1, ,1,1,1,1,1, ,1,1,1,1,1,1,1, ,1,1,1,1,1,1,1,1,1,1, , , , , ,1, , ,1,1,1, ,1,1, ,1,1, ,1, , , , , , ,1, ,1,1,1, , , , , ,1, 
"2019-08-11 23:59:59","2019-08-12 00:00:00",1.0,3.50729640407E-07, ,1, , ,1,1,1, , , , , , , ,1, , ,1,1,1,1, , , , , , ,1, , , , ,1,1, , , , ,1,1,1, ,1, ,1,1, ,1,1,1,1,1, ,1,1,1,1,1,1,1, ,1,1,1,1,1,1,1,1,1,1, , , , , ,1, , ,1,1,1, ,1,1, ,1,1, ,1, , , , , , ,1, ,1,1,1, , , , , ,1, 
"2019-08-12 00:00:00","2019-08-12 11:54:45",42885.0,0.0150410406289, ,1, , ,1,1,1, , , , , , ,1,1, , ,1,1,1,1, , , , , , ,1, , , , ,1,1, , , , ,1,1,1, ,1, ,1,1, ,1,1,1,1,1, ,1,1,1,1,1,1,1, ,1,1,1,1,1,1,1,1,1,1, , , , , ,1, , ,1,1,1, ,1,1, ,1,1, ,1, , , , , , ,1, ,1,1,1, , , , , ,1, 
"2019-08-12 11:54:45","2019-08-12 11:55:46",61.0,2.13945080649E-05, ,1, , ,1,1,1, , , , , , ,1,1, , ,1,1,1,1, , , , , , ,1, , , , ,1,1, , , , ,1,1,1, ,1, ,1,1, ,1,1,1,1,1, ,1,1,1,1,1,1,1, ,1,1,1,1,1,1,1,1,1,1,1, , , , ,1, , ,1,1,1, ,1,1, ,1,1, ,1, , , , , , ,1, ,1,1,1, , , , , ,1, 
"2019-08-12 11:55:46","2019-08-12 11:58:45",179.0,6.27806056329E-05, ,1, , ,1,1,1, , , , , , ,1,1, , ,1,1,1,1, , , , , , ,1, , , , ,1,1, , , , ,1,1,1, ,1, ,1,1, ,1,1,1,1,1, ,1,1,1,1,1,1,1, ,1,1,1,1,1,1,1,1,1,1, , , , , ,1, , ,1,1,1, ,1,1, ,1,1, ,1, , , , , , ,1, ,1,1,1, , , , , ,1, 
"2019-08-12 11:58:45","2019-08-12 11:59:45",60.0,2.10437784244E-05, ,1, , ,1,1,1, , , , , , ,1,1, , ,1,1,1,1, , , , , , ,1, , , , ,1,1, , , , ,1,1,1, ,1, ,1,1, ,1,1,1,1,1, ,1,1,1,1,1,1,1, ,1,1,1,1,1,1,1,1,1,1,1, , , , ,1, , ,1,1,1, ,1,1, ,1,1, ,1, , , , , , ,1, ,1,1,1, , , , , ,1, 
"2019-08-12 11:59:45","2019-08-12 12:08:45",540.0,0.00018939400582, ,1, , ,1,1,1, , , , , , ,1,1, , ,1,1,1,1, , , , , , ,1, , , , ,1,1, , , , ,1,1,1, ,1, ,1,1, ,1,1,1,1,1, ,1,1,1,1,1,1,1, ,1,1,1,1,1,1,1,1,1,1, , , , , ,1, , ,1,1,1, ,1,1, ,1,1, ,1, , , , , , ,1, ,1,1,1, , , , , ,1, 
"2019-08-12 12:08:45","2019-08-12 12:09:46",61.0,2.13945080649E-05, ,1, , ,1,1,1, , , , , , ,1,1, , ,1,1,1,1, , , , , , ,1, , , , ,1,1, , , , ,1,1,1, ,1, ,1,1, ,1,1,1,1,1, ,1,1,1,1,1,1,1, ,1,1,1,1,1,1,1,1,1,1,1, , , , ,1, , ,1,1,1, ,1,1, ,1,1, ,1, , , , , , ,1, ,1,1,1, , , , , ,1, 
"2019-08-12 12:09:46","2019-08-12 12:14:45",299.0,0.000104868162482, ,1, , ,1,1,1, , , , , , ,1,1, , ,1,1,1,1, , , , , , ,1, , , , ,1,1, , , , ,1,1,1, ,1, ,1,1, ,1,1,1,1,1, ,1,1,1,1,1,1,1, ,1,1,1,1,1,1,1,1,1,1, , , , , ,1, , ,1,1,1, ,1,1, ,1,1, ,1, , , , , , ,1, ,1,1,1, , , , , ,1, 
"2019-08-12 12:14:45","2019-08-12 12:15:45",60.0,2.10437784244E-05, ,1, , ,1,1,1, , , , , , ,1,1, , ,1,1,1,1, , , , , , ,1, , , , ,1,1, , , , ,1,1,1, ,1, ,1,1, ,1,1,1,1,1, ,1,1,1,1,1,1,1, ,1,1,1,1,1,1,1,1,1,1,1, , , , ,1, , ,1,1,1, ,1,1, ,1,1, ,1, , , , , , ,1, ,1,1,1, , , , , ,1, 
"2019-08-12 12:15:45","2019-08-12 13:40:46",5101.0,0.00178907189572, ,1, , ,1,1,1, , , , , , ,1,1, , ,1,1,1,1, , , , , , ,1, , , , ,1,1, , , , ,1,1,1, ,1, ,1,1, ,1,1,1,1,1, ,1,1,1,1,1,1,1, ,1,1,1,1,1,1,1,1,1,1, , , , , ,1, , ,1,1,1, ,1,1, ,1,1, ,1, , , , , , ,1, ,1,1,1, , , , , ,1, 
"2019-08-12 13:40:46","2019-08-12 13:41:45",59.0,2.0693048784E-05, ,1, , ,1,1,1, , , , , , ,1,1, , ,1,1,1,1, , , , , , ,1, , , , ,1,1, , , , ,1,1,1, ,1, ,1,1, ,1,1,1,1,1, ,1,1,1,1,1,1,1, ,1,1,1,1,1,1,1,1,1,1,1, , , , ,1, , ,1,1,1, ,1,1, ,1,1, ,1, , , , , , ,1, ,1,1,1, , , , , ,1, 
"2019-08-12 13:41:45","2019-08-12 14:02:45",1260.0,0.000441919346913, ,1, , ,1,1,1, , , , , , ,1,1, , ,1,1,1,1, , , , , , ,1, , , , ,1,1, , , , ,1,1,1, ,1, ,1,1, ,1,1,1,1,1, ,1,1,1,1,1,1,1, ,1,1,1,1,1,1,1,1,1,1, , , , , ,1, , ,1,1,1, ,1,1, ,1,1, ,1, , , , , , ,1, ,1,1,1, , , , , ,1, 
"2019-08-12 14:02:45","2019-08-12 14:03:45",60.0,2.10437784244E-05, ,1, , ,1,1,1, , , , , , ,1,1, , ,1,1,1,1, , , , , , ,1, , , , ,1,1, , , , ,1,1,1, ,1, ,1,1, ,1,1,1,1,1, ,1,1,1,1,1,1,1, ,1,1,1,1,1,1,1,1,1,1,1, , , , ,1, , ,1,1,1, ,1,1, ,1,1, ,1, , , , , , ,1, ,1,1,1, , , , , ,1, 
"2019-08-12 14:03:45","2019-08-12 15:06:05",3740.0,0.00131172885512, ,1, , ,1,1,1, , , , , , ,1,1, , ,1,1,1,1, , , , , , ,1, , , , ,1,1, , , , ,1,1,1, ,1, ,1,1, ,1,1,1,1,1, ,1,1,1,1,1,1,1, ,1,1,1,1,1,1,1,1,1,1, , , , , ,1, , ,1,1,1, ,1,1, ,1,1, ,1, , , , , , ,1, ,1,1,1, , , , , ,1, 
"2019-08-12 15:06:05","2019-08-12 15:18:50",765.0,0.000268308174912, ,1, , ,1,1,1, , , , , , ,1,1, , ,1,1,1,1, , , , , , ,1, , , , ,1,1, , , , ,1,1,1, ,1, ,1,1, ,1,1,1,1,1, ,1,1,1,1,1,1,1, ,1,1,1,1,1,1,1,1,1,1, , , , , ,1, ,765,1,1,1, ,1,1, ,1,1, ,1, , , , , , ,1, ,1,1,1, , , , , ,1, 
"2019-08-12 15:18:50","2019-08-12 16:02:05",2595.0,0.000910143416857, ,1, , ,1,1,1, , , , , , ,1,1, , ,1,1,1,1, , , , , , ,1, , , , ,1,1, , , , ,1,1,1, ,1, ,1,1, ,1,1,1,1,1, ,1,1,1,1,1,1,1, ,1,1,1,1,1,1,1,1,1,1, , , , , ,1, , ,1,1,1, ,1,1, ,1,1, ,1, , , , , , ,1, ,1,1,1, , , , , ,1, 
"2019-08-12 16:02:05","2019-08-12 16:06:50",285.0,9.99579475161E-05, ,1, , ,1,1,1, , , , , , ,1,1, , ,1,1,1,1, , , , , , ,1, , , , ,1,1, , , , ,1,1,1, ,1, ,1,1, ,1,1,1,1,1, ,1,1,1,1,1,1,1, ,1,1,1,1,1,1,1,1,1,1, , , , , ,1, ,285,1,1,1, ,1,1, ,1,1, ,1, , , , , , ,1, ,1,1,1, , , , , ,1, 
"2019-08-12 16:06:50","2019-08-12 23:59:59",28389.0,0.00995686376153, ,1, , ,1,1,1, , , , , , ,1,1, , ,1,1,1,1, , , , , , ,1, , , , ,1,1, , , , ,1,1,1, ,1, ,1,1, ,1,1,1,1,1, ,1,1,1,1,1,1,1, ,1,1,1,1,1,1,1,1,1,1, , , , , ,1, , ,1,1,1, ,1,1, ,1,1, ,1, , , , , , ,1, ,1,1,1, , , , , ,1, 
"2019-08-12 23:59:59","2019-08-13 00:00:00",1.0,3.50729640407E-07, ,1, , ,1,1,1, , , , , , , ,1, , ,1,1,1,1, , , , , , ,1, , , , ,1,1, , , , ,1,1,1, ,1, ,1,1, ,1,1,1,1,1, ,1,1,1,1,1,1,1, ,1,1,1,1,1,1,1,1,1,1, , , , , ,1, , ,1,1,1, ,1,1, ,1,1, ,1, , , , , , ,1, ,1,1,1, , , , , ,1, 
"2019-08-13 00:00:00","2019-08-13 10:16:33",36993.0,0.0129745415876, ,1, , ,1,1,1, , , , , ,1, ,1, , ,1,1,1,1, , , , , , ,1, , , , ,1,1, , , , ,1,1,1, ,1, ,1,1, ,1,1,1,1,1, ,1,1,1,1,1,1,1, ,1,1,1,1,1,1,1,1,1,1, , , , , ,1, , ,1,1,1, ,1,1, ,1,1, ,1, , , , , , ,1, ,1,1,1, , , , , ,1, 
"2019-08-13 10:16:33","2019-08-13 10:17:33",60.0,2.10437784244E-05, ,1, , ,1,1,1, , , , , ,1, ,1, , ,1,1,1,1, , , , , , ,1, , , , ,1,1, , , , ,1,1,1, ,1, ,1,1, ,1,1,1,1,1, ,1,1,1,1,1,1,1, ,1,1,1,1,1,1,1,1,1,1, , , ,1, ,1, , ,1,1,1, ,1,1, ,1,1, ,1, , , , , , ,1, ,1,1,1, , , , , ,1, 
"2019-08-13 10:17:33","2019-08-13 15:12:37",17704.0,0.00620931755377, ,1, , ,1,1,1, , , , , ,1, ,1, , ,1,1,1,1, , , , , , ,1, , , , ,1,1, , , , ,1,1,1, ,1, ,1,1, ,1,1,1,1,1, ,1,1,1,1,1,1,1, ,1,1,1,1,1,1,1,1,1,1, , , , , ,1, , ,1,1,1, ,1,1, ,1,1, ,1, , , , , , ,1, ,1,1,1, , , , , ,1, 
"2019-08-13 15:12:37","2019-08-13 15:13:37",60.0,2.10437784244E-05, ,1, , ,1,1,1, , , , , ,1, ,1, , ,1,1,1,1, , , , , , ,1, , , , ,1,1, , , , ,1,1,1, ,1, ,1,1, ,1,1,1,1,1, ,1,1,1,1,1,1,1, ,1,1,1,1,1,1,1,1,1,1, , , , , ,1, , ,1,1,1, ,1,1, ,1,1, ,1, , , , , , ,1, ,1,1,1, , , , ,1,1, 
"2019-08-13 15:13:37","2019-08-13 23:59:59",31582.0,0.0110767435033, ,1, , ,1,1,1, , , , , ,1, ,1, , ,1,1,1,1, , , , , , ,1, , , , ,1,1, , , , ,1,1,1, ,1, ,1,1, ,1,1,1,1,1, ,1,1,1,1,1,1,1, ,1,1,1,1,1,1,1,1,1,1, , , , , ,1, , ,1,1,1, ,1,1, ,1,1, ,1, , , , , , ,1, ,1,1,1, , , , , ,1, 
"2019-08-13 23:59:59","2019-08-14 00:00:00",1.0,3.50729640407E-07, ,1, , ,1,1,1, , , , , , , ,1, , ,1,1,1,1, , , , , , ,1, , , , ,1,1, , , , ,1,1,1, ,1, ,1,1, ,1,1,1,1,1, ,1,1,1,1,1,1,1, ,1,1,1,1,1,1,1,1,1,1, , , , , ,1, , ,1,1,1, ,1,1, ,1,1, ,1, , , , , , ,1, ,1,1,1, , , , , ,1, 
"2019-08-14 00:00:00","2019-08-14 03:52:58",13978.0,0.00490249891361, ,1, , ,1,1,1,1, , , , , , ,1, , ,1,1,1,1, , , , , , ,1, , , , ,1,1, , , , ,1,1,1, ,1, ,1,1, ,1,1,1,1,1, ,1,1,1,1,1,1,1, ,1,1,1,1,1,1,1,1,1,1, , , , , ,1, , ,1,1,1, ,1,1, ,1,1, ,1, , , , , , ,1, ,1,1,1, , , , , ,1, 
"2019-08-14 03:52:58","2019-08-14 03:55:54",176.0,6.17284167117E-05, ,1, , ,1,1,1,1, , , , , , ,1, , ,1,1,1,1, , , , , , ,1, , , , ,1,1, , , , ,1,1,1, ,1, ,1,1, ,1,1,1,1,1, ,1,1,1,1,1,1,1, ,1,1,1,1,1,1,1,1,1,1, , , , , ,1, , ,1,1,1, ,1,1, ,1,1, ,1, , , , , , ,1, ,1,1,1, , , , , ,1,198
"2019-08-14 03:55:54","2019-08-14 03:56:16",22.0,7.71605208896E-06, ,1, , ,1,1,1,1, , , , , , ,1, , ,1,1,1,1, , , , , , ,1, , , , ,1,1, , , , ,1,1,1, ,1, ,1,1, ,1,1,1,1,1, ,1,1,1,1,1,1,1, ,1,1,1,1,1,1,1,1,1,1, , , , , ,1, , ,1,1,1, ,1,1, ,1,1,1,1, , , , , , ,1, ,1,1,1, , , , , ,1,198
"2019-08-14 03:56:16","2019-08-14 03:56:54",38.0,1.33277263355E-05, ,1, , ,1,1,1,1, , , , , , ,1, , ,1,1,1,1, , , , , , ,1, , , , ,1,1, , , , ,1,1,1, ,1, ,1,1, ,1,1,1,1,1, ,1,1,1,1,1,1,1, ,1,1,1,1,1,1,1,1,1,1, , , , ,1,1, , ,1,1,1, ,1,1, ,1,1,1,1, , , , , , ,1, ,1,1,1, , , , , ,1,582
"2019-08-14 03:56:54","2019-08-14 03:57:55",61.0,2.13945080649E-05, ,1, , ,1,1,1,1, , , , , , ,1, , ,1,1,1,1, , , , , , ,1, , , , ,1,1, , , , ,1,1,1, ,1, ,1,1, ,1,1,1,1,1, ,1,1,1,1,1,1,1, ,1,1,1,1,1,1,1,1,1,1, , , , ,1,1, , ,1,1,1, ,1,1, ,1,1, ,1, , , , , , ,1, ,1,1,1, , , , , ,1,582
"2019-08-14 03:57:55","2019-08-14 04:05:54",479.0,0.000167999497755, ,1, , ,1,1,1,1, , , , , , ,1, , ,1,1,1,1, , , , , , ,1, , , , ,1,1, , , , ,1,1,1, ,1, ,1,1, ,1,1,1,1,1, ,1,1,1,1,1,1,1, ,1,1,1,1,1,1,1,1,1,1, , , , ,1,1, , ,1,1,1, ,1,1, ,1,1,1,1, , , , , , ,1, ,1,1,1, , , , , ,1,582
"2019-08-14 04:05:54","2019-08-14 04:05:58",4.0,1.40291856163E-06, ,1, , ,1,1,1,1, , , , , , ,1, , ,1,1,1,1, , , , , , ,1, , , , ,1,1, , , , ,1,1,1, ,1, ,1,1, ,1,1,1,1,1, ,1,1,1,1,1,1,1, ,1,1,1,1,1,1,1,1,1,1, , , , ,1,1, , ,1,1,1, ,1,1, ,1,1, ,1, , , , , , ,1, ,1,1,1, , , , , ,1,582
"2019-08-14 04:05:58","2019-08-14 04:06:05",7.0,2.45510748285E-06, ,1, , ,1,1,1,1, , , , , , ,1, , ,1,1,1,1, , , , , , ,1, , , , ,1,1, , , , ,1,1,1, ,1, ,1,1, ,1,1,1,1,1, ,1,1,1,1,1,1,1, ,1,1,1,1,1,1,1,1,1,1, , , , ,1,1, , ,1,1,1, ,1,1, ,1,1, ,1, , , , , , ,1, ,1,1,1, , , , , ,1, 
"2019-08-14 04:06:05","2019-08-14 04:06:56",51.0,1.78872116608E-05,1,1, , ,1,1,1,1, , , , , , ,1, , ,1,1,1,1, , , , , , ,1, , , , ,1,1, , , , ,1,1,1, ,1, ,1,1, ,1,1,1,1,1, ,1,1,1,1,1,1,1, ,1,1,1,1,1,1,1,1,1,1, , , , ,1,1, , ,1,1,1, ,1,1, ,1,1, ,1, , , , , , ,1, ,1,1,1, , , , , ,1, 
"2019-08-14 04:06:56","2019-08-14 04:08:05",69.0,2.42003451881E-05,1,1, , ,1,1,1,1, , , , , , ,1, , ,1,1,1,1, , , , , , ,1, , , , ,1,1, , , , ,1,1,1, ,1, ,1,1, ,1,1,1,1,1, ,1,1,1,1,1,1,1, ,1,1,1,1,1,1,1,1,1,1, , , , , ,1, , ,1,1,1, ,1,1, ,1,1, ,1, , , , , , ,1, ,1,1,1, , , , , ,1, 
"2019-08-14 04:08:05","2019-08-14 04:10:37",152.0,5.33109053419E-05, ,1, , ,1,1,1,1, , , , , , ,1, , ,1,1,1,1, , , , , , ,1, , , , ,1,1, , , , ,1,1,1, ,1, ,1,1, ,1,1,1,1,1, ,1,1,1,1,1,1,1, ,1,1,1,1,1,1,1,1,1,1, , , , , ,1, , ,1,1,1, ,1,1, ,1,1, ,1, , , , , , ,1, ,1,1,1, , , , , ,1, 
"2019-08-14 04:10:37","2019-08-14 04:12:37",120.0,4.20875568489E-05, ,1, , ,1,1,1,1, , , , , , ,1, , ,1,1,1,1, , , , , , ,1, , , , ,1,1, , , , ,1,1,1, ,1, ,1,1, ,1,1,1,1,1, ,1,1,1,1,1,1,1, ,1,1,1,1,1,1,1,1,1,1, , , , , ,1, , ,1,1,1, ,1,1, ,1,1, ,1, , , , , , ,1, ,1,1,1, , , ,1, ,1, 
"2019-08-14 04:12:37","2019-08-14 04:14:37",120.0,4.20875568489E-05, ,1, , ,1,1,1,1, , , , , , ,1, , ,1,1,1,1, , , , , , ,1, , , , ,1,1, , , , ,1,1,1, ,1, ,1,1, ,1,1,1,1,1, ,1,1,1,1,1,1,1, ,1,1,1,1,1,1,1,1,1,1, , , , , ,1, , ,1,1,1, ,1,1, ,1,1, ,1, , , , , , ,1, ,1,1,1, , , , , ,1, 
"2019-08-14 04:14:37","2019-08-14 04:15:37",60.0,2.10437784244E-05, ,1, , ,1,1,1,1, , , , , , ,1, , ,1,1,1,1, , , , , , ,1, , , , ,1,1, , , , ,1,1,1, ,1, ,1,1, ,1,1,1,1,1, ,1,1,1,1,1,1,1, ,1,1,1,1,1,1,1,1,1,1, , , , , ,1, , ,1,1,1, ,1,1, ,1,1, ,1, , , , , , ,1, ,1,1,1, , , ,1, ,1, 
"2019-08-14 04:15:37","2019-08-14 04:20:05",268.0,9.39955436292E-05, ,1, , ,1,1,1,1, , , , , , ,1, , ,1,1,1,1, , , , , , ,1, , , , ,1,1, , , , ,1,1,1, ,1, ,1,1, ,1,1,1,1,1, ,1,1,1,1,1,1,1, ,1,1,1,1,1,1,1,1,1,1, , , , , ,1, , ,1,1,1, ,1,1, ,1,1, ,1, , , , , , ,1, ,1,1,1, , , , , ,1, 
"2019-08-14 04:20:05","2019-08-14 04:21:05",60.0,2.10437784244E-05,1,1, , ,1,1,1,1, , , , , , ,1, , ,1,1,1,1, , , , , , ,1, , , , ,1,1, , , , ,1,1,1, ,1, ,1,1, ,1,1,1,1,1, ,1,1,1,1,1,1,1, ,1,1,1,1,1,1,1,1,1,1, , , , , ,1, , ,1,1,1, ,1,1, ,1,1, ,1, , , , , , ,1, ,1,1,1, , , , , ,1, 
"2019-08-14 04:21:05","2019-08-14 04:21:37",32.0,1.1223348493E-05, ,1, , ,1,1,1,1, , , , , , ,1, , ,1,1,1,1, , , , , , ,1, , , , ,1,1, , , , ,1,1,1, ,1, ,1,1, ,1,1,1,1,1, ,1,1,1,1,1,1,1, ,1,1,1,1,1,1,1,1,1,1, , , , , ,1, , ,1,1,1, ,1,1, ,1,1, ,1, , , , , , ,1, ,1,1,1, , , , , ,1, 
"2019-08-14 04:21:37","2019-08-14 04:22:37",60.0,2.10437784244E-05, ,1, , ,1,1,1,1, , , , , , ,1, , ,1,1,1,1, , , , , , ,1, , , , ,1,1, , , , ,1,1,1, ,1, ,1,1, ,1,1,1,1,1, ,1,1,1,1,1,1,1, ,1,1,1,1,1,1,1,1,1,1, , , , , ,1, , ,1,1,1, ,1,1, ,1,1, ,1, , , , , , ,1, ,1,1,1, , , ,1, ,1, 
"2019-08-14 04:22:37","2019-08-14 04:23:37",60.0,2.10437784244E-05, ,1, , ,1,1,1,1, , , , , , ,1, , ,1,1,1,1, , , , , , ,1, , , , ,1,1, , , , ,1,1,1, ,1, ,1,1, ,1,1,1,1,1, ,1,1,1,1,1,1,1, ,1,1,1,1,1,1,1,1,1,1, , , , , ,1, , ,1,1,1, ,1,1, ,1,1, ,1, , , , , , ,1, ,1,1,1, , , , , ,1, 
"2019-08-14 04:23:37","2019-08-14 04:24:37",60.0,2.10437784244E-05, ,1, , ,1,1,1,1, , , , , , ,1, , ,1,1,1,1, , , , , , ,1, , , , ,1,1, , , , ,1,1,1, ,1, ,1,1, ,1,1,1,1,1, ,1,1,1,1,1,1,1, ,1,1,1,1,1,1,1,1,1,1, , , , , ,1, , ,1,1,1, ,1,1, ,1,1, ,1, , , , , , ,1, ,1,1,1, , , ,1, ,1, 
"2019-08-14 04:24:37","2019-08-14 04:25:06",29.0,1.01711595718E-05, ,1, , ,1,1,1,1, , , , , , ,1, , ,1,1,1,1, , , , , , ,1, , , , ,1,1, , , , ,1,1,1, ,1, ,1,1, ,1,1,1,1,1, ,1,1,1,1,1,1,1, ,1,1,1,1,1,1,1,1,1,1, , , , , ,1, , ,1,1,1, ,1,1, ,1,1, ,1, , , , , , ,1, ,1,1,1, , , , , ,1, 
"2019-08-14 04:25:06","2019-08-14 04:25:37",31.0,1.08726188526E-05,1,1, , ,1,1,1,1, , , , , , ,1, , ,1,1,1,1, , , , , , ,1, , , , ,1,1, , , , ,1,1,1, ,1, ,1,1, ,1,1,1,1,1, ,1,1,1,1,1,1,1, ,1,1,1,1,1,1,1,1,1,1, , , , , ,1, , ,1,1,1, ,1,1, ,1,1, ,1, , , , , , ,1, ,1,1,1, , , , , ,1, 
"2019-08-14 04:25:37","2019-08-14 04:26:05",28.0,9.82042993141E-06,1,1, , ,1,1,1,1, , , , , , ,1, , ,1,1,1,1, , , , , , ,1, , , , ,1,1, , , , ,1,1,1, ,1, ,1,1, ,1,1,1,1,1, ,1,1,1,1,1,1,1, ,1,1,1,1,1,1,1,1,1,1, , , , , ,1, , ,1,1,1, ,1,1, ,1,1, ,1, , , , , , ,1, ,1,1,1, , , ,1, ,1, 
"2019-08-14 04:26:05","2019-08-14 04:27:07",62.0,2.17452377053E-05, ,1, , ,1,1,1,1, , , , , , ,1, , ,1,1,1,1, , , , , , ,1, , , , ,1,1, , , , ,1,1,1, ,1, ,1,1, ,1,1,1,1,1, ,1,1,1,1,1,1,1, ,1,1,1,1,1,1,1,1,1,1, , , , , ,1, , ,1,1,1, ,1,1, ,1,1, ,1, , , , , , ,1, ,1,1,1, , , ,1, ,1, 
"2019-08-14 04:27:07","2019-08-14 04:28:05",58.0,2.03423191436E-05, ,1, , ,1,1,1,1, , , , , , ,1, , ,1,1,1,1, , , , , , ,1, , , , ,1,1, , , , ,1,1,1, ,1, ,1,1, ,1,1,1,1,1, ,1,1,1,1,1,1,1, ,1,1,1,1,1,1,1,1,1,1, , , , , ,1, , ,1,1,1, ,1,1, ,1,1, ,1, , , , , , ,1, ,1,1,1, , , , , ,1, 
"2019-08-14 04:28:05","2019-08-14 04:29:05",60.0,2.10437784244E-05,1,1, , ,1,1,1,1, , , , , , ,1, , ,1,1,1,1, , , , , , ,1, , , , ,1,1, , , , ,1,1,1, ,1, ,1,1, ,1,1,1,1,1, ,1,1,1,1,1,1,1, ,1,1,1,1,1,1,1,1,1,1, , , , , ,1, , ,1,1,1, ,1,1, ,1,1, ,1, , , , , , ,1, ,1,1,1, , , , , ,1, 
"2019-08-14 04:29:05","2019-08-14 04:31:05",120.0,4.20875568489E-05, ,1, , ,1,1,1,1, , , , , , ,1, , ,1,1,1,1, , , , , , ,1, , , , ,1,1, , , , ,1,1,1, ,1, ,1,1, ,1,1,1,1,1, ,1,1,1,1,1,1,1, ,1,1,1,1,1,1,1,1,1,1, , , , , ,1, , ,1,1,1, ,1,1, ,1,1, ,1, , , , , , ,1, ,1,1,1, , , , , ,1, 
"2019-08-14 04:31:05","2019-08-14 04:32:05",60.0,2.10437784244E-05,1,1, , ,1,1,1,1, , , , , , ,1, , ,1,1,1,1, , , , , , ,1, , , , ,1,1, , , , ,1,1,1, ,1, ,1,1, ,1,1,1,1,1, ,1,1,1,1,1,1,1, ,1,1,1,1,1,1,1,1,1,1, , , , , ,1, , ,1,1,1, ,1,1, ,1,1, ,1, , , , , , ,1, ,1,1,1, , , , , ,1, 
"2019-08-14 04:32:05","2019-08-14 04:33:37",92.0,3.22671269175E-05, ,1, , ,1,1,1,1, , , , , , ,1, , ,1,1,1,1, , , , , , ,1, , , , ,1,1, , , , ,1,1,1, ,1, ,1,1, ,1,1,1,1,1, ,1,1,1,1,1,1,1, ,1,1,1,1,1,1,1,1,1,1, , , , , ,1, , ,1,1,1, ,1,1, ,1,1, ,1, , , , , , ,1, ,1,1,1, , , , , ,1, 
"2019-08-14 04:33:37","2019-08-14 04:34:37",60.0,2.10437784244E-05, ,1, , ,1,1,1,1, , , , , , ,1, , ,1,1,1,1, , , , , , ,1, , , , ,1,1, , , , ,1,1,1, ,1, ,1,1, ,1,1,1,1,1, ,1,1,1,1,1,1,1, ,1,1,1,1,1,1,1,1,1,1, , , , , ,1, , ,1,1,1, ,1,1, ,1,1, ,1, , , , , , ,1, ,1,1,1, , , ,1, ,1, 
"2019-08-14 04:34:37","2019-08-14 04:50:56",979.0,0.000343364317959, ,1, , ,1,1,1,1, , , , , , ,1, , ,1,1,1,1, , , , , , ,1, , , , ,1,1, , , , ,1,1,1, ,1, ,1,1, ,1,1,1,1,1, ,1,1,1,1,1,1,1, ,1,1,1,1,1,1,1,1,1,1, , , , , ,1, , ,1,1,1, ,1,1, ,1,1, ,1, , , , , , ,1, ,1,1,1, , , , , ,1, 
"2019-08-14 04:50:56","2019-08-14 04:51:56",60.0,2.10437784244E-05, ,1, , ,1,1,1,1, , , , , , ,1, , ,1,1,1,1, , , , , , ,1, , , , ,1,1, , , , ,1,1,1, ,1, ,1,1, ,1,1,1,1,1, ,1,1,1,1,1,1,1, ,1,1,1,1,1,1,1,1,1,1, , , , ,1,1, , ,1,1,1, ,1,1, ,1,1, ,1, , , , , , ,1, ,1,1,1, , , , , ,1, 
"2019-08-14 04:51:56","2019-08-14 04:58:55",419.0,0.000146955719331, ,1, , ,1,1,1,1, , , , , , ,1, , ,1,1,1,1, , , , , , ,1, , , , ,1,1, , , , ,1,1,1, ,1, ,1,1, ,1,1,1,1,1, ,1,1,1,1,1,1,1, ,1,1,1,1,1,1,1,1,1,1, , , , , ,1, , ,1,1,1, ,1,1, ,1,1, ,1, , , , , , ,1, ,1,1,1, , , , , ,1, 
"2019-08-14 04:58:55","2019-08-14 04:59:56",61.0,2.13945080649E-05, ,1, , ,1,1,1,1, , , , , , ,1, , ,1,1,1,1, , , , , , ,1, , , , ,1,1, , , , ,1,1,1, ,1, ,1,1, ,1,1,1,1,1, ,1,1,1,1,1,1,1, ,1,1,1,1,1,1,1,1,1,1, , , , , ,1, , ,1,1,1, ,1,1, ,1,1,1,1, , , , , , ,1, ,1,1,1, , , , , ,1, 
"2019-08-14 04:59:56","2019-08-14 05:00:54",58.0,2.03423191436E-05, ,1, , ,1,1,1,1, , , , , , ,1, , ,1,1,1,1, , , , , , ,1, , , , ,1,1, , , , ,1,1,1, ,1, ,1,1, ,1,1,1,1,1, ,1,1,1,1,1,1,1, ,1,1,1,1,1,1,1,1,1,1, , , , ,1,1, , ,1,1,1, ,1,1, ,1,1,1,1, , , , , , ,1, ,1,1,1, , , , , ,1, 
"2019-08-14 05:00:54","2019-08-14 05:00:56",2.0,7.01459280815E-07, ,1, , ,1,1,1,1, , , , , , ,1, , ,1,1,1,1, , , , , , ,1, , , , ,1,1, , , , ,1,1,1, ,1, ,1,1, ,1,1,1,1,1, ,1,1,1,1,1,1,1, ,1,1,1,1,1,1,1,1,1,1, , , , ,1,1, , ,1,1,1, ,1,1, ,1,1, ,1, , , , , , ,1, ,1,1,1, , , , , ,1, 
"2019-08-14 05:00:56","2019-08-14 08:42:54",13318.0,0.00467101735095, ,1, , ,1,1,1,1, , , , , , ,1, , ,1,1,1,1, , , , , , ,1, , , , ,1,1, , , , ,1,1,1, ,1, ,1,1, ,1,1,1,1,1, ,1,1,1,1,1,1,1, ,1,1,1,1,1,1,1,1,1,1, , , , , ,1, , ,1,1,1, ,1,1, ,1,1, ,1, , , , , , ,1, ,1,1,1, , , , , ,1, 
"2019-08-14 08:42:54","2019-08-14 08:42:56",2.0,7.01459280815E-07, ,1, , ,1,1,1,1, , , , , , ,1, , ,1,1,1,1, , , , , , ,1, , , , ,1,1, , , , ,1,1,1, ,1, ,1,1, ,1,1,1,1,1, ,1,1,1,1,1,1,1, ,1,1,1,1,1,1,1,1,1,1, , , , , ,1, , ,1,1,1, ,1,1, ,1,1,1,1, , , , , , ,1, ,1,1,1, , , , , ,1, 
"2019-08-14 08:42:56","2019-08-14 08:43:54",58.0,2.03423191436E-05, ,1, , ,1,1,1,1, , , , , , ,1, , ,1,1,1,1, , , , , , ,1, , , , ,1,1, , , , ,1,1,1, ,1, ,1,1, ,1,1,1,1,1, ,1,1,1,1,1,1,1, ,1,1,1,1,1,1,1,1,1,1, , , , ,1,1, , ,1,1,1, ,1,1, ,1,1,1,1, , , , , , ,1, ,1,1,1, , , , , ,1, 
"2019-08-14 08:43:54","2019-08-14 08:43:56",2.0,7.01459280815E-07, ,1, , ,1,1,1,1, , , , , , ,1, , ,1,1,1,1, , , , , , ,1, , , , ,1,1, , , , ,1,1,1, ,1, ,1,1, ,1,1,1,1,1, ,1,1,1,1,1,1,1, ,1,1,1,1,1,1,1,1,1,1, , , , ,1,1, , ,1,1,1, ,1,1, ,1,1, ,1, , , , , , ,1, ,1,1,1, , , , , ,1, 
"2019-08-14 08:43:56","2019-08-14 17:58:15",33259.0,0.0116649171103, ,1, , ,1,1,1,1, , , , , , ,1, , ,1,1,1,1, , , , , , ,1, , , , ,1,1, , , , ,1,1,1, ,1, ,1,1, ,1,1,1,1,1, ,1,1,1,1,1,1,1, ,1,1,1,1,1,1,1,1,1,1, , , , , ,1, , ,1,1,1, ,1,1, ,1,1, ,1, , , , , , ,1, ,1,1,1, , , , , ,1, 
"2019-08-14 17:58:15","2019-08-14 17:59:45",90.0,3.15656676367E-05, ,1, , ,1,1,1,1, , , , , , ,1, , ,1,1,1,1, , , , , , ,1, , , , ,1,1, , , , ,1,1,1, ,1, ,1,1, ,1,1,1,1,1, ,1,1,1,1,1,1,1, ,1,1,1,1,1,1,1,1,1,1, , ,1, , ,1, , ,1,1,1, ,1,1, ,1,1, ,1, , , , , , ,1, ,1,1,1, , , , , ,1, 
"2019-08-14 17:59:45","2019-08-14 23:59:59",21614.0,0.00758067044777, ,1, , ,1,1,1,1, , , , , , ,1, , ,1,1,1,1, , , , , , ,1, , , , ,1,1, , , , ,1,1,1, ,1, ,1,1, ,1,1,1,1,1, ,1,1,1,1,1,1,1, ,1,1,1,1,1,1,1,1,1,1, , , , , ,1, , ,1,1,1, ,1,1, ,1,1, ,1, , , , , , ,1, ,1,1,1, , , , , ,1, 
"2019-08-14 23:59:59","2019-08-15 00:00:00",1.0,3.50729640407E-07, ,1, , ,1,1,1, , , , , , , ,1, , ,1,1,1,1, , , , , , ,1, , , , ,1,1, , , , ,1,1,1, ,1, ,1,1, ,1,1,1,1,1, ,1,1,1,1,1,1,1, ,1,1,1,1,1,1,1,1,1,1, , , , , ,1, , ,1,1,1, ,1,1, ,1,1, ,1, , , , , , ,1, ,1,1,1, , , , , ,1, 
"2019-08-15 00:00:00","2019-08-15 23:59:59",86399.0,0.0303026902016, ,1, , ,1,1,1, , , , , , , ,1, , ,1,1,1,1, , , , , , ,1, , , , ,1,1, , , , ,1,1,1, ,1, ,1,1,1,1,1,1,1,1, ,1,1,1,1,1,1,1, ,1,1,1,1,1,1,1,1,1,1, , , , , ,1, , ,1,1,1, ,1,1, ,1,1, ,1, , , , , , ,1, ,1,1,1, , , , , ,1, 
"2019-08-15 23:59:59","2019-08-16 00:00:00",1.0,3.50729640407E-07, ,1, , ,1,1,1, , , , , , , ,1, , ,1,1,1,1, , , , , , ,1, , , , ,1,1, , , , ,1,1,1, ,1, ,1,1, ,1,1,1,1,1, ,1,1,1,1,1,1,1, ,1,1,1,1,1,1,1,1,1,1, , , , , ,1, , ,1,1,1, ,1,1, ,1,1, ,1, , , , , , ,1, ,1,1,1, , , , , ,1, 
"2019-08-16 00:00:00","2019-08-16 07:50:58",28258.0,0.00991091817863, ,1, , ,1,1,1, , ,1, , , , ,1, , ,1,1,1,1, , , , , , ,1, , , , ,1,1, , , , ,1,1,1, ,1, ,1,1, ,1,1,1,1,1, ,1,1,1,1,1,1,1, ,1,1,1,1,1,1,1,1,1,1, , , , , ,1, , ,1,1,1, ,1,1, ,1,1, ,1, , , , , , ,1, ,1,1,1, , , , , ,1, 
"2019-08-16 07:50:58","2019-08-16 07:54:58",240.0,8.41751136978E-05, ,1, , ,1,1,1, , ,1, , , , ,1, , ,1,1,1,1, , , , , , ,1, , , , ,1,1, , , , ,1,1,1, ,1, ,1,1, ,1,1,1,1,1, ,1,1,1,1,1,1,1, ,1,1,1,1,1,1,1,1,1,1, , , , , ,1, , ,1,1,1, ,1,1, ,1,1, ,1, , , , , , ,1, ,1,1,1, , , , , ,1,240
"2019-08-16 07:54:58","2019-08-16 08:05:06",608.0,0.000213243621368, ,1, , ,1,1,1, , ,1, , , , ,1, , ,1,1,1,1, , , , , , ,1, , , , ,1,1, , , , ,1,1,1, ,1, ,1,1, ,1,1,1,1,1, ,1,1,1,1,1,1,1, ,1,1,1,1,1,1,1,1,1,1, , , , , ,1, , ,1,1,1, ,1,1, ,1,1, ,1, , , , , , ,1, ,1,1,1, , , , , ,1,608
"2019-08-16 08:05:06","2019-08-16 08:05:58",52.0,1.82379413012E-05, ,1, , ,1,1,1, , ,1, , , , ,1, , ,1,1,1,1, , , , , , ,1, , , , ,1,1, , , , ,1,1,1, ,1, ,1,1, ,1,1,1,1,1, ,1,1,1,1,1,1,1, ,1,1,1,1,1,1,1,1,1,1, , , , , ,1, , ,1,1,1, ,1,1, ,1,1, ,1, , , , , , ,1, ,1,1,1, , , , , ,1, 
"2019-08-16 08:05:58","2019-08-16 08:11:58",360.0,0.000126262670547, ,1, , ,1,1,1, , ,1, , , , ,1, , ,1,1,1,1, , , , , , ,1, , , , ,1,1, , , , ,1,1,1, ,1, ,1,1, ,1,1,1,1,1, ,1,1,1,1,1,1,1, ,1,1,1,1,1,1,1,1,1,1, , , , , ,1, , ,1,1,1, ,1,1, ,1,1, ,1, , , , , , ,1, ,1,1,1, , , , , ,1,360
"2019-08-16 08:11:58","2019-08-16 08:22:29",631.0,0.000221310403097, ,1, , ,1,1,1, , ,1, , , , ,1, , ,1,1,1,1, , , , , , ,1, , , , ,1,1, , , , ,1,1,1, ,1, ,1,1, ,1,1,1,1,1, ,1,1,1,1,1,1,1, ,1,1,1,1,1,1,1,1,1,1, , , , , ,1, , ,1,1,1, ,1,1, ,1,1, ,1, , , , , , ,1, ,1,1,1, , , , , ,1, 
"2019-08-16 08:22:29","2019-08-16 08:25:02",153.0,5.36616349823E-05, ,1, , ,1,1,1, , ,1, , , , ,1, , ,1,1,1,1, , , , , , ,1, , , , ,1,1, , , , ,1,1,1, ,1, ,1,1, ,1,1,1,1,1, ,1,1,1,1,1,1,1, ,1,1,1,1,1,1,1,1,1,1, , , , , ,1, , ,1,1,1, ,1,1, ,1,1, ,1, , , , , , ,1, ,1,1,1, , , , , ,1,153
"2019-08-16 08:25:02","2019-08-16 08:34:58",596.0,0.000209034865683, ,1, , ,1,1,1, , ,1, , , , ,1, , ,1,1,1,1, , , , , , ,1, , , , ,1,1, , , , ,1,1,1, ,1, ,1,1, ,1,1,1,1,1, ,1,1,1,1,1,1,1, ,1,1,1,1,1,1,1,1,1,1, , , , , ,1, , ,1,1,1, ,1,1, ,1,1, ,1, , , , , , ,1, ,1,1,1, , , , , ,1, 
"2019-08-16 08:34:58","2019-08-16 08:38:58",240.0,8.41751136978E-05, ,1, , ,1,1,1, , ,1, , , , ,1, , ,1,1,1,1, , , , , , ,1, , , , ,1,1, , , , ,1,1,1, ,1, ,1,1, ,1,1,1,1,1, ,1,1,1,1,1,1,1, ,1,1,1,1,1,1,1,1,1,1, , , , , ,1, , ,1,1,1, ,1,1, ,1,1, ,1, , , , , , ,1, ,1,1,1, , , , , ,1,240
"2019-08-16 08:38:58","2019-08-16 08:40:28",90.0,3.15656676367E-05, ,1, , ,1,1,1, , ,1, , , , ,1, , ,1,1,1,1, , , , , , ,1, , , , ,1,1, , , , ,1,1,1, ,1, ,1,1, ,1,1,1,1,1, ,1,1,1,1,1,1,1, ,1,1,1,1,1,1,1,1,1,1, , , , , ,1, , ,1,1,1, ,1,1, ,1,1, ,1, , , , , , ,1, ,1,1,1, , , , , ,1, 
"2019-08-16 08:40:28","2019-08-16 08:42:58",150.0,5.26094460611E-05, ,1, , ,1,1,1, , ,1, , , , ,1, , ,1,1,1,1, , , , , , ,1, , , , ,1,1, , , , ,1,1,1, ,1, ,1,1, ,1,1,1,1,1, ,1,1,1,1,1,1,1, ,1,1,1,1,1,1,1,1,1,1, , , , , ,1, , ,1,1,1, ,1,1, ,1,1, ,1, , , , , , ,1, ,1,1,1, , , , , ,1,150
"2019-08-16 08:42:58","2019-08-16 08:45:58",180.0,6.31313352733E-05, ,1, , ,1,1,1, , ,1, , , , ,1, , ,1,1,1,1, , , , , , ,1, , , , ,1,1, , , , ,1,1,1, ,1, ,1,1, ,1,1,1,1,1, ,1,1,1,1,1,1,1, ,1,1,1,1,1,1,1,1,1,1, , , , , ,1, , ,1,1,1, ,1,1, ,1,1, ,1, , , , , , ,1, ,1,1,1, , , , , ,1, 
"2019-08-16 08:45:58","2019-08-16 08:52:04",366.0,0.000128367048389, ,1, , ,1,1,1, , ,1, , , , ,1, , ,1,1,1,1, , , , , , ,1, , , , ,1,1, , , , ,1,1,1, ,1, ,1,1, ,1,1,1,1,1, ,1,1,1,1,1,1,1, ,1,1,1,1,1,1,1,1,1,1, , , , , ,1, , ,1,1,1, ,1,1, ,1,1, ,1, , , , , , ,1, ,1,1,1, , , , , ,1,366
"2019-08-16 08:52:04","2019-08-16 08:52:58",54.0,1.8939400582E-05, ,1, , ,1,1,1, , ,1, , , , ,1, , ,1,1,1,1, , , , , , ,1, , , , ,1,1, , , , ,1,1,1, ,1, ,1,1, ,1,1,1,1,1, ,1,1,1,1,1,1,1, ,1,1,1,1,1,1,1,1,1,1, , , , , ,1, , ,1,1,1, ,1,1, ,1,1, ,1, , , , , , ,1, ,1,1,1, , , , , ,1, 
"2019-08-16 08:52:58","2019-08-16 08:56:58",240.0,8.41751136978E-05, ,1, , ,1,1,1, , ,1, , , , ,1, , ,1,1,1,1, , , , , , ,1, , , , ,1,1, , , , ,1,1,1, ,1, ,1,1, ,1,1,1,1,1, ,1,1,1,1,1,1,1, ,1,1,1,1,1,1,1,1,1,1, , , , , ,1, , ,1,1,1, ,1,1, ,1,1, ,1, , , , , , ,1, ,1,1,1, , , , , ,1,240
"2019-08-16 08:56:58","2019-08-16 08:57:58",60.0,2.10437784244E-05, ,1, , ,1,1,1, , ,1, , , , ,1, , ,1,1,1,1, , , , , , ,1, , , , ,1,1, , , , ,1,1,1, ,1, ,1,1, ,1,1,1,1,1, ,1,1,1,1,1,1,1, ,1,1,1,1,1,1,1,1,1,1, , , , , ,1, , ,1,1,1, ,1,1, ,1,1, ,1, , , , , , ,1, ,1,1,1, , , , , ,1, 
"2019-08-16 08:57:58","2019-08-16 09:01:58",240.0,8.41751136978E-05, ,1, , ,1,1,1, , ,1, , , , ,1, , ,1,1,1,1, , , , , , ,1, , , , ,1,1, , , , ,1,1,1, ,1, ,1,1, ,1,1,1,1,1, ,1,1,1,1,1,1,1, ,1,1,1,1,1,1,1,1,1,1, , , , , ,1, , ,1,1,1, ,1,1, ,1,1, ,1, , , , , , ,1, ,1,1,1, , , , , ,1,240
"2019-08-16 09:01:58","2019-08-16 09:08:28",390.0,0.000136784559759, ,1, , ,1,1,1, , ,1, , , , ,1, , ,1,1,1,1, , , , , , ,1, , , , ,1,1, , , , ,1,1,1, ,1, ,1,1, ,1,1,1,1,1, ,1,1,1,1,1,1,1, ,1,1,1,1,1,1,1,1,1,1, , , , , ,1, , ,1,1,1, ,1,1, ,1,1, ,1, , , , , , ,1, ,1,1,1, , , , , ,1,390
"2019-08-16 09:08:28","2019-08-16 09:09:58",90.0,3.15656676367E-05, ,1, , ,1,1,1, , ,1, , , , ,1, , ,1,1,1,1, , , , , , ,1, , , , ,1,1, , , , ,1,1,1, ,1, ,1,1, ,1,1,1,1,1, ,1,1,1,1,1,1,1, ,1,1,1,1,1,1,1,1,1,1, , , , , ,1, , ,1,1,1, ,1,1, ,1,1, ,1, , , , , , ,1, ,1,1,1, , , , , ,1, 
"2019-08-16 09:09:58","2019-08-16 09:16:58",420.0,0.000147306448971, ,1, , ,1,1,1, , ,1, , , , ,1, , ,1,1,1,1, , , , , , ,1, , , , ,1,1, , , , ,1,1,1, ,1, ,1,1, ,1,1,1,1,1, ,1,1,1,1,1,1,1, ,1,1,1,1,1,1,1,1,1,1, , , , , ,1, , ,1,1,1, ,1,1, ,1,1, ,1, , , , , , ,1, ,1,1,1, , , , , ,1,420
"2019-08-16 09:16:58","2019-08-16 09:26:58",600.0,0.000210437784244, ,1, , ,1,1,1, , ,1, , , , ,1, , ,1,1,1,1, , , , , , ,1, , , , ,1,1, , , , ,1,1,1, ,1, ,1,1, ,1,1,1,1,1, ,1,1,1,1,1,1,1, ,1,1,1,1,1,1,1,1,1,1, , , , , ,1, , ,1,1,1, ,1,1, ,1,1, ,1, , , , , , ,1, ,1,1,1, , , , , ,1, 
"2019-08-16 09:26:58","2019-08-16 09:31:58",300.0,0.000105218892122, ,1, , ,1,1,1, , ,1, , , , ,1, , ,1,1,1,1, , , , , , ,1, , , , ,1,1, , , , ,1,1,1, ,1, ,1,1, ,1,1,1,1,1, ,1,1,1,1,1,1,1, ,1,1,1,1,1,1,1,1,1,1, , , , , ,1, , ,1,1,1, ,1,1, ,1,1, ,1, , , , , , ,1, ,1,1,1, , , , , ,1,300
"2019-08-16 09:31:58","2019-08-16 09:32:58",60.0,2.10437784244E-05, ,1, , ,1,1,1, , ,1, , , , ,1, , ,1,1,1,1, , , , , , ,1, , , , ,1,1, , , , ,1,1,1, ,1, ,1,1, ,1,1,1,1,1, ,1,1,1,1,1,1,1, ,1,1,1,1,1,1,1,1,1,1, , , , , ,1, , ,1,1,1, ,1,1, ,1,1, ,1, , , , , , ,1, ,1,1,1, , , , , ,1, 
"2019-08-16 09:32:58","2019-08-16 09:38:58",360.0,0.000126262670547, ,1, , ,1,1,1, , ,1, , , , ,1, , ,1,1,1,1, , , , , , ,1, , , , ,1,1, , , , ,1,1,1, ,1, ,1,1, ,1,1,1,1,1, ,1,1,1,1,1,1,1, ,1,1,1,1,1,1,1,1,1,1, , , , , ,1, , ,1,1,1, ,1,1, ,1,1, ,1, , , , , , ,1, ,1,1,1, , , , , ,1,360
"2019-08-16 09:38:58","2019-08-16 09:42:58",240.0,8.41751136978E-05, ,1, , ,1,1,1, , ,1, , , , ,1, , ,1,1,1,1, , , , , , ,1, , , , ,1,1, , , , ,1,1,1, ,1, ,1,1, ,1,1,1,1,1, ,1,1,1,1,1,1,1, ,1,1,1,1,1,1,1,1,1,1, , , , , ,1, , ,1,1,1, ,1,1, ,1,1, ,1, , , , , , ,1, ,1,1,1, , , , , ,1, 
"2019-08-16 09:42:58","2019-08-16 09:45:58",180.0,6.31313352733E-05, ,1, , ,1,1,1, , ,1, , , , ,1, , ,1,1,1,1, , , , , , ,1, , , , ,1,1, , , , ,1,1,1, ,1, ,1,1, ,1,1,1,1,1, ,1,1,1,1,1,1,1, ,1,1,1,1,1,1,1,1,1,1, , , , , ,1, , ,1,1,1, ,1,1, ,1,1, ,1, , , , , , ,1, ,1,1,1, , , , , ,1,180
"2019-08-16 09:45:58","2019-08-16 09:47:59",121.0,4.24382864893E-05, ,1, , ,1,1,1, , ,1, , , , ,1, , ,1,1,1,1, , , , , , ,1, , , , ,1,1, , , , ,1,1,1, ,1, ,1,1, ,1,1,1,1,1, ,1,1,1,1,1,1,1, ,1,1,1,1,1,1,1,1,1,1, , , , , ,1, , ,1,1,1, ,1,1, ,1,1, ,1, , , , , , ,1, ,1,1,1, , , , , ,1, 
"2019-08-16 09:47:59","2019-08-16 09:50:58",179.0,6.27806056329E-05, ,1, , ,1,1,1, , ,1, , , , ,1, , ,1,1,1,1, , , , , , ,1, , , , ,1,1, , , , ,1,1,1, ,1, ,1,1, ,1,1,1,1,1, ,1,1,1,1,1,1,1, ,1,1,1,1,1,1,1,1,1,1, , , , , ,1, , ,1,1,1, ,1,1, ,1,1, ,1, , , , , , ,1, ,1,1,1, , , , , ,1,179
"2019-08-16 09:50:58","2019-08-16 14:43:58",17580.0,0.00616582707836, ,1, , ,1,1,1, , ,1, , , , ,1, , ,1,1,1,1, , , , , , ,1, , , , ,1,1, , , , ,1,1,1, ,1, ,1,1, ,1,1,1,1,1, ,1,1,1,1,1,1,1, ,1,1,1,1,1,1,1,1,1,1, , , , , ,1, , ,1,1,1, ,1,1, ,1,1, ,1, , , , , , ,1, ,1,1,1, , , , , ,1, 
"2019-08-16 14:43:58","2019-08-16 14:46:58",180.0,6.31313352733E-05, ,1, , ,1,1,1, , ,1, , , , ,1, , ,1,1,1,1, , , , , , ,1, , , , ,1,1, , , , ,1,1,1, ,1, ,1,1, ,1,1,1,1,1, ,1,1,1,1,1,1,1, ,1,1,1,1,1,1,1,1,1,1, , , , , ,1, , ,1,1,1, ,1,1, ,1,1, ,1, , , , , , ,1, ,1,1,1, , , , , ,1,180
"2019-08-16 14:46:58","2019-08-16 14:47:58",60.0,2.10437784244E-05, ,1, , ,1,1,1, , ,1, , , , ,1, , ,1,1,1,1, , , , , , ,1, , , , ,1,1, , , , ,1,1,1, ,1, ,1,1, ,1,1,1,1,1, ,1,1,1,1,1,1,1, ,1,1,1,1,1,1,1,1,1,1, , , , , ,1, , ,1,1,1, ,1,1, ,1,1, ,1, , , , , , ,1, ,1,1,1, , , , , ,1, 
"2019-08-16 14:47:58","2019-08-16 14:51:28",210.0,7.36532244856E-05, ,1, , ,1,1,1, , ,1, , , , ,1, , ,1,1,1,1, , , , , , ,1, , , , ,1,1, , , , ,1,1,1, ,1, ,1,1, ,1,1,1,1,1, ,1,1,1,1,1,1,1, ,1,1,1,1,1,1,1,1,1,1, , , , , ,1, , ,1,1,1, ,1,1, ,1,1, ,1, , , , , , ,1, ,1,1,1, , , , , ,1,210
"2019-08-16 14:51:28","2019-08-16 14:56:59",331.0,0.000116091510975, ,1, , ,1,1,1, , ,1, , , , ,1, , ,1,1,1,1, , , , , , ,1, , , , ,1,1, , , , ,1,1,1, ,1, ,1,1, ,1,1,1,1,1, ,1,1,1,1,1,1,1, ,1,1,1,1,1,1,1,1,1,1, , , , , ,1, , ,1,1,1, ,1,1, ,1,1, ,1, , , , , , ,1, ,1,1,1, , , , , ,1,331
"2019-08-16 14:56:59","2019-08-16 15:00:58",239.0,8.38243840574E-05, ,1, , ,1,1,1, , ,1, , , , ,1, , ,1,1,1,1, , , , , , ,1, , , , ,1,1, , , , ,1,1,1, ,1, ,1,1, ,1,1,1,1,1, ,1,1,1,1,1,1,1, ,1,1,1,1,1,1,1,1,1,1, , , , , ,1, , ,1,1,1, ,1,1, ,1,1, ,1, , , , , , ,1, ,1,1,1, , , , , ,1,239
"2019-08-16 15:00:58","2019-08-16 23:59:59",32341.0,0.0113429473004, ,1, , ,1,1,1, , ,1, , , , ,1, , ,1,1,1,1, , , , , , ,1, , , , ,1,1, , , , ,1,1,1, ,1, ,1,1, ,1,1,1,1,1, ,1,1,1,1,1,1,1, ,1,1,1,1,1,1,1,1,1,1, , , , , ,1, , ,1,1,1, ,1,1, ,1,1, ,1, , , , , , ,1, ,1,1,1, , , , , ,1, 
"2019-08-16 23:59:59","2019-08-17 00:00:00",1.0,3.50729640407E-07, ,1, , ,1,1,1, , , , , , , ,1, , ,1,1,1,1, , , , , , ,1, , , , ,1,1, , , , ,1,1,1, ,1, ,1,1, ,1,1,1,1,1, ,1,1,1,1,1,1,1, ,1,1,1,1,1,1,1,1,1,1, , , , , ,1, , ,1,1,1, ,1,1, ,1,1, ,1, , , , , , ,1, ,1,1,1, , , , , ,1, 
"2019-08-17 00:00:00","2019-08-17 23:59:59",86399.0,0.0303026902016, ,1, , ,1,1,1, ,1, , , , , ,1, , ,1,1,1,1, , , , , , ,1, , , , ,1,1, , , , ,1,1,1, ,1, ,1,1, ,1,1,1,1,1, ,1,1,1,1,1,1,1, ,1,1,1,1,1,1,1,1,1,1, , , , , ,1, , ,1,1,1, ,1,1, ,1,1, ,1, , , , , , ,1, ,1,1,1, , , , , ,1, 
"2019-08-17 23:59:59","2019-08-18 00:00:00",1.0,3.50729640407E-07, ,1, , ,1,1,1, , , , , , , ,1, , ,1,1,1,1, , , , , , ,1, , , , ,1,1, , , , ,1,1,1, ,1, ,1,1, ,1,1,1,1,1, ,1,1,1,1,1,1,1, ,1,1,1,1,1,1,1,1,1,1, , , , , ,1, , ,1,1,1, ,1,1, ,1,1, ,1, , , , , , ,1, ,1,1,1, , , , , ,1, 
"2019-08-18 00:00:00","2019-08-18 23:59:59",86399.0,0.0303026902016, ,1, , ,1,1,1, , , , , , , ,1, ,1,1,1,1,1, , , , , , ,1, , , , ,1,1, , , , ,1,1,1, ,1, ,1,1, ,1,1,1,1,1, ,1,1,1,1,1,1,1, ,1,1,1,1,1,1,1,1,1,1, , , , , ,1, , ,1,1,1, ,1,1, ,1,1, ,1, , , , , , ,1, ,1,1,1, , , , , ,1, 
"2019-08-18 23:59:59","2019-08-19 00:00:00",1.0,3.50729640407E-07, ,1, , ,1,1,1, , , , , , , ,1, , ,1,1,1,1, , , , , , ,1, , , , ,1,1, , , , ,1,1,1, ,1, ,1,1, ,1,1,1,1,1, ,1,1,1,1,1,1,1, ,1,1,1,1,1,1,1,1,1,1, , , , , ,1, , ,1,1,1, ,1,1, ,1,1, ,1, , , , , , ,1, ,1,1,1, , , , , ,1, 
"2019-08-19 00:00:00","2019-08-19 23:59:59",86399.0,0.0303026902016, ,1, , ,1,1,1, , , , , , , ,1,1, ,1,1,1,1, , , , , , ,1, , , , ,1,1, , , , ,1,1,1, ,1, ,1,1, ,1,1,1,1,1, ,1,1,1,1,1,1,1, ,1,1,1,1,1,1,1,1,1,1, , , , , ,1, , ,1,1,1, ,1,1, ,1,1, ,1, , , , , , ,1, ,1,1,1, , , , , ,1, 
"2019-08-19 23:59:59","2019-08-20 00:00:00",1.0,3.50729640407E-07, ,1, , ,1,1,1, , , , , , , ,1, , ,1,1,1,1, , , , , , ,1, , , , ,1,1, , , , ,1,1,1, ,1, ,1,1, ,1,1,1,1,1, ,1,1,1,1,1,1,1, ,1,1,1,1,1,1,1,1,1,1, , , , , ,1, , ,1,1,1, ,1,1, ,1,1, ,1, , , , , , ,1, ,1,1,1, , , , , ,1, 
"2019-08-20 00:00:00","2019-08-20 03:26:05",12365.0,0.00433677200364, ,1, , ,1,1,1, , , , , , , ,1, , ,1,1,1,1, ,1, , , , ,1, , , , ,1,1, , , , ,1,1,1, ,1, ,1,1, ,1,1,1,1,1, ,1,1,1,1,1,1,1, ,1,1,1,1,1,1,1,1,1,1, , , , , ,1, , ,1,1,1, ,1,1, ,1,1, ,1, , , , , , ,1, ,1,1,1, , , , , ,1, 
"2019-08-20 03:26:05","2019-08-20 03:27:05",60.0,2.10437784244E-05, ,1,1, ,1,1,1, , , , , , , ,1, , ,1,1,1,1, ,1, , , , ,1, , , , ,1,1, , , , ,1,1,1, ,1, ,1,1, ,1,1,1,1,1, ,1,1,1,1,1,1,1, ,1,1,1,1,1,1,1,1,1,1, , , , , ,1, , ,1,1,1, ,1,1, ,1,1, ,1, , , , , , ,1, ,1,1,1, , , , , ,1, 
"2019-08-20 03:27:05","2019-08-20 05:06:04",5939.0,0.00208298333438, ,1, , ,1,1,1, , , , , , , ,1, , ,1,1,1,1, ,1, , , , ,1, , , , ,1,1, , , , ,1,1,1, ,1, ,1,1, ,1,1,1,1,1, ,1,1,1,1,1,1,1, ,1,1,1,1,1,1,1,1,1,1, , , , , ,1, , ,1,1,1, ,1,1, ,1,1, ,1, , , , , , ,1, ,1,1,1, , , , , ,1, 
"2019-08-20 05:06:04","2019-08-20 05:07:04",60.0,2.10437784244E-05, ,1, , ,1,1,1, , , , , , , ,1, , ,1,1,1,1, ,1, , , , ,1, , , , ,1,1,1, , , ,1,1,1, ,1, ,1,1, ,1,1,1,1,1, ,1,1,1,1,1,1,1, ,1,1,1,1,1,1,1,1,1,1, , , , , ,1, , ,1,1,1, ,1,1, ,1,1, ,1, , , , , , ,1, ,1,1,1, , , , , ,1, 
"2019-08-20 05:07:04","2019-08-20 23:59:59",67975.0,0.0238408473067, ,1, , ,1,1,1, , , , , , , ,1, , ,1,1,1,1, ,1, , , , ,1, , , , ,1,1, , , , ,1,1,1, ,1, ,1,1, ,1,1,1,1,1, ,1,1,1,1,1,1,1, ,1,1,1,1,1,1,1,1,1,1, , , , , ,1, , ,1,1,1, ,1,1, ,1,1, ,1, , , , , , ,1, ,1,1,1, , , , , ,1, 
"2019-08-20 23:59:59","2019-08-21 00:00:00",1.0,3.50729640407E-07, ,1, , ,1,1,1, , , , , , , ,1, , ,1,1,1,1, , , , , , ,1, , , , ,1,1, , , , ,1,1,1, ,1, ,1,1, ,1,1,1,1,1, ,1,1,1,1,1,1,1, ,1,1,1,1,1,1,1,1,1,1, , , , , ,1, , ,1,1,1, ,1,1, ,1,1, ,1, , , , , , ,1, ,1,1,1, , , , , ,1, 
"2019-08-21 00:00:00","2019-08-21 15:55:02",57302.0,0.0200975098546, ,1, , ,1,1,1, , , , , , , ,1, , ,1,1,1,1, , ,1, , , ,1, , , , ,1,1, , , , ,1,1,1, ,1, ,1,1, ,1,1,1,1,1, ,1,1,1,1,1,1,1, ,1,1,1,1,1,1,1,1,1,1, , , , , ,1, , ,1,1,1, ,1,1, ,1,1, ,1, , , , , , ,1, ,1,1,1, , , , , ,1, 
"2019-08-21 15:55:02","2019-08-21 15:58:02",180.0,6.31313352733E-05, ,1, , ,1,1,1, , , , , , , ,1, , ,1,1,1,1, , ,1, , , ,1, , , , ,1,1, , , ,1,1,1,1, ,1, ,1,1, ,1,1,1,1,1, ,1,1,1,1,1,1,1, ,1,1,1,1,1,1,1,1,1,1, , , , , ,1, , ,1,1,1, ,1,1, ,1,1, ,1, , , , , , ,1, ,1,1,1, , , , , ,1, 
"2019-08-21 15:58:02","2019-08-21 15:58:14",12.0,4.20875568489E-06, ,1, , ,1,1,1, , , , , , , ,1, , ,1,1,1,1, , ,1, , , ,1, , , , ,1,1, , , , ,1,1,1, ,1, ,1,1, ,1,1,1,1,1, ,1,1,1,1,1,1,1, ,1,1,1,1,1,1,1,1,1,1, , , , , ,1, , ,1,1,1, ,1,1, ,1,1, ,1, , , , , , ,1, ,1,1,1, , , , , ,1, 
"2019-08-21 15:58:14","2019-08-21 16:01:03",169.0,5.92733092289E-05, ,1, , ,1,1,1, , , , , , , ,1, , ,1,1,1,1, , ,1, , , ,1, , , , ,1,1, , , , ,1,1,1, ,1, ,1,1, ,1,1,1,1,1,180,1,1,1,1,1,1,1,169,1,1,1,1,1,1,1,1,1,1, , , , , ,1, , ,1,1,1, ,1,1, ,1,1, ,1, , , , , , ,1, ,1,1,1, , , , , ,1, 
"2019-08-21 16:01:03","2019-08-21 16:01:14",11.0,3.85802604448E-06, ,1, , ,1,1,1, , , , , , , ,1, , ,1,1,1,1, , ,1, , , ,1, , , , ,1,1, , , , ,1,1,1, ,1, ,1,1, ,1,1,1,1,1,180,1,1,1,1,1,1,1, ,1,1,1,1,1,1,1,1,1,1, , , , , ,1, , ,1,1,1, ,1,1, ,1,1, ,1, , , , , , ,1, ,1,1,1, , , , , ,1, 
"2019-08-21 16:01:14","2019-08-21 23:59:59",28725.0,0.0100747089207, ,1, , ,1,1,1, , , , , , , ,1, , ,1,1,1,1, , ,1, , , ,1, , , , ,1,1, , , , ,1,1,1, ,1, ,1,1, ,1,1,1,1,1, ,1,1,1,1,1,1,1, ,1,1,1,1,1,1,1,1,1,1, , , , , ,1, , ,1,1,1, ,1,1, ,1,1, ,1, , , , , , ,1, ,1,1,1, , , , , ,1, 
"2019-08-21 23:59:59","2019-08-22 00:00:00",1.0,3.50729640407E-07, ,1, , ,1,1,1, , , , , , , ,1, , ,1,1,1,1, , , , , , ,1, , , , ,1,1, , , , ,1,1,1, ,1, ,1,1, ,1,1,1,1,1, ,1,1,1,1,1,1,1, ,1,1,1,1,1,1,1,1,1,1, , , , , ,1, , ,1,1,1, ,1,1, ,1,1, ,1, , , , , , ,1, ,1,1,1, , , , , ,1, 
"2019-08-22 00:00:00","2019-08-22 23:59:59",86399.0,0.0303026902016, ,1, , ,1,1,1, , , , , , , ,1, , ,1,1,1,1, , , ,1, , ,1, , , , ,1,1, , , , ,1,1,1, ,1, ,1,1, ,1,1,1,1,1, ,1,1,1,1,1,1,1, ,1,1,1,1,1,1,1,1,1,1, , , , , ,1, , ,1,1,1, ,1,1, ,1,1, ,1, , , , , , ,1, ,1,1,1, , , , , ,1, 
"2019-08-22 23:59:59","2019-08-23 00:00:00",1.0,3.50729640407E-07, ,1, , ,1,1,1, , , , , , , ,1, , ,1,1,1,1, , , , , , ,1, , , , ,1,1, , , , ,1,1,1, ,1, ,1,1, ,1,1,1,1,1, ,1,1,1,1,1,1,1, ,1,1,1,1,1,1,1,1,1,1, , , , , ,1, , ,1,1,1, ,1,1, ,1,1, ,1, , , , , , ,1, ,1,1,1, , , , , ,1, 
"2019-08-23 00:00:00","2019-08-23 23:59:59",86399.0,0.0303026902016, ,1, , ,1,1,1, , , , , , , ,1, , ,1,1,1,1, , , , ,1, ,1, , , , ,1,1, , , , ,1,1,1, ,1, ,1,1, ,1,1,1,1,1, ,1,1,1,1,1,1,1, ,1,1,1,1,1,1,1,1,1,1, , , , , ,1, , ,1,1,1, ,1,1, ,1,1, ,1, , , , , , ,1, ,1,1,1, , , , , ,1, 
"2019-08-23 23:59:59","2019-08-24 00:00:00",1.0,3.50729640407E-07, ,1, , ,1,1,1, , , , , , , ,1, , ,1,1,1,1, , , , , , ,1, , , , ,1,1, , , , ,1,1,1, ,1, ,1,1, ,1,1,1,1,1, ,1,1,1,1,1,1,1, ,1,1,1,1,1,1,1,1,1,1, , , , , ,1, , ,1,1,1, ,1,1, ,1,1, ,1, , , , , , ,1, ,1,1,1, , , , , ,1, 
"2019-08-24 00:00:00","2019-08-24 23:59:59",86399.0,0.0303026902016, ,1, , ,1,1,1, , , , , , , ,1, , ,1,1,1,1, , , , , ,1,1, , , , ,1,1, , , , ,1,1,1, ,1, ,1,1, ,1,1,1,1,1, ,1,1,1,1,1,1,1, ,1,1,1,1,1,1,1,1,1,1, , , , , ,1, , ,1,1,1, ,1,1, ,1,1, ,1, , , , , , ,1, ,1,1,1, , , , , ,1, 
"2019-08-24 23:59:59","2019-08-25 00:00:00",1.0,3.50729640407E-07, ,1, , ,1,1,1, , , , , , , ,1, , ,1,1,1,1, , , , , , ,1, , , , ,1,1, , , , ,1,1,1, ,1, ,1,1, ,1,1,1,1,1, ,1,1,1,1,1,1,1, ,1,1,1,1,1,1,1,1,1,1, , , , , ,1, , ,1,1,1, ,1,1, ,1,1, ,1, , , , , , ,1, ,1,1,1, , , , , ,1, 
"2019-08-25 00:00:00","2019-08-25 23:59:59",86399.0,0.0303026902016, ,1, , ,1,1,1, , , , , , , ,1, , ,1,1,1,1,1, , , , , ,1, , , , ,1,1, , , , ,1,1,1, ,1, ,1,1, ,1,1,1,1,1, ,1,1,1,1,1,1,1, ,1,1,1,1,1,1,1,1,1,1, , , , , ,1, , ,1,1,1, ,1,1, ,1,1, ,1, , , , , , ,1, ,1,1,1, , , , , ,1, 
"2019-08-25 23:59:59","2019-08-26 00:00:00",1.0,3.50729640407E-07, ,1, , ,1,1,1, , , , , , , ,1, , ,1,1,1,1, , , , , , ,1, , , , ,1,1, , , , ,1,1,1, ,1, ,1,1, ,1,1,1,1,1, ,1,1,1,1,1,1,1, ,1,1,1,1,1,1,1,1,1,1, , , , , ,1, , ,1,1,1, ,1,1, ,1,1, ,1, , , , , , ,1, ,1,1,1, , , , , ,1, 
"2019-08-26 00:00:00","2019-08-26 23:59:59",86399.0,0.0303026902016, ,1, , ,1,1,1, , , , , , , ,1, , ,1,1,1,1, , , , , , ,1,1, , , ,1,1, , , , ,1,1,1, ,1, ,1,1, ,1,1,1,1,1, ,1,1,1,1,1,1,1, ,1,1,1,1,1,1,1,1,1,1, , , , , ,1, , ,1,1,1, ,1,1, ,1,1, ,1, , , , , , ,1, ,1,1,1, , , , , ,1, 
"2019-08-26 23:59:59","2019-08-27 00:00:00",1.0,3.50729640407E-07, ,1, , ,1,1,1, , , , , , , ,1, , ,1,1,1,1, , , , , , ,1, , , , ,1,1, , , , ,1,1,1, ,1, ,1,1, ,1,1,1,1,1, ,1,1,1,1,1,1,1, ,1,1,1,1,1,1,1,1,1,1, , , , , ,1, , ,1,1,1, ,1,1, ,1,1, ,1, , , , , , ,1, ,1,1,1, , , , , ,1, 
"2019-08-27 00:00:00","2019-08-27 18:31:45",66705.0,0.0233954206634, ,1, , ,1,1,1, , , , , , , ,1, , ,1,1,1,1, , , , , , ,1, ,1, , ,1,1, , , , ,1,1,1, ,1, ,1,1, ,1,1,1,1,1, ,1,1,1,1,1,1,1, ,1,1,1,1,1,1,1,1,1,1, , , , , ,1, , ,1,1,1, ,1,1, ,1,1, ,1, , , , , , ,1, ,1,1,1, , , , , ,1, 
"2019-08-27 18:31:45","2019-08-27 18:32:45",60.0,2.10437784244E-05, ,1, , ,1,1,1, , , , , , , ,1, , ,1,1,1,1, , , , , , ,1, ,1, , ,1,1, , , , ,1,1,1, ,1, ,1,1, ,1,1,1,1,1, ,1,1,1,1,1,1,1, ,1,1,1,1,1,1,1,1,1,1, ,1, , , ,1, , ,1,1,1, ,1,1, ,1,1, ,1, , , , , , ,1, ,1,1,1, , , , , ,1, 
"2019-08-27 18:32:45","2019-08-27 23:35:05",18140.0,0.00636223567699, ,1, , ,1,1,1, , , , , , , ,1, , ,1,1,1,1, , , , , , ,1, ,1, , ,1,1, , , , ,1,1,1, ,1, ,1,1, ,1,1,1,1,1, ,1,1,1,1,1,1,1, ,1,1,1,1,1,1,1,1,1,1, , , , , ,1, , ,1,1,1, ,1,1, ,1,1, ,1, , , , , , ,1, ,1,1,1, , , , , ,1, 
"2019-08-27 23:35:05","2019-08-27 23:39:26",261.0,9.15404361463E-05, ,1, , ,1,1,1, , , , , , , ,1, , ,1,1,1,1, , , , , , ,1, ,1, , ,1,1, , , , ,1,1,1, ,1, ,1,1, ,1,1,1,1,1, ,1,1,1,1,1,1,1, ,1,1,1,1,1,1,1,1,1,1, , , , , ,1, , ,1,1,1,261,1,1, ,1,1, ,1, , , , , , ,1, ,1,1,1, , , , , ,1, 
"2019-08-27 23:39:26","2019-08-27 23:40:04",38.0,1.33277263355E-05, ,1, , ,1,1,1, , , , , , , ,1, , ,1,1,1,1, , , , , , ,1, ,1, , ,1,1, , , , ,1,1,1, ,1, ,1,1, ,1,1,1,1,1, ,1,1,1,1,1,1,1, ,1,1,1,1,1,1,1,1,1,1, , , , , ,1, , ,1,1,1, ,1,1, ,1,1, ,1, , , , , , ,1, ,1,1,1, , , , , ,1, 
"2019-08-27 23:40:04","2019-08-27 23:41:04",60.0,2.10437784244E-05, ,1, , ,1,1,1, , , , , , , ,1, , ,1,1,1,1, , , , , , ,1, ,1, , ,1,1,1, , , ,1,1,1, ,1, ,1,1, ,1,1,1,1,1, ,1,1,1,1,1,1,1, ,1,1,1,1,1,1,1,1,1,1, , , , , ,1, , ,1,1,1, ,1,1, ,1,1, ,1, , , , , , ,1, ,1,1,1, , , , , ,1, 
"2019-08-27 23:41:04","2019-08-27 23:59:59",1135.0,0.000398078141862, ,1, , ,1,1,1, , , , , , , ,1, , ,1,1,1,1, , , , , , ,1, ,1, , ,1,1, , , , ,1,1,1, ,1, ,1,1, ,1,1,1,1,1, ,1,1,1,1,1,1,1, ,1,1,1,1,1,1,1,1,1,1, , , , , ,1, , ,1,1,1, ,1,1, ,1,1, ,1, , , , , , ,1, ,1,1,1, , , , , ,1, 
"2019-08-27 23:59:59","2019-08-28 00:00:00",1.0,3.50729640407E-07, ,1, , ,1,1,1, , , , , , , ,1, , ,1,1,1,1, , , , , , ,1, , , , ,1,1, , , , ,1,1,1, ,1, ,1,1, ,1,1,1,1,1, ,1,1,1,1,1,1,1, ,1,1,1,1,1,1,1,1,1,1, , , , , ,1, , ,1,1,1, ,1,1, ,1,1, ,1, , , , , , ,1, ,1,1,1, , , , , ,1, 
"2019-08-28 00:00:00","2019-08-28 12:36:41",45401.0,0.0159234764041, ,1, , ,1,1,1, , , , , , , ,1, , ,1,1,1,1, , , , , , ,1, , ,1, ,1,1, , , , ,1,1,1, ,1, ,1,1, ,1,1,1,1,1, ,1,1,1,1,1,1,1, ,1,1,1,1,1,1,1,1,1,1, , , , , ,1, , ,1,1,1, ,1,1, ,1,1, ,1, , , , , , ,1, ,1,1,1, , , , , ,1, 
"2019-08-28 12:36:41","2019-08-28 12:39:41",180.0,6.31313352733E-05, ,1, ,180,1,1,1, , , , , , , ,1, , ,1,1,1,1, , , , , , ,1, , ,1, ,1,1, , , , ,1,1,1, ,1, ,1,1, ,1,1,1,1,1, ,1,1,1,1,1,1,1, ,1,1,1,1,1,1,1,1,1,1, , , , , ,1, , ,1,1,1, ,1,1, ,1,1, ,1, , , , , , ,1, ,1,1,1, , , , , ,1, 
"2019-08-28 12:39:41","2019-08-28 23:34:41",39300.0,0.013783674868, ,1, , ,1,1,1, , , , , , , ,1, , ,1,1,1,1, , , , , , ,1, , ,1, ,1,1, , , , ,1,1,1, ,1, ,1,1, ,1,1,1,1,1, ,1,1,1,1,1,1,1, ,1,1,1,1,1,1,1,1,1,1, , , , , ,1, , ,1,1,1, ,1,1, ,1,1, ,1, , , , , , ,1, ,1,1,1, , , , , ,1, 
"2019-08-28 23:34:41","2019-08-28 23:38:08",207.0,7.26010355643E-05, ,1, ,207,1,1,1, , , , , , , ,1, , ,1,1,1,1, , , , , , ,1, , ,1, ,1,1, , , , ,1,1,1, ,1, ,1,1, ,1,1,1,1,1, ,1,1,1,1,1,1,1, ,1,1,1,1,1,1,1,1,1,1, , , , , ,1, , ,1,1,1, ,1,1, ,1,1, ,1, , , , , , ,1, ,1,1,1, , , , , ,1, 
"2019-08-28 23:38:08","2019-08-28 23:43:41",333.0,0.000116792970256, ,1, , ,1,1,1, , , , , , , ,1, , ,1,1,1,1, , , , , , ,1, , ,1, ,1,1, , , , ,1,1,1, ,1, ,1,1, ,1,1,1,1,1, ,1,1,1,1,1,1,1, ,1,1,1,1,1,1,1,1,1,1, , , , , ,1, , ,1,1,1, ,1,1, ,1,1, ,1, , , , , , ,1, ,1,1,1, , , , , ,1, 
"2019-08-28 23:43:41","2019-08-28 23:46:38",177.0,6.20791463521E-05, ,1, ,177,1,1,1, , , , , , , ,1, , ,1,1,1,1, , , , , , ,1, , ,1, ,1,1, , , , ,1,1,1, ,1, ,1,1, ,1,1,1,1,1, ,1,1,1,1,1,1,1, ,1,1,1,1,1,1,1,1,1,1, , , , , ,1, , ,1,1,1, ,1,1, ,1,1, ,1, , , , , , ,1, ,1,1,1, , , , , ,1, 
"2019-08-28 23:46:38","2019-08-28 23:59:59",801.0,0.000280934441966, ,1, , ,1,1,1, , , , , , , ,1, , ,1,1,1,1, , , , , , ,1, , ,1, ,1,1, , , , ,1,1,1, ,1, ,1,1, ,1,1,1,1,1, ,1,1,1,1,1,1,1, ,1,1,1,1,1,1,1,1,1,1, , , , , ,1, , ,1,1,1, ,1,1, ,1,1, ,1, , , , , , ,1, ,1,1,1, , , , , ,1, 
"2019-08-28 23:59:59","2019-08-29 00:00:00",1.0,3.50729640407E-07, ,1, , ,1,1,1, , , , , , , ,1, , ,1,1,1,1, , , , , , ,1, , , , ,1,1, , , , ,1,1,1, ,1, ,1,1, ,1,1,1,1,1, ,1,1,1,1,1,1,1, ,1,1,1,1,1,1,1,1,1,1, , , , , ,1, , ,1,1,1, ,1,1, ,1,1, ,1, , , , , , ,1, ,1,1,1, , , , , ,1, 
"2019-08-29 00:00:00","2019-08-29 23:59:59",86399.0,0.0303026902016, ,1, , ,1,1,1, , , , , , , ,1, , ,1,1,1,1, , , , , , ,1, , , ,1,1,1, , , , ,1,1,1, ,1, ,1,1, ,1,1,1,1,1, ,1,1,1,1,1,1,1, ,1,1,1,1,1,1,1,1,1,1, , , , , ,1, , ,1,1,1, ,1,1, ,1,1, ,1, , , , , , ,1, ,1,1,1, , , , , ,1, 
"2019-08-29 23:59:59","2019-08-30 00:00:00",1.0,3.50729640407E-07, ,1, , ,1,1,1, , , , , , , ,1, , ,1,1,1,1, , , , , , ,1, , , , ,1,1, , , , ,1,1,1, ,1, ,1,1, ,1,1,1,1,1, ,1,1,1,1,1,1,1, ,1,1,1,1,1,1,1,1,1,1, , , , , ,1, , ,1,1,1, ,1,1, ,1,1, ,1, , , , , , ,1, ,1,1,1, , , , , ,1, 
"2019-08-30 00:00:00","2019-08-30 23:59:59",86399.0,0.0303026902016, ,1, , ,1,1,1, , , , , , , ,1, , ,1,1,1,1, , , , , , ,1, , , , ,1,1, , ,1, ,1,1,1, ,1, ,1,1, ,1,1,1,1,1, ,1,1,1,1,1,1,1, ,1,1,1,1,1,1,1,1,1,1, , , , , ,1, , ,1,1,1, ,1,1, ,1,1, ,1, , , , , , ,1, ,1,1,1, , , , , ,1, 
"2019-08-30 23:59:59","2019-08-31 00:00:00",1.0,3.50729640407E-07, ,1, , ,1,1,1, , , , , , , ,1, , ,1,1,1,1, , , , , , ,1, , , , ,1,1, , , , ,1,1,1, ,1, ,1,1, ,1,1,1,1,1, ,1,1,1,1,1,1,1, ,1,1,1,1,1,1,1,1,1,1, , , , , ,1, , ,1,1,1, ,1,1, ,1,1, ,1, , , , , , ,1, ,1,1,1, , , , , ,1, 
"2019-08-31 00:00:00","2019-08-31 23:59:00",86340.0,0.0302819971528, ,1, , ,1,1,1, , , , , , , ,1, , ,1,1,1,1, , , , , , ,1, , , , ,1,1, ,1, , ,1,1,1, ,1, ,1,1, ,1,1,1,1,1, ,1,1,1,1,1,1,1, ,1,1,1,1,1,1,1,1,1,1, , , , , ,1, , ,1,1,1, ,1,1, ,1,1, ,1, , , , , , ,1, ,1,1,1, , , , , ,1, 
"2019-08-31 23:59:00","2019-08-31 23:59:59",59.0,2.0693048784E-05, ,1, , ,1,1, , , , , , , , ,1, , , , , ,1, , , , , , , , , , , ,1,1, ,1, , ,1,1,1, ,1, ,1,1, ,1,1,1,1, , , , , ,1, , ,1, ,1,1,1, ,1,1,1,1,1, , , , , , , , , , ,1,1, ,1,1, ,1,1, ,1, , , , , , ,1, ,1,1,1, , , , , ,1, 
"2019-08-31 23:59:59","2019-09-01 00:00:00",1.0,3.50729640407E-07, ,1, , ,1,1, , , , , , , , ,1, , , , , ,1, , , , , , , , , , , ,1,1, , , , ,1,1, , ,1, ,1,1, ,1,1,1,1, , , , , ,1, , ,1, ,1,1,1, ,1,1,1,1,1, , , , , , , , , , ,1,1, ,1,1, ,1,1, ,1, , , , , , ,1, ,1,1,1, , , , , ,1, 
"2019-09-01 00:00:00","2019-09-01 23:59:59",86399.0,0.0303026902016, ,1, , ,1,1, , , , , , , , ,1, , , , , ,1, , , , , , , , , , , ,1,1, , , , ,1,1, ,1,1, ,1,1, ,1,1,1,1, , , , , ,1, , ,1, ,1,1,1, ,1,1,1,1,1, , , , , , , , , , ,1,1, ,1,1, ,1,1, ,1, , , , , , ,1, ,1,1,1,1, , , , ,1, 
