time_ini,time_end,duration_seg,duration_percent,ref_2019_04_02,ref_2019_04_03,ref_2019_04_01,ref_2019_04_06,ref_2019_04_07,ref_2019_04_04,ref_2019_04_05,ref_2019_04_08,ref_2019_04_09,OMCCL_SColTempo_0001_delta_tempo,OMCCL_SColTempo_0004_delta_tempo,localidade_id_MSRPATJ_2287,OMCCL_nOK_0004,localidade_id_MSRPATJ_2289,ref_Periodo,RPFDIxRPMPX_ativado,OMMNO_nOK_0001,OMCCLxRPATJ_ativado,chamados_MSRPJRD,ref_2019_03_31,OMGUA_SColTempo_0001_delta_tempo,RPPPR_SColTempo_0004_delta_tempo,localidade_id_MSRPPPR_2300,RPAMB_nOK_0003,ref_2019_04_11,ref_2019_04_10,ref_2019_04_13,ref_2019_04_12,ref_2019_04_15,ref_2019_04_14,chamados_MSRPATJ,ref_2019_04_16,ref_2019_04_19,ref_2019_04_18,chamados_MSRPMMA,RPMRDxRPFGR_ativado,localidade_id_MSRPPPR_2289,RPMMA_SColTempo_0003_delta_tempo,OMBLV_SColTempo_0001_delta_tempo,RPAMBxRPTCU_ativado,localidade_id_MSOMCCL_2289,RPJRD_nOK_0002,RPJRD_SColTempo_0002_delta_tempo,chamados_MSRPPPR,RPAMB_SColTempo_0002_delta_tempo,RPNASxRPRBR_ativado,RPPPR_nOK_0002,RPPPR_nOK_0003,RPPPR_nOK_0004,RPJRD_SColTempo_0001_delta_tempo,OMBLV_SColTempo_0002_delta_tempo,OMJRDxRPJRD_ativado,ref_2019_04,ref_2019_05,OMCGRxRPCGR_ativado,ref_2019_03,RPPPRxOMCCL_ativado,RPATJ_SColTempo_0002_delta_tempo,RPDOUxOMDOU_ativado,RPMMAxOMCARC_ativado,RPMPXxRPMRD_ativado,RPTRNxRPFDI_ativado,Chamados_Desconto,RPAMB_SColTempo_0001_delta_tempo,localidade_id_MSRPJRD_2289,ref_2019_04_28,ref_2019_04_29,RPAMOxRPAMB_ativado,ref_2019_04_24,ref_2019_04_25,ref_2019_04_26,chamados_MSOMBLV,ref_2019_04_20,ref_2019_04_21,ref_2019_04_22,ref_2019_04_23,chamados_MSOMCCL,RPTCUxOMIGT_ativado,RPPPRxOMPPR_ativado,OMMNOxOMGUA_ativado,RPNAS1xRPNAS_ativado,RPRBRxRPDOU_ativado,OMCGRxOMRCB_ativado,ref_2019_05_01,RPCGRxRPNAS1_ativado,RPMMA_SColTempo_0002_delta_tempo,OMCARC_SColTempo_0003_delta_tempo,RPNVLxRPBND_ativado,RPNOQxOMNOQ_ativado,ref_2019_04_30,RPMMA_nOK_0001,OMBLV_nOK_0002,RPMMA_SColTempo_0001_delta_tempo,localidade_id_MSRPMMA_2289,RPAMB_SColTempo_0003_delta_tempo,RPAMO1_nOK_0001,ref_2019_04_17,RPATJ_SColTempo_0001_delta_tempo,OMDOUxRPPPR_ativado,RPAMBxOMAMB_ativado,OMPPR_SColTempo_0002_delta_tempo,OMIGTxOMMNO_ativado,RPMPX_nOK_0002,OMCGRxRPNVL_ativado,RPMMAxOMBLV_ativado,RPNVLxRPTRN_ativado,RPMRDxOMAQD_ativado,localidade_id_MSRPATJ_2294,localidade_id_MSRPATJ_2296,localidade_id_MSRPATJ_2297,RPMPXxRPSPE_ativado,RPJRDxRPMMA_ativado,ref_2019_04_27,localidade_id_MSOMBLV_2289,RPNOQxOMJRD_ativado,RPPPRxRPAMO1_ativado,RPAMO1xRPAMO_ativado,RPATJxOMBLV_ativado,RPATJ_nOK_0001,RPSPExRPNOQ_ativado,OMNOQ_SColTempo_0003_delta_tempo
"2019-03-31 00:00:00","2019-03-31 02:44:06",9846.0,0.00356119920472, , , , , , , , , , , , , , ,1,1, ,1, ,1, , , , , , , , , , , , , , , ,1, , , ,1, , , , , ,1, , , , , ,1, , ,1,1,1, ,1,1,1,1, , , , , ,1, , , , , , , , , ,1,1,1,1,1,1, ,1, , ,1,1, , , , , , , , , ,1,1, ,1, ,1,1,1,1, , , ,1,1, , ,1,1,1,1, ,1, 
"2019-03-31 02:44:06","2019-03-31 02:47:05",179.0,6.47425002686E-05, , , , , , , , , , ,179, , , ,1,1, ,1, ,1, , , , , , , , , , , , , , , ,1, , , ,1, , , , , ,1, , , , , ,1, , ,1,1,1, ,1,1,1,1, , , , , ,1, , , , , , , , , ,1,1,1,1,1,1, ,1, , ,1,1, , , , , , , , , ,1,1, ,1, ,1,1,1,1, , , ,1,1, , ,1,1,1,1, ,1, 
"2019-03-31 02:47:05","2019-03-31 23:59:59",76374.0,0.0276237079079, , , , , , , , , , , , , , ,1,1, ,1, ,1, , , , , , , , , , , , , , , ,1, , , ,1, , , , , ,1, , , , , ,1, , ,1,1,1, ,1,1,1,1, , , , , ,1, , , , , , , , , ,1,1,1,1,1,1, ,1, , ,1,1, , , , , , , , , ,1,1, ,1, ,1,1,1,1, , , ,1,1, , ,1,1,1,1, ,1, 
"2019-03-31 23:59:59","2019-04-01 00:00:00",1.0,3.61689945634E-07, , , , , , , , , , , , , , ,1,1, ,1, , , , , , , , , , , , , , , , , ,1, , , ,1, , , , , ,1, , , , , ,1, , ,1, ,1, ,1,1,1,1, , , , , ,1, , , , , , , , , ,1,1,1,1,1,1, ,1, , ,1,1, , , , , , , , , ,1,1, ,1, ,1,1,1,1, , , ,1,1, , ,1,1,1,1, ,1, 
"2019-04-01 00:00:00","2019-04-01 01:01:54",3714.0,0.00134331645809, , ,1, , , , , , , , , , , ,1,1, ,1, , , , , , , , , , , , , , , , , ,1, , , ,1, , , , , ,1, , , , , ,1,1, ,1, ,1, ,1,1,1,1, , , , , ,1, , , , , , , , , ,1,1,1,1,1,1, ,1, , ,1,1, , , , , , , , , ,1,1, ,1, ,1,1,1,1, , , ,1,1, , ,1,1,1,1, ,1, 
"2019-04-01 01:01:54","2019-04-01 01:02:54",60.0,2.17013967381E-05, , ,1, , , , , , , , , , , ,1,1, ,1, , , , , ,1, , , , , , , , , , , ,1, , , ,1, , , , , ,1, , , , , ,1,1, ,1, ,1, ,1,1,1,1, , , , , ,1, , , , , , , , , ,1,1,1,1,1,1, ,1, , ,1,1, , , , , , , , , ,1,1, ,1, ,1,1,1,1, , , ,1,1, , ,1,1,1,1, ,1, 
"2019-04-01 01:02:54","2019-04-01 02:24:54",4920.0,0.00177951453252, , ,1, , , , , , , , , , , ,1,1, ,1, , , , , , , , , , , , , , , , , ,1, , , ,1, , , , , ,1, , , , , ,1,1, ,1, ,1, ,1,1,1,1, , , , , ,1, , , , , , , , , ,1,1,1,1,1,1, ,1, , ,1,1, , , , , , , , , ,1,1, ,1, ,1,1,1,1, , , ,1,1, , ,1,1,1,1, ,1, 
"2019-04-01 02:24:54","2019-04-01 02:25:54",60.0,2.17013967381E-05, , ,1, , , , , , , , , , , ,1,1, ,1, , , , , ,1, , , , , , , , , , , ,1, , , ,1, , , , , ,1, , , , , ,1,1, ,1, ,1, ,1,1,1,1, , , , , ,1, , , , , , , , , ,1,1,1,1,1,1, ,1, , ,1,1, , , , , , , , , ,1,1, ,1, ,1,1,1,1, , , ,1,1, , ,1,1,1,1, ,1, 
"2019-04-01 02:25:54","2019-04-01 02:48:54",1380.0,0.000499132124975, , ,1, , , , , , , , , , , ,1,1, ,1, , , , , , , , , , , , , , , , , ,1, , , ,1, , , , , ,1, , , , , ,1,1, ,1, ,1, ,1,1,1,1, , , , , ,1, , , , , , , , , ,1,1,1,1,1,1, ,1, , ,1,1, , , , , , , , , ,1,1, ,1, ,1,1,1,1, , , ,1,1, , ,1,1,1,1, ,1, 
"2019-04-01 02:48:54","2019-04-01 02:49:54",60.0,2.17013967381E-05, , ,1, , , , , , , , , , , ,1,1, ,1, , , , , ,1, , , , , , , , , , , ,1, , , ,1, , , , , ,1, , , , , ,1,1, ,1, ,1, ,1,1,1,1, , , , , ,1, , , , , , , , , ,1,1,1,1,1,1, ,1, , ,1,1, , , , , , , , , ,1,1, ,1, ,1,1,1,1, , , ,1,1, , ,1,1,1,1, ,1, 
"2019-04-01 02:49:54","2019-04-01 02:50:54",60.0,2.17013967381E-05, , ,1, , , , , , , , , , , ,1,1, ,1, , , , , , , , , , , , , , , , , ,1, , , ,1, , , , , ,1, , , , , ,1,1, ,1, ,1, ,1,1,1,1, , , , , ,1, , , , , , , , , ,1,1,1,1,1,1, ,1, , ,1,1, , , , , , , , , ,1,1, ,1, ,1,1,1,1, , , ,1,1, , ,1,1,1,1, ,1, 
"2019-04-01 02:50:54","2019-04-01 02:51:54",60.0,2.17013967381E-05, , ,1, , , , , , , , , , , ,1,1, ,1, , , , , ,1, , , , , , , , , , , ,1, , , ,1, , , , , ,1, , , , , ,1,1, ,1, ,1, ,1,1,1,1, , , , , ,1, , , , , , , , , ,1,1,1,1,1,1, ,1, , ,1,1, , , , , , , , , ,1,1, ,1, ,1,1,1,1, , , ,1,1, , ,1,1,1,1, ,1, 
"2019-04-01 02:51:54","2019-04-01 02:54:54",180.0,6.51041902142E-05, , ,1, , , , , , , , , , , ,1,1, ,1, , , , , , , , , , , , , , , , , ,1, , , ,1, , , , , ,1, , , , , ,1,1, ,1, ,1, ,1,1,1,1, , , , , ,1, , , , , , , , , ,1,1,1,1,1,1, ,1, , ,1,1, , , , , , , , , ,1,1, ,1, ,1,1,1,1, , , ,1,1, , ,1,1,1,1, ,1, 
"2019-04-01 02:54:54","2019-04-01 02:55:54",60.0,2.17013967381E-05, , ,1, , , , , , , , , , , ,1,1, ,1, , , , , ,1, , , , , , , , , , , ,1, , , ,1, , , , , ,1, , , , , ,1,1, ,1, ,1, ,1,1,1,1, , , , , ,1, , , , , , , , , ,1,1,1,1,1,1, ,1, , ,1,1, , , , , , , , , ,1,1, ,1, ,1,1,1,1, , , ,1,1, , ,1,1,1,1, ,1, 
"2019-04-01 02:55:54","2019-04-01 03:32:54",2220.0,0.000802951679308, , ,1, , , , , , , , , , , ,1,1, ,1, , , , , , , , , , , , , , , , , ,1, , , ,1, , , , , ,1, , , , , ,1,1, ,1, ,1, ,1,1,1,1, , , , , ,1, , , , , , , , , ,1,1,1,1,1,1, ,1, , ,1,1, , , , , , , , , ,1,1, ,1, ,1,1,1,1, , , ,1,1, , ,1,1,1,1, ,1, 
"2019-04-01 03:32:54","2019-04-01 03:33:54",60.0,2.17013967381E-05, , ,1, , , , , , , , , , , ,1,1, ,1, , , , , ,1, , , , , , , , , , , ,1, , , ,1, , , , , ,1, , , , , ,1,1, ,1, ,1, ,1,1,1,1, , , , , ,1, , , , , , , , , ,1,1,1,1,1,1, ,1, , ,1,1, , , , , , , , , ,1,1, ,1, ,1,1,1,1, , , ,1,1, , ,1,1,1,1, ,1, 
"2019-04-01 03:33:54","2019-04-01 03:34:54",60.0,2.17013967381E-05, , ,1, , , , , , , , , , , ,1,1, ,1, , , , , , , , , , , , , , , , , ,1, , , ,1, , , , , ,1, , , , , ,1,1, ,1, ,1, ,1,1,1,1, , , , , ,1, , , , , , , , , ,1,1,1,1,1,1, ,1, , ,1,1, , , , , , , , , ,1,1, ,1, ,1,1,1,1, , , ,1,1, , ,1,1,1,1, ,1, 
"2019-04-01 03:34:54","2019-04-01 03:35:54",60.0,2.17013967381E-05, , ,1, , , , , , , , , , , ,1,1, ,1, , , , , ,1, , , , , , , , , , , ,1, , , ,1, , , , , ,1, , , , , ,1,1, ,1, ,1, ,1,1,1,1, , , , , ,1, , , , , , , , , ,1,1,1,1,1,1, ,1, , ,1,1, , , , , , , , , ,1,1, ,1, ,1,1,1,1, , , ,1,1, , ,1,1,1,1, ,1, 
"2019-04-01 03:35:54","2019-04-01 03:40:54",300.0,0.00010850698369, , ,1, , , , , , , , , , , ,1,1, ,1, , , , , , , , , , , , , , , , , ,1, , , ,1, , , , , ,1, , , , , ,1,1, ,1, ,1, ,1,1,1,1, , , , , ,1, , , , , , , , , ,1,1,1,1,1,1, ,1, , ,1,1, , , , , , , , , ,1,1, ,1, ,1,1,1,1, , , ,1,1, , ,1,1,1,1, ,1, 
"2019-04-01 03:40:54","2019-04-01 03:41:54",60.0,2.17013967381E-05, , ,1, , , , , , , , , , , ,1,1, ,1, , , , , ,1, , , , , , , , , , , ,1, , , ,1, , , , , ,1, , , , , ,1,1, ,1, ,1, ,1,1,1,1, , , , , ,1, , , , , , , , , ,1,1,1,1,1,1, ,1, , ,1,1, , , , , , , , , ,1,1, ,1, ,1,1,1,1, , , ,1,1, , ,1,1,1,1, ,1, 
"2019-04-01 03:41:54","2019-04-01 03:45:54",240.0,8.68055869523E-05, , ,1, , , , , , , , , , , ,1,1, ,1, , , , , , , , , , , , , , , , , ,1, , , ,1, , , , , ,1, , , , , ,1,1, ,1, ,1, ,1,1,1,1, , , , , ,1, , , , , , , , , ,1,1,1,1,1,1, ,1, , ,1,1, , , , , , , , , ,1,1, ,1, ,1,1,1,1, , , ,1,1, , ,1,1,1,1, ,1, 
"2019-04-01 03:45:54","2019-04-01 03:46:54",60.0,2.17013967381E-05, , ,1, , , , , , , , , , , ,1,1, ,1, , , , , ,1, , , , , , , , , , , ,1, , , ,1, , , , , ,1, , , , , ,1,1, ,1, ,1, ,1,1,1,1, , , , , ,1, , , , , , , , , ,1,1,1,1,1,1, ,1, , ,1,1, , , , , , , , , ,1,1, ,1, ,1,1,1,1, , , ,1,1, , ,1,1,1,1, ,1, 
"2019-04-01 03:46:54","2019-04-01 03:49:54",180.0,6.51041902142E-05, , ,1, , , , , , , , , , , ,1,1, ,1, , , , , , , , , , , , , , , , , ,1, , , ,1, , , , , ,1, , , , , ,1,1, ,1, ,1, ,1,1,1,1, , , , , ,1, , , , , , , , , ,1,1,1,1,1,1, ,1, , ,1,1, , , , , , , , , ,1,1, ,1, ,1,1,1,1, , , ,1,1, , ,1,1,1,1, ,1, 
"2019-04-01 03:49:54","2019-04-01 03:51:54",120.0,4.34027934761E-05, , ,1, , , , , , , , , , , ,1,1, ,1, , , , , ,1, , , , , , , , , , , ,1, , , ,1, , , , , ,1, , , , , ,1,1, ,1, ,1, ,1,1,1,1, , , , , ,1, , , , , , , , , ,1,1,1,1,1,1, ,1, , ,1,1, , , , , , , , , ,1,1, ,1, ,1,1,1,1, , , ,1,1, , ,1,1,1,1, ,1, 
"2019-04-01 03:51:54","2019-04-01 04:16:54",1500.0,0.000542534918452, , ,1, , , , , , , , , , , ,1,1, ,1, , , , , , , , , , , , , , , , , ,1, , , ,1, , , , , ,1, , , , , ,1,1, ,1, ,1, ,1,1,1,1, , , , , ,1, , , , , , , , , ,1,1,1,1,1,1, ,1, , ,1,1, , , , , , , , , ,1,1, ,1, ,1,1,1,1, , , ,1,1, , ,1,1,1,1, ,1, 
"2019-04-01 04:16:54","2019-04-01 04:19:54",180.0,6.51041902142E-05, , ,1, , , , , , , , , , , ,1,1, ,1, , , , , ,1, , , , , , , , , , , ,1, , , ,1, , , , , ,1, , , , , ,1,1, ,1, ,1, ,1,1,1,1, , , , , ,1, , , , , , , , , ,1,1,1,1,1,1, ,1, , ,1,1, , , , , , , , , ,1,1, ,1, ,1,1,1,1, , , ,1,1, , ,1,1,1,1, ,1, 
"2019-04-01 04:19:54","2019-04-01 04:22:54",180.0,6.51041902142E-05, , ,1, , , , , , , , , , , ,1,1, ,1, , , , , , , , , , , , , , , , , ,1, , , ,1, , , , , ,1, , , , , ,1,1, ,1, ,1, ,1,1,1,1, , , , , ,1, , , , , , , , , ,1,1,1,1,1,1, ,1, , ,1,1, , , , , , , , , ,1,1, ,1, ,1,1,1,1, , , ,1,1, , ,1,1,1,1, ,1, 
"2019-04-01 04:22:54","2019-04-01 04:27:54",300.0,0.00010850698369, , ,1, , , , , , , , , , , ,1,1, ,1, , , , , ,1, , , , , , , , , , , ,1, , , ,1, , , , , ,1, , , , , ,1,1, ,1, ,1, ,1,1,1,1, , , , , ,1, , , , , , , , , ,1,1,1,1,1,1, ,1, , ,1,1, , , , , , , , , ,1,1, ,1, ,1,1,1,1, , , ,1,1, , ,1,1,1,1, ,1, 
"2019-04-01 04:27:54","2019-04-01 04:33:54",360.0,0.000130208380428, , ,1, , , , , , , , , , , ,1,1, ,1, , , , , , , , , , , , , , , , , ,1, , , ,1, , , , , ,1, , , , , ,1,1, ,1, ,1, ,1,1,1,1, , , , , ,1, , , , , , , , , ,1,1,1,1,1,1, ,1, , ,1,1, , , , , , , , , ,1,1, ,1, ,1,1,1,1, , , ,1,1, , ,1,1,1,1, ,1, 
"2019-04-01 04:33:54","2019-04-01 04:39:54",360.0,0.000130208380428, , ,1, , , , , , , , , , , ,1,1, ,1, , , , , ,1, , , , , , , , , , , ,1, , , ,1, , , , , ,1, , , , , ,1,1, ,1, ,1, ,1,1,1,1, , , , , ,1, , , , , , , , , ,1,1,1,1,1,1, ,1, , ,1,1, , , , , , , , , ,1,1, ,1, ,1,1,1,1, , , ,1,1, , ,1,1,1,1, ,1, 
"2019-04-01 04:39:54","2019-04-01 04:41:54",120.0,4.34027934761E-05, , ,1, , , , , , , , , , , ,1,1, ,1, , , , , , , , , , , , , , , , , ,1, , , ,1, , , , , ,1, , , , , ,1,1, ,1, ,1, ,1,1,1,1, , , , , ,1, , , , , , , , , ,1,1,1,1,1,1, ,1, , ,1,1, , , , , , , , , ,1,1, ,1, ,1,1,1,1, , , ,1,1, , ,1,1,1,1, ,1, 
"2019-04-01 04:41:54","2019-04-01 04:42:54",60.0,2.17013967381E-05, , ,1, , , , , , , , , , , ,1,1, ,1, , , , , ,1, , , , , , , , , , , ,1, , , ,1, , , , , ,1, , , , , ,1,1, ,1, ,1, ,1,1,1,1, , , , , ,1, , , , , , , , , ,1,1,1,1,1,1, ,1, , ,1,1, , , , , , , , , ,1,1, ,1, ,1,1,1,1, , , ,1,1, , ,1,1,1,1, ,1, 
"2019-04-01 04:42:54","2019-04-01 04:46:54",240.0,8.68055869523E-05, , ,1, , , , , , , , , , , ,1,1, ,1, , , , , , , , , , , , , , , , , ,1, , , ,1, , , , , ,1, , , , , ,1,1, ,1, ,1, ,1,1,1,1, , , , , ,1, , , , , , , , , ,1,1,1,1,1,1, ,1, , ,1,1, , , , , , , , , ,1,1, ,1, ,1,1,1,1, , , ,1,1, , ,1,1,1,1, ,1, 
"2019-04-01 04:46:54","2019-04-01 04:53:54",420.0,0.000151909777166, , ,1, , , , , , , , , , , ,1,1, ,1, , , , , ,1, , , , , , , , , , , ,1, , , ,1, , , , , ,1, , , , , ,1,1, ,1, ,1, ,1,1,1,1, , , , , ,1, , , , , , , , , ,1,1,1,1,1,1, ,1, , ,1,1, , , , , , , , , ,1,1, ,1, ,1,1,1,1, , , ,1,1, , ,1,1,1,1, ,1, 
"2019-04-01 04:53:54","2019-04-01 05:02:54",540.0,0.000195312570643, , ,1, , , , , , , , , , , ,1,1, ,1, , , , , , , , , , , , , , , , , ,1, , , ,1, , , , , ,1, , , , , ,1,1, ,1, ,1, ,1,1,1,1, , , , , ,1, , , , , , , , , ,1,1,1,1,1,1, ,1, , ,1,1, , , , , , , , , ,1,1, ,1, ,1,1,1,1, , , ,1,1, , ,1,1,1,1, ,1, 
"2019-04-01 05:02:54","2019-04-01 05:03:54",60.0,2.17013967381E-05, , ,1, , , , , , , , , , , ,1,1, ,1, , , , , ,1, , , , , , , , , , , ,1, , , ,1, , , , , ,1, , , , , ,1,1, ,1, ,1, ,1,1,1,1, , , , , ,1, , , , , , , , , ,1,1,1,1,1,1, ,1, , ,1,1, , , , , , , , , ,1,1, ,1, ,1,1,1,1, , , ,1,1, , ,1,1,1,1, ,1, 
"2019-04-01 05:03:54","2019-04-01 05:07:54",240.0,8.68055869523E-05, , ,1, , , , , , , , , , , ,1,1, ,1, , , , , , , , , , , , , , , , , ,1, , , ,1, , , , , ,1, , , , , ,1,1, ,1, ,1, ,1,1,1,1, , , , , ,1, , , , , , , , , ,1,1,1,1,1,1, ,1, , ,1,1, , , , , , , , , ,1,1, ,1, ,1,1,1,1, , , ,1,1, , ,1,1,1,1, ,1, 
"2019-04-01 05:07:54","2019-04-01 05:09:54",120.0,4.34027934761E-05, , ,1, , , , , , , , , , , ,1,1, ,1, , , , , ,1, , , , , , , , , , , ,1, , , ,1, , , , , ,1, , , , , ,1,1, ,1, ,1, ,1,1,1,1, , , , , ,1, , , , , , , , , ,1,1,1,1,1,1, ,1, , ,1,1, , , , , , , , , ,1,1, ,1, ,1,1,1,1, , , ,1,1, , ,1,1,1,1, ,1, 
"2019-04-01 05:09:54","2019-04-01 05:13:05",191.0,6.90827796162E-05, , ,1, , , , , , , , , , , ,1,1, ,1, , , , , , , , , , , , , , , , , ,1, , , ,1, , , , , ,1, , , , , ,1,1, ,1, ,1, ,1,1,1,1, , , , , ,1, , , , , , , , , ,1,1,1,1,1,1, ,1, , ,1,1, , , , , , , , , ,1,1, ,1, ,1,1,1,1, , , ,1,1, , ,1,1,1,1, ,1, 
"2019-04-01 05:13:05","2019-04-01 05:17:35",270.0,9.76562853213E-05, , ,1, , , , , , , ,270, , , ,1,1, ,1, , , , , , , , , , , , , , , , , ,1, , , ,1,1, , , , ,1, , , , , ,1,1, ,1, ,1, ,1,1,1,1,1, , , , ,1, , , , , , , , ,1,1,1,1,1,1,1, ,1, , ,1,1, , , , , , , , , ,1,1, ,1, ,1,1,1,1, , , ,1,1, , ,1,1,1,1, ,1, 
"2019-04-01 05:17:35","2019-04-01 05:30:22",767.0,0.000277416188302, , ,1, , , , , , , , , , , ,1,1, ,1, , , , , , , , , , , , , , , , , ,1, , , ,1,1, , , , ,1, , , , , ,1,1, ,1, ,1, ,1,1,1,1,1, , , , ,1, , , , , , , , ,1,1,1,1,1,1,1, ,1, , ,1,1, , , , , , , , , ,1,1, ,1, ,1,1,1,1, , , ,1,1, , ,1,1,1,1, ,1, 
"2019-04-01 05:30:22","2019-04-01 05:30:23",1.0,3.61689945634E-07, , ,1, , , , , , , , , , , ,1,1, ,1, , , , , , , , , , , , , , , , , ,1, , , ,1,1, , , , ,1, , , , , ,1,1, ,1, ,1, ,1,1,1,1,1,150, , , ,1, , , , , , , , ,1,1,1,1,1,1,1, ,1, , ,1,1, , , , , , , , , ,1,1, ,1, ,1,1,1,1, , , ,1,1, , ,1,1,1,1, ,1, 
"2019-04-01 05:30:23","2019-04-01 05:30:24",1.0,3.61689945634E-07, , ,1, , , , , , , , , , , ,1,1, ,1, , , , , , , , , , , , , , , , , ,1, , , ,1,1, , , ,150,1, , , , , ,1,1, ,1, ,1, ,1,1,1,1,1,150, , , ,1, , , , , , , , ,1,1,1,1,1,1,1, ,1, , ,1,1, , , , , , , , , ,1,1, ,1, ,1,1,1,1, , , ,1,1, , ,1,1,1,1, ,1, 
"2019-04-01 05:30:24","2019-04-01 05:32:52",148.0,5.35301119539E-05, , ,1, , , , , , , , , , , ,1,1, ,1, , , , , ,1, , , , , , , , , , , ,1, , , ,1,1, , , ,150,1, , , , , ,1,1, ,1, ,1, ,1,1,1,1,1,150, , , ,1, , , , , , , , ,1,1,1,1,1,1,1, ,1, , ,1,1, , , , , ,150, , , ,1,1, ,1, ,1,1,1,1, , , ,1,1, , ,1,1,1,1, ,1, 
"2019-04-01 05:32:52","2019-04-01 05:32:53",1.0,3.61689945634E-07, , ,1, , , , , , , , , , , ,1,1, ,1, , , , , ,1, , , , , , , , , , , ,1, , , ,1,1, , , ,150,1, , , , , ,1,1, ,1, ,1, ,1,1,1,1,1, , , , ,1, , , , , , , , ,1,1,1,1,1,1,1, ,1, , ,1,1, , , , , ,150, , , ,1,1, ,1, ,1,1,1,1, , , ,1,1, , ,1,1,1,1, ,1, 
"2019-04-01 05:32:53","2019-04-01 05:32:54",1.0,3.61689945634E-07, , ,1, , , , , , , , , , , ,1,1, ,1, , , , , ,1, , , , , , , , , , , ,1, , , ,1,1, , , , ,1, , , , , ,1,1, ,1, ,1, ,1,1,1,1,1, , , , ,1, , , , , , , , ,1,1,1,1,1,1,1, ,1, , ,1,1, , , , , ,150, , , ,1,1, ,1, ,1,1,1,1, , , ,1,1, , ,1,1,1,1, ,1, 
"2019-04-01 05:32:54","2019-04-01 05:37:05",251.0,9.07841763542E-05, , ,1, , , , , , , , , , , ,1,1, ,1, , , , , , , , , , , , , , , , , ,1, , , ,1,1, , , , ,1, , , , , ,1,1, ,1, ,1, ,1,1,1,1,1, , , , ,1, , , , , , , , ,1,1,1,1,1,1,1, ,1, , ,1,1, , , , , , , , , ,1,1, ,1, ,1,1,1,1, , , ,1,1, , ,1,1,1,1, ,1, 
"2019-04-01 05:37:05","2019-04-01 05:40:05",180.0,6.51041902142E-05, , ,1, , , , , , , ,180, , , ,1,1, ,1, , , , , , , , , , , , , , , , , ,1, , , ,1,1, , , , ,1, , , , , ,1,1, ,1, ,1, ,1,1,1,1,1, , , , ,1, , , , , , , , ,1,1,1,1,1,1,1, ,1, , ,1,1, , , , , , , , , ,1,1, ,1, ,1,1,1,1, , , ,1,1, , ,1,1,1,1, ,1, 
"2019-04-01 05:40:05","2019-04-01 17:15:05",41700.0,0.015082470733, , ,1, , , , , , , , , , , ,1,1, ,1, , , , , , , , , , , , , , , , , ,1, , , ,1,1, , , , ,1, , , , , ,1,1, ,1, ,1, ,1,1,1,1,1, , , , ,1, , , , , , , , ,1,1,1,1,1,1,1, ,1, , ,1,1, , , , , , , , , ,1,1, ,1, ,1,1,1,1, , , ,1,1, , ,1,1,1,1, ,1, 
"2019-04-01 17:15:05","2019-04-01 17:16:05",60.0,2.17013967381E-05, , ,1, , , , , , , , , , , ,1,1, ,1, , , , , , , , , , , , , , , , , ,1, , , ,1,1, , , , ,1, , , , , ,1,1, ,1, ,1, ,1,1,1,1,1, , , , ,1, , , , , , , , ,1,1,1,1,1,1,1, ,1, , ,1,1, , , , , , , , , ,1,1,180,1, ,1,1,1,1, , , ,1,1, , ,1,1,1,1, ,1, 
"2019-04-01 17:16:05","2019-04-01 17:18:04",119.0,4.30411035305E-05, , ,1, , , , , , , , , , , ,1,1, ,1, , , , , , , , , , , , , , , , , ,1, , , ,1,1, , , , ,1,1, , , , ,1,1, ,1, ,1, ,1,1,1,1,1, , , , ,1, , , , , , , , ,1,1,1,1,1,1,1, ,1, , ,1,1, , , , , , , , , ,1,1,180,1, ,1,1,1,1, , , ,1,1, , ,1,1,1,1, ,1, 
"2019-04-01 17:18:04","2019-04-01 17:18:05",1.0,3.61689945634E-07, , ,1, , , , , , , , , , , ,1,1, ,1, , , , , , , , , , , , , , , , , ,1, , , ,1,1, , , , ,1, , , , , ,1,1, ,1, ,1, ,1,1,1,1,1, , , , ,1, , , , , , , , ,1,1,1,1,1,1,1, ,1, , ,1,1, , , , , , , , , ,1,1,180,1, ,1,1,1,1, , , ,1,1, , ,1,1,1,1, ,1, 
"2019-04-01 17:18:05","2019-04-01 23:59:59",24114.0,0.00872179134903, , ,1, , , , , , , , , , , ,1,1, ,1, , , , , , , , , , , , , , , , , ,1, , , ,1,1, , , , ,1, , , , , ,1,1, ,1, ,1, ,1,1,1,1,1, , , , ,1, , , , , , , , ,1,1,1,1,1,1,1, ,1, , ,1,1, , , , , , , , , ,1,1, ,1, ,1,1,1,1, , , ,1,1, , ,1,1,1,1, ,1, 
"2019-04-01 23:59:59","2019-04-02 00:00:00",1.0,3.61689945634E-07, , , , , , , , , , , , , , ,1,1, ,1, , , , , , , , , , , , , , , , , ,1, , , ,1,1, , , , ,1, , , , , ,1,1, ,1, ,1, ,1,1,1,1,1, , , , ,1, , , , , , , , ,1,1,1,1,1,1,1, ,1, , ,1,1, , , , , , , , , ,1,1, ,1, ,1,1,1,1, , , ,1,1, , ,1,1,1,1, ,1, 
"2019-04-02 00:00:00","2019-04-02 23:59:59",86399.0,0.0312496496129,1, , , , , , , , , , , , , ,1,1, ,1, , , , , , , , , , , , , , , , , ,1, , , ,1,1, , , , ,1, , , , , ,1,1, ,1, ,1, ,1,1,1,1,1, , , , ,1, , , , , , , , ,1,1,1,1,1,1,1, ,1, , ,1,1, , , , , , , , , ,1,1, ,1, ,1,1,1,1, , , ,1,1, , ,1,1,1,1, ,1, 
"2019-04-02 23:59:59","2019-04-03 00:00:00",1.0,3.61689945634E-07, , , , , , , , , , , , , , ,1,1, ,1, , , , , , , , , , , , , , , , , ,1, , , ,1,1, , , , ,1, , , , , ,1,1, ,1, ,1, ,1,1,1,1,1, , , , ,1, , , , , , , , ,1,1,1,1,1,1,1, ,1, , ,1,1, , , , , , , , , ,1,1, ,1, ,1,1,1,1, , , ,1,1, , ,1,1,1,1, ,1, 
"2019-04-03 00:00:00","2019-04-03 23:59:59",86399.0,0.0312496496129, ,1, , , , , , , , , , , , ,1,1, ,1, , , , , , , , , , , , , , , , , ,1, , , ,1,1, , , , ,1, , , , , ,1,1, ,1, ,1, ,1,1,1,1,1, , , , ,1, , , , , , , , ,1,1,1,1,1,1,1, ,1, , ,1,1, , , , , , , , , ,1,1, ,1, ,1,1,1,1, , , ,1,1, , ,1,1,1,1, ,1, 
"2019-04-03 23:59:59","2019-04-04 00:00:00",1.0,3.61689945634E-07, , , , , , , , , , , , , , ,1,1, ,1, , , , , , , , , , , , , , , , , ,1, , , ,1,1, , , , ,1, , , , , ,1,1, ,1, ,1, ,1,1,1,1,1, , , , ,1, , , , , , , , ,1,1,1,1,1,1,1, ,1, , ,1,1, , , , , , , , , ,1,1, ,1, ,1,1,1,1, , , ,1,1, , ,1,1,1,1, ,1, 
"2019-04-04 00:00:00","2019-04-04 23:59:59",86399.0,0.0312496496129, , , , , ,1, , , , , , , , ,1,1, ,1, , , , , , , , , , , , , , , , , ,1, , , ,1,1, , , , ,1, , , , , ,1,1, ,1, ,1, ,1,1,1,1,1, , , , ,1, , , , , , , , ,1,1,1,1,1,1,1, ,1, , ,1,1, , , , , , , , , ,1,1, ,1, ,1,1,1,1, , , ,1,1, , ,1,1,1,1, ,1, 
"2019-04-04 23:59:59","2019-04-05 00:00:00",1.0,3.61689945634E-07, , , , , , , , , , , , , , ,1,1, ,1, , , , , , , , , , , , , , , , , ,1, , , ,1,1, , , , ,1, , , , , ,1,1, ,1, ,1, ,1,1,1,1,1, , , , ,1, , , , , , , , ,1,1,1,1,1,1,1, ,1, , ,1,1, , , , , , , , , ,1,1, ,1, ,1,1,1,1, , , ,1,1, , ,1,1,1,1, ,1, 
"2019-04-05 00:00:00","2019-04-05 11:28:45",41325.0,0.0149468370033, , , , , , ,1, , , , , , , ,1,1, ,1, , , , , , , , , , , , , , , , , ,1, , , ,1,1, , , , ,1, , , , , ,1,1, ,1, ,1, ,1,1,1,1,1, , , , ,1, , , , , , , , ,1,1,1,1,1,1,1, ,1, , ,1,1, , , , , , , , , ,1,1, ,1, ,1,1,1,1, , , ,1,1, , ,1,1,1,1, ,1, 
"2019-04-05 11:28:45","2019-04-05 11:29:05",20.0,7.23379891269E-06, , , , , , ,1, , , , , , , ,1,1, ,1, , , , , , , , , , , , , , , , , ,1, , , ,1,1, , , , ,1, , , , , ,1,1, ,1, ,1,292,1,1,1,1,1, , , , ,1, , , , , , , , ,1,1,1,1,1,1,1, ,1, , ,1,1, , , , , , , , ,240,1,1, ,1, ,1,1,1,1, , , ,1,1, , ,1,1,1,1, ,1, 
"2019-04-05 11:29:05","2019-04-05 11:29:33",28.0,1.01273184778E-05, , , , , , ,1, , ,240,240, , , ,1,1, ,1, , , , , , , , , , , , , , , , , ,1, , , ,1,1, , , , ,1, , , , , ,1,1, ,1, ,1,292,1,1,1,1,1, , , , ,1, , , , , , , , ,1,1,1,1,1,1,1, ,1, , ,1,1, , , , , , , , ,240,1,1, ,1, ,1,1,1,1, , , ,1,1, , ,1,1,1,1, ,1, 
"2019-04-05 11:29:33","2019-04-05 11:30:33",60.0,2.17013967381E-05, , , , , , ,1, , ,240,240, , , ,1,1, ,1, , , , , , , , , , , , , , , , , ,1, , , ,1,1, , , , ,1, , , , , ,1,1, ,1, ,1,292,1,1,1,1,1, , , , ,1, , , ,1, , , , ,1,1,1,1,1,1,1, ,1, , ,1,1, , ,1, , , , , ,240,1,1, ,1, ,1,1,1,1, , , ,1,1, ,1,1,1,1,1, ,1, 
"2019-04-05 11:30:33","2019-04-05 11:31:33",60.0,2.17013967381E-05, , , , , , ,1, , ,240,240, , , ,1,1, ,1, , , , , , , , , , , , , , , , , ,1, , , ,1,1, , , , ,1, , , , , ,1,1, ,1, ,1,292,1,1,1,1,1, , , , ,1, , , , , , , , ,1,1,1,1,1,1,1, ,1, , ,1,1, , , , , , , , ,240,1,1, ,1, ,1,1,1,1, , , ,1,1, , ,1,1,1,1, ,1, 
"2019-04-05 11:31:33","2019-04-05 11:32:33",60.0,2.17013967381E-05, , , , , , ,1, , ,240,240, , , ,1,1, ,1, , , , , , , , , , , , , , , , , ,1, , , ,1,1, , , , ,1, , , , , ,1,1, ,1, ,1,292,1,1,1,1,1, , , , ,1, , , ,1, , , , ,1,1,1,1,1,1,1, ,1, , ,1,1, , ,1, , , , , ,240,1,1, ,1, ,1,1,1,1, , , ,1,1, ,1,1,1,1,1, ,1, 
"2019-04-05 11:32:33","2019-04-05 11:32:45",12.0,4.34027934761E-06, , , , , , ,1, , ,240,240, , , ,1,1, ,1, , , , , , , , , , , , , , , , , ,1, , , ,1,1, , , , ,1, , , , , ,1,1, ,1, ,1,292,1,1,1,1,1, , , , ,1, , , , , , , , ,1,1,1,1,1,1,1, ,1, , ,1,1, , , , , , , , ,240,1,1, ,1, ,1,1,1,1, , , ,1,1, , ,1,1,1,1, ,1, 
"2019-04-05 11:32:45","2019-04-05 11:33:05",20.0,7.23379891269E-06, , , , , , ,1, , ,240,240, , , ,1,1, ,1, , , , , , , , , , , , , , , , , ,1, , , ,1,1, , , , ,1, , , , , ,1,1, ,1, ,1,292,1,1,1,1,1, , , , ,1, , , , , , , , ,1,1,1,1,1,1,1, ,1, , ,1,1, , , , , , , , , ,1,1, ,1, ,1,1,1,1, , , ,1,1, , ,1,1,1,1, ,1, 
"2019-04-05 11:33:05","2019-04-05 11:33:37",32.0,1.15740782603E-05, , , , , , ,1, , , , , , , ,1,1, ,1, , , , , , , , , , , , , , , , , ,1, , , ,1,1, , , , ,1, , , , , ,1,1, ,1, ,1,292,1,1,1,1,1, , , , ,1, , , , , , , , ,1,1,1,1,1,1,1, ,1, , ,1,1, , , , , , , , , ,1,1, ,1, ,1,1,1,1, , , ,1,1, , ,1,1,1,1, ,1, 
"2019-04-05 11:33:37","2019-04-05 11:49:05",928.0,0.000335648269549, , , , , , ,1, , , , , , , ,1,1, ,1, , , , , , , , , , , , , , , , , ,1, , , ,1,1, , , , ,1, , , , , ,1,1, ,1, ,1, ,1,1,1,1,1, , , , ,1, , , , , , , , ,1,1,1,1,1,1,1, ,1, , ,1,1, , , , , , , , , ,1,1, ,1, ,1,1,1,1, , , ,1,1, , ,1,1,1,1, ,1, 
"2019-04-05 11:49:05","2019-04-05 11:49:07",2.0,7.23379891269E-07, , , , , , ,1, , , ,180, , , ,1,1, ,1, , , , , , , , , , , , , , , , , ,1, , , ,1,1, , , , ,1, , , , , ,1,1, ,1, ,1, ,1,1,1,1,1, , , , ,1, , , , , , , , ,1,1,1,1,1,1,1, ,1, , ,1,1, , , , , , , , , ,1,1, ,1, ,1,1,1,1, , , ,1,1, , ,1,1,1,1, ,1, 
"2019-04-05 11:49:07","2019-04-05 11:52:05",178.0,6.43808103229E-05, , , , , , ,1, , , ,180, , , ,1,1, ,1, , , , , , , , , , , , , , , , , ,1, , , ,1,1, , , , ,1, , , , , ,1,1, ,1, ,1,240,1,1,1,1,1, , , , ,1, , , , , , , , ,1,1,1,1,1,1,1, ,1, , ,1,1, , , , , , , , , ,1,1, ,1, ,1,1,1,1, , , ,1,1, , ,1,1,1,1, ,1, 
"2019-04-05 11:52:05","2019-04-05 11:53:07",62.0,2.24247766293E-05, , , , , , ,1, , , , , , , ,1,1, ,1, , , , , , , , , , , , , , , , , ,1, , , ,1,1, , , , ,1, , , , , ,1,1, ,1, ,1,240,1,1,1,1,1, , , , ,1, , , , , , , , ,1,1,1,1,1,1,1, ,1, , ,1,1, , , , , , , , , ,1,1, ,1, ,1,1,1,1, , , ,1,1, , ,1,1,1,1, ,1, 
"2019-04-05 11:53:07","2019-04-05 12:03:00",593.0,0.000214482137761, , , , , , ,1, , , , , , , ,1,1, ,1, , , , , , , , , , , , , , , , , ,1, , , ,1,1, , , , ,1, , , , , ,1,1, ,1, ,1, ,1,1,1,1,1, , , , ,1, , , , , , , , ,1,1,1,1,1,1,1, ,1, , ,1,1, , , , , , , , , ,1,1, ,1, ,1,1,1,1, , , ,1,1, , ,1,1,1,1, ,1, 
"2019-04-05 12:03:00","2019-04-05 12:04:37",97.0,3.50839247265E-05, , , , , , ,1, , , , ,1, , ,1,1, ,1, , , , , , , , , , , , ,1, , , , ,1, , , ,1,1, , , , ,1, , , , , ,1,1, ,1, ,1, ,1,1,1,1,1, , , , ,1, , , , , , , , ,1,1,1,1,1,1,1, ,1, , ,1,1, , , , , , , , , ,1,1, ,1, ,1,1,1,1, , , ,1,1, , ,1,1,1,1, ,1, 
"2019-04-05 12:04:37","2019-04-05 12:05:37",60.0,2.17013967381E-05, , , , , , ,1, , , , ,1, ,1,1,1, ,1, , , , , , , , , , , , ,1, , , , ,1, , , ,1,1, , , , ,1, , , , , ,1,1, ,1, ,1, ,1,1,1,1,1, , , , ,1, , , , , , , , ,1,1,1,1,1,1,1, ,1, , ,1,1, , , , , , , , , ,1,1, ,1, ,1,1,1,1, , , ,1,1, , ,1,1,1,1,1,1, 
"2019-04-05 12:05:37","2019-04-05 12:15:59",622.0,0.000224971146185, , , , , , ,1, , , , ,1, , ,1,1, ,1, , , , , , , , , , , , ,1, , , , ,1, , , ,1,1, , , , ,1, , , , , ,1,1, ,1, ,1, ,1,1,1,1,1, , , , ,1, , , , , , , , ,1,1,1,1,1,1,1, ,1, , ,1,1, , , , , , , , , ,1,1, ,1, ,1,1,1,1, , , ,1,1, , ,1,1,1,1, ,1, 
"2019-04-05 12:15:59","2019-04-05 23:59:59",42240.0,0.0152777833036, , , , , , ,1, , , , , , , ,1,1, ,1, , , , , , , , , , , , , , , , , ,1, , , ,1,1, , , , ,1, , , , , ,1,1, ,1, ,1, ,1,1,1,1,1, , , , ,1, , , , , , , , ,1,1,1,1,1,1,1, ,1, , ,1,1, , , , , , , , , ,1,1, ,1, ,1,1,1,1, , , ,1,1, , ,1,1,1,1, ,1, 
"2019-04-05 23:59:59","2019-04-06 00:00:00",1.0,3.61689945634E-07, , , , , , , , , , , , , , ,1,1, ,1, , , , , , , , , , , , , , , , , ,1, , , ,1,1, , , , ,1, , , , , ,1,1, ,1, ,1, ,1,1,1,1,1, , , , ,1, , , , , , , , ,1,1,1,1,1,1,1, ,1, , ,1,1, , , , , , , , , ,1,1, ,1, ,1,1,1,1, , , ,1,1, , ,1,1,1,1, ,1, 
"2019-04-06 00:00:00","2019-04-06 23:59:59",86399.0,0.0312496496129, , , ,1, , , , , , , , , , ,1,1, ,1, , , , , , , , , , , , , , , , , ,1, , , ,1,1, , , , ,1, , , , , ,1,1, ,1, ,1, ,1,1,1,1,1, , , , ,1, , , , , , , , ,1,1,1,1,1,1,1, ,1, , ,1,1, , , , , , , , , ,1,1, ,1, ,1,1,1,1, , , ,1,1, , ,1,1,1,1, ,1, 
"2019-04-06 23:59:59","2019-04-07 00:00:00",1.0,3.61689945634E-07, , , , , , , , , , , , , , ,1,1, ,1, , , , , , , , , , , , , , , , , ,1, , , ,1,1, , , , ,1, , , , , ,1,1, ,1, ,1, ,1,1,1,1,1, , , , ,1, , , , , , , , ,1,1,1,1,1,1,1, ,1, , ,1,1, , , , , , , , , ,1,1, ,1, ,1,1,1,1, , , ,1,1, , ,1,1,1,1, ,1, 
"2019-04-07 00:00:00","2019-04-07 23:59:59",86399.0,0.0312496496129, , , , ,1, , , , , , , , , ,1,1, ,1, , , , , , , , , , , , , , , , , ,1, , , ,1,1, , , , ,1, , , , , ,1,1, ,1, ,1, ,1,1,1,1,1, , , , ,1, , , , , , , , ,1,1,1,1,1,1,1, ,1, , ,1,1, , , , , , , , , ,1,1, ,1, ,1,1,1,1, , , ,1,1, , ,1,1,1,1, ,1, 
"2019-04-07 23:59:59","2019-04-08 00:00:00",1.0,3.61689945634E-07, , , , , , , , , , , , , , ,1,1, ,1, , , , , , , , , , , , , , , , , ,1, , , ,1,1, , , , ,1, , , , , ,1,1, ,1, ,1, ,1,1,1,1,1, , , , ,1, , , , , , , , ,1,1,1,1,1,1,1, ,1, , ,1,1, , , , , , , , , ,1,1, ,1, ,1,1,1,1, , , ,1,1, , ,1,1,1,1, ,1, 
"2019-04-08 00:00:00","2019-04-08 23:36:54",85014.0,0.0307487090382, , , , , , , ,1, , , , , , ,1,1, ,1, , , , , , , , , , , , , , , , , ,1, , , ,1,1, , , , ,1, , , , , ,1,1, ,1, ,1, ,1,1,1,1,1, , , , ,1, , , , , , , , ,1,1,1,1,1,1,1, ,1, , ,1,1, , , , , , , , , ,1,1, ,1, ,1,1,1,1, , , ,1,1, , ,1,1,1,1, ,1, 
"2019-04-08 23:36:54","2019-04-08 23:37:54",60.0,2.17013967381E-05, , , , , , , ,1, , , , , , ,1,1, ,1, , , , , ,1, , , , , , , , , , , ,1, , , ,1,1, , , , ,1, , , , , ,1,1, ,1, ,1, ,1,1,1,1,1, , , , ,1, , , , , , , , ,1,1,1,1,1,1,1, ,1, , ,1,1, , , , , , , , , ,1,1, ,1, ,1,1,1,1, , , ,1,1, , ,1,1,1,1, ,1, 
"2019-04-08 23:37:54","2019-04-08 23:40:54",180.0,6.51041902142E-05, , , , , , , ,1, , , , , , ,1,1, ,1, , , , , , , , , , , , , , , , , ,1, , , ,1,1, , , , ,1, , , , , ,1,1, ,1, ,1, ,1,1,1,1,1, , , , ,1, , , , , , , , ,1,1,1,1,1,1,1, ,1, , ,1,1, , , , , , , , , ,1,1, ,1, ,1,1,1,1, , , ,1,1, , ,1,1,1,1, ,1, 
"2019-04-08 23:40:54","2019-04-08 23:41:54",60.0,2.17013967381E-05, , , , , , , ,1, , , , , , ,1,1, ,1, , , , , ,1, , , , , , , , , , , ,1, , , ,1,1, , , , ,1, , , , , ,1,1, ,1, ,1, ,1,1,1,1,1, , , , ,1, , , , , , , , ,1,1,1,1,1,1,1, ,1, , ,1,1, , , , , , , , , ,1,1, ,1, ,1,1,1,1, , , ,1,1, , ,1,1,1,1, ,1, 
"2019-04-08 23:41:54","2019-04-08 23:59:59",1085.0,0.000392433591013, , , , , , , ,1, , , , , , ,1,1, ,1, , , , , , , , , , , , , , , , , ,1, , , ,1,1, , , , ,1, , , , , ,1,1, ,1, ,1, ,1,1,1,1,1, , , , ,1, , , , , , , , ,1,1,1,1,1,1,1, ,1, , ,1,1, , , , , , , , , ,1,1, ,1, ,1,1,1,1, , , ,1,1, , ,1,1,1,1, ,1, 
"2019-04-08 23:59:59","2019-04-09 00:00:00",1.0,3.61689945634E-07, , , , , , , , , , , , , , ,1,1, ,1, , , , , , , , , , , , , , , , , ,1, , , ,1,1, , , , ,1, , , , , ,1,1, ,1, ,1, ,1,1,1,1,1, , , , ,1, , , , , , , , ,1,1,1,1,1,1,1, ,1, , ,1,1, , , , , , , , , ,1,1, ,1, ,1,1,1,1, , , ,1,1, , ,1,1,1,1, ,1, 
"2019-04-09 00:00:00","2019-04-09 04:54:59",17699.0,0.00640155034778, , , , , , , , ,1, , , , , ,1,1, ,1, , , , , , , , , , , , , , , , , ,1, , , ,1,1, , , , ,1, , , , , ,1,1, ,1, ,1, ,1,1,1,1,1, , , , ,1, , , , , , , , ,1,1,1,1,1,1,1, ,1, , ,1,1, , , , , , , , , ,1,1, ,1, ,1,1,1,1, , , ,1,1, , ,1,1,1,1, ,1, 
"2019-04-09 04:54:59","2019-04-09 07:00:05",7506.0,0.00271484473193, , , , , , , , ,1, , , , , ,1,1, ,1, , , , , , , , , , , , ,1, , , , ,1, , , ,1,1, , , , ,1, , , , , ,1,1, ,1, ,1, ,1,1,1,1,1, , , , ,1, , , , , , , , ,1,1,1,1,1,1,1, ,1, , ,1,1, , , , , , , , , ,1,1, ,1, ,1,1,1,1, ,1, ,1,1, , ,1,1,1,1, ,1, 
"2019-04-09 07:00:05","2019-04-09 10:04:03",11038.0,0.00399233361991, , , , , , , , ,1, , , , , ,1,1, ,1, , , , , , , , , , , , ,1, , , , ,1,1, , ,1,1, , ,1, ,1, , , , , ,1,1, ,1, ,1, ,1,1,1,1,1, , , , ,1, , , , , , , , ,1,1,1,1,1,1,1, ,1, , ,1,1, , , , , , , , , ,1,1, ,1, ,1,1,1,1, ,1, ,1,1, , ,1,1,1,1, ,1, 
"2019-04-09 10:04:03","2019-04-09 10:06:33",150.0,5.42534918452E-05, , , , , , , , ,1, , , , , ,1,1, ,1, , , , , , , , , , , , ,1, , , , ,1,1, ,150,1,1, , ,1, ,1, , , , ,150,1,1, ,1, ,1, ,1,1,1,1,1, , , , ,1, , , , , , , , ,1,1,1,1,1,1,1, ,1, , ,1,1, , , , , , , , , ,1,1, ,1, ,1,1,1,1, ,1, ,1,1, , ,1,1,1,1, ,1, 
"2019-04-09 10:06:33","2019-04-09 11:00:29",3236.0,0.00117042866407, , , , , , , , ,1, , , , , ,1,1, ,1, , , , , , , , , , , , ,1, , , , ,1,1, , ,1,1, , ,1, ,1, , , , , ,1,1, ,1, ,1, ,1,1,1,1,1, , , , ,1, , , , , , , , ,1,1,1,1,1,1,1, ,1, , ,1,1, , , , , , , , , ,1,1, ,1, ,1,1,1,1, ,1, ,1,1, , ,1,1,1,1, ,1, 
"2019-04-09 11:00:29","2019-04-09 14:41:00",13231.0,0.00478551967069, , , , , , , , ,1, , , , , ,1,1, ,1, , , , , , , , , , , , ,1, , , , ,1, , , ,1,1, , , , ,1, , , , , ,1,1, ,1, ,1, ,1,1,1,1,1, , , , ,1, , , , , , , , ,1,1,1,1,1,1,1, ,1, , ,1,1, , , , , , , , , ,1,1, ,1, ,1,1,1,1, ,1, ,1,1, , ,1,1,1,1, ,1, 
"2019-04-09 14:41:00","2019-04-09 14:41:05",5.0,1.80844972817E-06, , , , , , , , ,1, , , , , ,1,1, ,1, , , , , , , , , , , , ,1, , , , ,1, , , ,1,1, , , , ,1, , , , , ,1,1, ,1, ,1, ,1,1,1,1,1, , , , ,1, , , , , , , , ,1,1,1,1,1,1,1, ,1, , ,1,1, , , , , , , , , ,1,1, ,1, ,1,1,1,1,1,1, ,1,1, , ,1,1,1,1, ,1, 
"2019-04-09 14:41:05","2019-04-09 14:41:37",32.0,1.15740782603E-05, , , , , , , , ,1,684,780, , , ,1,1, ,1, , , , , , , , , , , , ,1, , , , ,1, , , ,1,1, , , , ,1, , , , , ,1,1, ,1, ,1, ,1,1,1,1,1, , , , ,1, , , , , , , , ,1,1,1,1,1,1,1, ,1, , ,1,1, , , , , , , , , ,1,1, ,1, ,1,1,1,1,1,1, ,1,1, , ,1,1,1,1, ,1, 
"2019-04-09 14:41:37","2019-04-09 14:51:37",600.0,0.000217013967381, , , , , , , , ,1,684,780, , ,1,1,1, ,1, , , , , , , , , , , , ,1, , , , ,1, , , ,1,1, , , , ,1, , , , , ,1,1, ,1, ,1, ,1,1,1,1,1, , , , ,1, , , , , , , , ,1,1,1,1,1,1,1, ,1, , ,1,1, , , , , , , , , ,1,1, ,1, ,1,1,1,1,1,1, ,1,1, , ,1,1,1,1,1,1, 
"2019-04-09 14:51:37","2019-04-09 14:52:29",52.0,1.8807877173E-05, , , , , , , , ,1,684,780, , , ,1,1, ,1, , , , , , , , , , , , ,1, , , , ,1, , , ,1,1, , , , ,1, , , , , ,1,1, ,1, ,1, ,1,1,1,1,1, , , , ,1, , , , , , , , ,1,1,1,1,1,1,1, ,1, , ,1,1, , , , , , , , , ,1,1, ,1, ,1,1,1,1,1,1, ,1,1, , ,1,1,1,1, ,1, 
"2019-04-09 14:52:29","2019-04-09 14:52:59",30.0,1.0850698369E-05, , , , , , , , ,1, ,780, , , ,1,1, ,1, , , , , , , , , , , , ,1, , , , ,1, , , ,1,1, , , , ,1, , , , , ,1,1, ,1, ,1, ,1,1,1,1,1, , , , ,1, , , , , , , , ,1,1,1,1,1,1,1, ,1, , ,1,1, , , , , , , , , ,1,1, ,1, ,1,1,1,1,1,1, ,1,1, , ,1,1,1,1, ,1, 
"2019-04-09 14:52:59","2019-04-09 14:54:05",66.0,2.38715364119E-05, , , , , , , , ,1, ,780, , , ,1,1, ,1, , , , , , , , , , , , ,1, , , , ,1, , , ,1,1, , , , ,1, , , , , ,1,1, ,1, ,1, ,1,1,1,1,1, , , , ,1, , , , , , , , ,1,1,1,1,1,1,1, ,1, , ,1,1, , , , , , , , , ,1,1, ,1, ,1,1,1,1, ,1, ,1,1, , ,1,1,1,1, ,1, 
"2019-04-09 14:54:05","2019-04-09 15:00:29",384.0,0.000138888939124, , , , , , , , ,1, , , , , ,1,1, ,1, , , , , , , , , , , , ,1, , , , ,1, , , ,1,1, , , , ,1, , , , , ,1,1, ,1, ,1, ,1,1,1,1,1, , , , ,1, , , , , , , , ,1,1,1,1,1,1,1, ,1, , ,1,1, , , , , , , , , ,1,1, ,1, ,1,1,1,1, ,1, ,1,1, , ,1,1,1,1, ,1, 
"2019-04-09 15:00:29","2019-04-09 17:00:05",7176.0,0.00259548704987, , , , , , , , ,1, , , , , ,1,1, ,1, , , , , , , , , , , , ,1, , , , ,1, , , ,1,1, , , , ,1, , , , , ,1,1, ,1, ,1, ,1,1,1,1,1, , , , ,1, , , , , , , , ,1,1,1,1,1,1,1, ,1, , ,1,1, , , , , , , , , ,1,1, ,1, ,1,1,1,1, ,1, ,1,1, , ,1,1,1,1, ,1, 
"2019-04-09 17:00:05","2019-04-09 17:30:29",1824.0,0.000659722460837, , , , , , , , ,1, , , , , ,1,1, ,1, , , , , , , , , , , , ,1, , , , ,1,1, , ,1,1, , ,1, ,1, , , , , ,1,1, ,1, ,1, ,1,1,1,1,1, , , , ,1, , , , , , , , ,1,1,1,1,1,1,1, ,1, , ,1,1, , , , , , , , , ,1,1, ,1, ,1,1,1,1, ,1, ,1,1, , ,1,1,1,1, ,1, 
"2019-04-09 17:30:29","2019-04-09 20:51:00",12031.0,0.00435149173593, , , , , , , , ,1, , , , , ,1,1, ,1, , , , , , , , , , , , ,1, , , , ,1, , , ,1,1, , , , ,1, , , , , ,1,1, ,1, ,1, ,1,1,1,1,1, , , , ,1, , , , , , , , ,1,1,1,1,1,1,1, ,1, , ,1,1, , , , , , , , , ,1,1, ,1, ,1,1,1,1, ,1, ,1,1, , ,1,1,1,1, ,1, 
"2019-04-09 20:51:00","2019-04-09 20:52:37",97.0,3.50839247265E-05, , , , , , , , ,1, , , , , ,1,1, ,1, , , , , , , , , , , , , , , , , ,1, , , ,1,1, , , , ,1, , , , , ,1,1, ,1, ,1, ,1,1,1,1,1, , , , ,1, , , , , , , , ,1,1,1,1,1,1,1, ,1, , ,1,1, , , , , , , , , ,1,1, ,1, ,1,1,1,1, , , ,1,1, , ,1,1,1,1, ,1, 
"2019-04-09 20:52:37","2019-04-09 20:53:37",60.0,2.17013967381E-05, , , , , , , , ,1, , , , ,1,1,1, ,1, , , , , , , , , , , , ,1, , , , ,1, , , ,1,1, , , , ,1, , , , , ,1,1, ,1, ,1, ,1,1,1,1,1, , , , ,1, , , , , , , , ,1,1,1,1,1,1,1, ,1, , ,1,1, , , , , , , , , ,1,1, ,1, ,1,1,1,1, , , ,1,1, , ,1,1,1,1,1,1, 
"2019-04-09 20:53:37","2019-04-09 23:59:59",11182.0,0.00404441697208, , , , , , , , ,1, , , , , ,1,1, ,1, , , , , , , , , , , , , , , , , ,1, , , ,1,1, , , , ,1, , , , , ,1,1, ,1, ,1, ,1,1,1,1,1, , , , ,1, , , , , , , , ,1,1,1,1,1,1,1, ,1, , ,1,1, , , , , , , , , ,1,1, ,1, ,1,1,1,1, , , ,1,1, , ,1,1,1,1, ,1, 
"2019-04-09 23:59:59","2019-04-10 00:00:00",1.0,3.61689945634E-07, , , , , , , , , , , , , , ,1,1, ,1, , , , , , , , , , , , , , , , , ,1, , , ,1,1, , , , ,1, , , , , ,1,1, ,1, ,1, ,1,1,1,1,1, , , , ,1, , , , , , , , ,1,1,1,1,1,1,1, ,1, , ,1,1, , , , , , , , , ,1,1, ,1, ,1,1,1,1, , , ,1,1, , ,1,1,1,1, ,1, 
"2019-04-10 00:00:00","2019-04-10 04:49:00",17340.0,0.0062717036573, , , , , , , , , , , , , , ,1,1, ,1, , , , , , , ,1, , , , , , , , , ,1, , , ,1,1, , , , ,1, , , , , ,1,1, ,1, ,1, ,1,1,1,1,1, , , , ,1, , , , , , , , ,1,1,1,1,1,1,1, ,1, , ,1,1, , , , , , , , , ,1,1, ,1, ,1,1,1,1, , , ,1,1, , ,1,1,1,1, ,1, 
"2019-04-10 04:49:00","2019-04-10 04:50:37",97.0,3.50839247265E-05, , , , , , , , , , , , , , ,1,1, ,1, , , , , , , ,1, , , , ,1, , , , ,1, , , ,1,1, , , , ,1, , , , , ,1,1, ,1, ,1, ,1,1,1,1,1, , , , ,1, , , , , , , , ,1,1,1,1,1,1,1, ,1, , ,1,1, , , , , , , , , ,1,1, ,1, ,1,1,1,1, , ,1,1,1, , ,1,1,1,1, ,1, 
"2019-04-10 04:50:37","2019-04-10 04:51:37",60.0,2.17013967381E-05, , , , , , , , , , , , , ,1,1,1, ,1, , , , , , , ,1, , , , ,1, , , , ,1, , , ,1,1, , , , ,1, , , , , ,1,1, ,1, ,1, ,1,1,1,1,1, , , , ,1, , , , , , , , ,1,1,1,1,1,1,1, ,1, , ,1,1, , , , , , , , , ,1,1, ,1, ,1,1,1,1, , ,1,1,1, , ,1,1,1,1,1,1, 
"2019-04-10 04:51:37","2019-04-10 20:51:00",57563.0,0.0208199583406, , , , , , , , , , , , , , ,1,1, ,1, , , , , , , ,1, , , , ,1, , , , ,1, , , ,1,1, , , , ,1, , , , , ,1,1, ,1, ,1, ,1,1,1,1,1, , , , ,1, , , , , , , , ,1,1,1,1,1,1,1, ,1, , ,1,1, , , , , , , , , ,1,1, ,1, ,1,1,1,1, , ,1,1,1, , ,1,1,1,1, ,1, 
"2019-04-10 20:51:00","2019-04-10 23:59:59",11339.0,0.00410120229355, , , , , , , , , , , , , , ,1,1, ,1, , , , , , , ,1, , , , , , , , , ,1, , , ,1,1, , , , ,1, , , , , ,1,1, ,1, ,1, ,1,1,1,1,1, , , , ,1, , , , , , , , ,1,1,1,1,1,1,1, ,1, , ,1,1, , , , , , , , , ,1,1, ,1, ,1,1,1,1, , , ,1,1, , ,1,1,1,1, ,1, 
"2019-04-10 23:59:59","2019-04-11 00:00:00",1.0,3.61689945634E-07, , , , , , , , , , , , , , ,1,1, ,1, , , , , , , , , , , , , , , , , ,1, , , ,1,1, , , , ,1, , , , , ,1,1, ,1, ,1, ,1,1,1,1,1, , , , ,1, , , , , , , , ,1,1,1,1,1,1,1, ,1, , ,1,1, , , , , , , , , ,1,1, ,1, ,1,1,1,1, , , ,1,1, , ,1,1,1,1, ,1, 
"2019-04-11 00:00:00","2019-04-11 01:10:00",4200.0,0.00151909777166, , , , , , , , , , , , , , ,1,1, ,1, , , , , , ,1, , , , , , , , , , ,1, , , ,1,1, , , , ,1, , , , , ,1,1, ,1, ,1, ,1,1,1,1,1, , , , ,1, , , , , , , , ,1,1,1,1,1,1,1, ,1, , ,1,1, , , , , , , , , ,1,1, ,1, ,1,1,1,1, , , ,1,1, , ,1,1,1,1, ,1, 
"2019-04-11 01:10:00","2019-04-11 01:10:04",4.0,1.44675978254E-06, , , , , , , , , , , , , , ,1,1, ,1, , , , ,1, ,1, , , , , , , , , , ,1, , , ,1,1, , , , ,1, , , , , ,1,1, ,1, ,1, ,1,1,1,1,1, , , , ,1, , , , , , , , ,1,1,1,1,1,1,1, ,1, , ,1,1, , , , , , , , , ,1,1, ,1, ,1,1,1,1, , , ,1,1, , ,1,1,1,1, ,1, 
"2019-04-11 01:10:04","2019-04-11 01:10:05",1.0,3.61689945634E-07, , , , , , , , , , , , , , ,1,1, ,1, , , , ,1, ,1, , , , , , , , , , ,1, , , ,1,1, , , , ,1, , ,1, , ,1,1, ,1, ,1, ,1,1,1,1,1, , , , ,1, , , , , , , , ,1,1,1,1,1,1,1, ,1, , ,1,1, , , , , , , , , ,1,1, ,1, ,1,1,1,1, , , ,1,1, , ,1,1,1,1, ,1, 
"2019-04-11 01:10:05","2019-04-11 01:11:04",59.0,2.13397067924E-05, , , , , , , , , , , , ,1, ,1,1, ,1, , , , ,1, ,1, , , , , , , , , , ,1, , , ,1,1, , , , ,1, , ,1, , ,1,1, ,1, ,1, ,1,1,1,1,1, , , , ,1, , , , , , , , ,1,1,1,1,1,1,1, ,1, , ,1,1, , , , , , , , , ,1,1, ,1, ,1,1,1,1, , , ,1,1, , ,1,1,1,1, ,1, 
"2019-04-11 01:11:04","2019-04-11 01:11:05",1.0,3.61689945634E-07, , , , , , , , , , , , ,1, ,1,1, ,1, , , , , , ,1, , , , , , , , , , ,1, , , ,1,1, , , , ,1, , , , , ,1,1, ,1, ,1, ,1,1,1,1,1, , , , ,1, , , , , , , , ,1,1,1,1,1,1,1, ,1, , ,1,1, , , , , , , , , ,1,1, ,1, ,1,1,1,1, , , ,1,1, , ,1,1,1,1, ,1, 
"2019-04-11 01:11:05","2019-04-11 01:15:05",240.0,8.68055869523E-05, , , , , , , , , , , , , , ,1,1, ,1, , , , , , ,1, , , , , , , , , , ,1, , , ,1,1, , , , ,1, , , , , ,1,1, ,1, ,1, ,1,1,1,1,1, , , , ,1, , , , , , , , ,1,1,1,1,1,1,1, ,1, , ,1,1, , , , , , , , , ,1,1, ,1, ,1,1,1,1, , , ,1,1, , ,1,1,1,1, ,1, 
"2019-04-11 01:15:05","2019-04-11 11:29:00",36835.0,0.0133228491474, , , , , , , , , , , , , , ,1,1, ,1, , , , , , ,1, , , , , , , , , , ,1, , , ,1,1, , , , ,1, , , , , ,1,1, ,1, ,1, ,1,1,1,1,1, , , , ,1, , , , , , , , ,1,1,1,1,1,1,1, ,1, , ,1,1, , , , , , , , , ,1,1, ,1, ,1,1,1,1, , , ,1,1, , ,1,1,1,1, ,1, 
"2019-04-11 11:29:00","2019-04-11 11:33:50",290.0,0.000104890084234, , , , , , , , , , , , , , ,1,1, ,1, , , , , , ,1, , , , , , , , , , ,1,1, , ,1,1, , ,1, ,1, , , , , ,1,1, ,1, ,1, ,1,1,1,1,1, , , , ,1, , , , , , , , ,1,1,1,1,1,1,1, ,1, , ,1,1, , , , , , , , , ,1,1, ,1, ,1,1,1,1, , , ,1,1, , ,1,1,1,1, ,1, 
"2019-04-11 11:33:50","2019-04-11 23:59:59",44769.0,0.0161924971761, , , , , , , , , , , , , , ,1,1, ,1, , , , , , ,1, , , , , , , , , , ,1, , , ,1,1, , , , ,1, , , , , ,1,1, ,1, ,1, ,1,1,1,1,1, , , , ,1, , , , , , , , ,1,1,1,1,1,1,1, ,1, , ,1,1, , , , , , , , , ,1,1, ,1, ,1,1,1,1, , , ,1,1, , ,1,1,1,1, ,1, 
"2019-04-11 23:59:59","2019-04-12 00:00:00",1.0,3.61689945634E-07, , , , , , , , , , , , , , ,1,1, ,1, , , , , , , , , , , , , , , , , ,1, , , ,1,1, , , , ,1, , , , , ,1,1, ,1, ,1, ,1,1,1,1,1, , , , ,1, , , , , , , , ,1,1,1,1,1,1,1, ,1, , ,1,1, , , , , , , , , ,1,1, ,1, ,1,1,1,1, , , ,1,1, , ,1,1,1,1, ,1, 
"2019-04-12 00:00:00","2019-04-12 23:59:59",86399.0,0.0312496496129, , , , , , , , , , , , , , ,1,1, ,1, , , , , , , , , ,1, , , , , , , ,1, , , ,1,1, , , , ,1, , , , , ,1,1, ,1, ,1, ,1,1,1,1,1, , , , ,1, , , , , , , , ,1,1,1,1,1,1,1, ,1, , ,1,1, , , , , , , , , ,1,1, ,1, ,1,1,1,1, , , ,1,1, , ,1,1,1,1, ,1, 
"2019-04-12 23:59:59","2019-04-13 00:00:00",1.0,3.61689945634E-07, , , , , , , , , , , , , , ,1,1, ,1, , , , , , , , , , , , , , , , , ,1, , , ,1,1, , , , ,1, , , , , ,1,1, ,1, ,1, ,1,1,1,1,1, , , , ,1, , , , , , , , ,1,1,1,1,1,1,1, ,1, , ,1,1, , , , , , , , , ,1,1, ,1, ,1,1,1,1, , , ,1,1, , ,1,1,1,1, ,1, 
"2019-04-13 00:00:00","2019-04-13 01:39:54",5994.0,0.00216796953413, , , , , , , , , , , , , , ,1,1, ,1, , , , , , , , ,1, , , , , , , , ,1, , , ,1,1, , , , ,1, , , , , ,1,1, ,1, ,1, ,1,1,1,1,1, , , , ,1, , , , , , , , ,1,1,1,1,1,1,1, ,1, , ,1,1, , , , , , , , , ,1,1, ,1, ,1,1,1,1, , , ,1,1, , ,1,1,1,1, ,1, 
"2019-04-13 01:39:54","2019-04-13 01:40:54",60.0,2.17013967381E-05, , , , , , , , , , , , , , ,1,1, ,1, , , , , ,1, , ,1, , , , , , , , ,1, , , ,1,1, , , , ,1, , , , , ,1,1, ,1, ,1, ,1,1,1,1,1, , , , ,1, , , , , , , , ,1,1,1,1,1,1,1, ,1, , ,1,1, , , , , , , , , ,1,1, ,1, ,1,1,1,1, , , ,1,1, , ,1,1,1,1, ,1, 
"2019-04-13 01:40:54","2019-04-13 01:47:54",420.0,0.000151909777166, , , , , , , , , , , , , , ,1,1, ,1, , , , , , , , ,1, , , , , , , , ,1, , , ,1,1, , , , ,1, , , , , ,1,1, ,1, ,1, ,1,1,1,1,1, , , , ,1, , , , , , , , ,1,1,1,1,1,1,1, ,1, , ,1,1, , , , , , , , , ,1,1, ,1, ,1,1,1,1, , , ,1,1, , ,1,1,1,1, ,1, 
"2019-04-13 01:47:54","2019-04-13 01:48:54",60.0,2.17013967381E-05, , , , , , , , , , , , , , ,1,1, ,1, , , , , ,1, , ,1, , , , , , , , ,1, , , ,1,1, , , , ,1, , , , , ,1,1, ,1, ,1, ,1,1,1,1,1, , , , ,1, , , , , , , , ,1,1,1,1,1,1,1, ,1, , ,1,1, , , , , , , , , ,1,1, ,1, ,1,1,1,1, , , ,1,1, , ,1,1,1,1, ,1, 
"2019-04-13 01:48:54","2019-04-13 01:58:54",600.0,0.000217013967381, , , , , , , , , , , , , , ,1,1, ,1, , , , , , , , ,1, , , , , , , , ,1, , , ,1,1, , , , ,1, , , , , ,1,1, ,1, ,1, ,1,1,1,1,1, , , , ,1, , , , , , , , ,1,1,1,1,1,1,1, ,1, , ,1,1, , , , , , , , , ,1,1, ,1, ,1,1,1,1, , , ,1,1, , ,1,1,1,1, ,1, 
"2019-04-13 01:58:54","2019-04-13 02:00:54",120.0,4.34027934761E-05, , , , , , , , , , , , , , ,1,1, ,1, , , , , ,1, , ,1, , , , , , , , ,1, , , ,1,1, , , , ,1, , , , , ,1,1, ,1, ,1, ,1,1,1,1,1, , , , ,1, , , , , , , , ,1,1,1,1,1,1,1, ,1, , ,1,1, , , , , , , , , ,1,1, ,1, ,1,1,1,1, , , ,1,1, , ,1,1,1,1, ,1, 
"2019-04-13 02:00:54","2019-04-13 02:16:54",960.0,0.000347222347809, , , , , , , , , , , , , , ,1,1, ,1, , , , , , , , ,1, , , , , , , , ,1, , , ,1,1, , , , ,1, , , , , ,1,1, ,1, ,1, ,1,1,1,1,1, , , , ,1, , , , , , , , ,1,1,1,1,1,1,1, ,1, , ,1,1, , , , , , , , , ,1,1, ,1, ,1,1,1,1, , , ,1,1, , ,1,1,1,1, ,1, 
"2019-04-13 02:16:54","2019-04-13 02:17:54",60.0,2.17013967381E-05, , , , , , , , , , , , , , ,1,1, ,1, , , , , ,1, , ,1, , , , , , , , ,1, , , ,1,1, , , , ,1, , , , , ,1,1, ,1, ,1, ,1,1,1,1,1, , , , ,1, , , , , , , , ,1,1,1,1,1,1,1, ,1, , ,1,1, , , , , , , , , ,1,1, ,1, ,1,1,1,1, , , ,1,1, , ,1,1,1,1, ,1, 
"2019-04-13 02:17:54","2019-04-13 23:59:59",78125.0,0.0282570270027, , , , , , , , , , , , , , ,1,1, ,1, , , , , , , , ,1, , , , , , , , ,1, , , ,1,1, , , , ,1, , , , , ,1,1, ,1, ,1, ,1,1,1,1,1, , , , ,1, , , , , , , , ,1,1,1,1,1,1,1, ,1, , ,1,1, , , , , , , , , ,1,1, ,1, ,1,1,1,1, , , ,1,1, , ,1,1,1,1, ,1, 
"2019-04-13 23:59:59","2019-04-14 00:00:00",1.0,3.61689945634E-07, , , , , , , , , , , , , , ,1,1, ,1, , , , , , , , , , , , , , , , , ,1, , , ,1,1, , , , ,1, , , , , ,1,1, ,1, ,1, ,1,1,1,1,1, , , , ,1, , , , , , , , ,1,1,1,1,1,1,1, ,1, , ,1,1, , , , , , , , , ,1,1, ,1, ,1,1,1,1, , , ,1,1, , ,1,1,1,1, ,1, 
"2019-04-14 00:00:00","2019-04-14 23:59:59",86399.0,0.0312496496129, , , , , , , , , , , , , , ,1,1, ,1, , , , , , , , , , , ,1, , , , , ,1, , , ,1,1, , , , ,1, , , , , ,1,1, ,1, ,1, ,1,1,1,1,1, , , , ,1, , , , , , , , ,1,1,1,1,1,1,1, ,1, , ,1,1, , , , , , , , , ,1,1, ,1, ,1,1,1,1, , , ,1,1, , ,1,1,1,1, ,1, 
"2019-04-14 23:59:59","2019-04-15 00:00:00",1.0,3.61689945634E-07, , , , , , , , , , , , , , ,1,1, ,1, , , , , , , , , , , , , , , , , ,1, , , ,1,1, , , , ,1, , , , , ,1,1, ,1, ,1, ,1,1,1,1,1, , , , ,1, , , , , , , , ,1,1,1,1,1,1,1, ,1, , ,1,1, , , , , , , , , ,1,1, ,1, ,1,1,1,1, , , ,1,1, , ,1,1,1,1, ,1, 
"2019-04-15 00:00:00","2019-04-15 00:03:44",224.0,8.10185478221E-05, , , , , , , , , , , , , , ,1,1, ,1, , , , , , , , , , ,1, , , , , , ,1, , , ,1,1, , , , ,1, , , , , ,1,1, ,1, ,1, ,1,1,1,1,1, , , , ,1, , , , , , , , ,1,1,1,1,1,1,1, ,1, , ,1,1, , , , , , , , , ,1,1, ,1, ,1,1,1,1, , , ,1,1, , ,1,1,1,1, ,1, 
"2019-04-15 00:03:44","2019-04-15 00:04:44",60.0,2.17013967381E-05, , , , , , , , , , , , , , ,1,1, ,1, , , , , , , , , , ,1, , , , , , ,1, , , ,1,1, , , , ,1, , , , , ,1,1, ,1, ,1, ,1,1,1,1,1, , , , ,1, , , , , , , , ,1,1,1,1,1,1,1, ,1, , ,1,1, , , , , , ,1, , ,1,1, ,1, ,1,1,1,1, , , ,1,1, , ,1,1,1,1, ,1, 
"2019-04-15 00:04:44","2019-04-15 23:59:59",86115.0,0.0311469296683, , , , , , , , , , , , , , ,1,1, ,1, , , , , , , , , , ,1, , , , , , ,1, , , ,1,1, , , , ,1, , , , , ,1,1, ,1, ,1, ,1,1,1,1,1, , , , ,1, , , , , , , , ,1,1,1,1,1,1,1, ,1, , ,1,1, , , , , , , , , ,1,1, ,1, ,1,1,1,1, , , ,1,1, , ,1,1,1,1, ,1, 
"2019-04-15 23:59:59","2019-04-16 00:00:00",1.0,3.61689945634E-07, , , , , , , , , , , , , , ,1,1, ,1, , , , , , , , , , , , , , , , , ,1, , , ,1,1, , , , ,1, , , , , ,1,1, ,1, ,1, ,1,1,1,1,1, , , , ,1, , , , , , , , ,1,1,1,1,1,1,1, ,1, , ,1,1, , , , , , , , , ,1,1, ,1, ,1,1,1,1, , , ,1,1, , ,1,1,1,1, ,1, 
"2019-04-16 00:00:00","2019-04-16 08:43:54",31434.0,0.0113693617511, , , , , , , , , , , , , , ,1,1, ,1, , , , , , , , , , , , , ,1, , , ,1, , , ,1,1, , , , ,1, , , , , ,1,1, ,1, ,1, ,1,1,1,1,1, , , , ,1, , , , , , , , ,1,1,1,1,1,1,1, ,1, , ,1,1, , , , , , , , , ,1,1, ,1, ,1,1,1,1, , , ,1,1, , ,1,1,1,1, ,1, 
"2019-04-16 08:43:54","2019-04-16 08:44:54",60.0,2.17013967381E-05, , , , , , , , , , , , , , ,1,1, ,1, , , , , ,1, , , , , , , ,1, , , ,1, , , ,1,1, , , , ,1, , , , , ,1,1, ,1, ,1, ,1,1,1,1,1, , , , ,1, , , , , , , , ,1,1,1,1,1,1,1, ,1, , ,1,1, , , , , , , , , ,1,1, ,1, ,1,1,1,1, , , ,1,1, , ,1,1,1,1, ,1, 
"2019-04-16 08:44:54","2019-04-16 23:59:59",54905.0,0.0198585864651, , , , , , , , , , , , , , ,1,1, ,1, , , , , , , , , , , , , ,1, , , ,1, , , ,1,1, , , , ,1, , , , , ,1,1, ,1, ,1, ,1,1,1,1,1, , , , ,1, , , , , , , , ,1,1,1,1,1,1,1, ,1, , ,1,1, , , , , , , , , ,1,1, ,1, ,1,1,1,1, , , ,1,1, , ,1,1,1,1, ,1, 
"2019-04-16 23:59:59","2019-04-17 00:00:00",1.0,3.61689945634E-07, , , , , , , , , , , , , , ,1,1, ,1, , , , , , , , , , , , , , , , , ,1, , , ,1,1, , , , ,1, , , , , ,1,1, ,1, ,1, ,1,1,1,1,1, , , , ,1, , , , , , , , ,1,1,1,1,1,1,1, ,1, , ,1,1, , , , , , , , , ,1,1, ,1, ,1,1,1,1, , , ,1,1, , ,1,1,1,1, ,1, 
"2019-04-17 00:00:00","2019-04-17 23:59:59",86399.0,0.0312496496129, , , , , , , , , , , , , , ,1,1, ,1, , , , , , , , , , , , , , , , , ,1, , , ,1,1, , , , ,1, , , , , ,1,1, ,1, ,1, ,1,1,1,1,1, , , , ,1, , , , , , , , ,1,1,1,1,1,1,1, ,1, , ,1,1, , , , , , , ,1, ,1,1, ,1, ,1,1,1,1, , , ,1,1, , ,1,1,1,1, ,1, 
"2019-04-17 23:59:59","2019-04-18 00:00:00",1.0,3.61689945634E-07, , , , , , , , , , , , , , ,1,1, ,1, , , , , , , , , , , , , , , , , ,1, , , ,1,1, , , , ,1, , , , , ,1,1, ,1, ,1, ,1,1,1,1,1, , , , ,1, , , , , , , , ,1,1,1,1,1,1,1, ,1, , ,1,1, , , , , , , , , ,1,1, ,1, ,1,1,1,1, , , ,1,1, , ,1,1,1,1, ,1, 
"2019-04-18 00:00:00","2019-04-18 04:52:54",17574.0,0.00635633910458, , , , , , , , , , , , , , ,1,1, ,1, , , , , , , , , , , , , , , ,1, ,1, , , ,1,1, , , , ,1, , , , , ,1,1, ,1, ,1, ,1,1,1,1,1, , , , ,1, , , , , , , , ,1,1,1,1,1,1,1, ,1, , ,1,1, , , , , , , , , ,1,1, ,1, ,1,1,1,1, , , ,1,1, , ,1,1,1,1, ,1, 
"2019-04-18 04:52:54","2019-04-18 04:53:54",60.0,2.17013967381E-05, , , , , , , , , , , , , , ,1,1, ,1, , , , , ,1, , , , , , , , , ,1, ,1, , , ,1,1, , , , ,1, , , , , ,1,1, ,1, ,1, ,1,1,1,1,1, , , , ,1, , , , , , , , ,1,1,1,1,1,1,1, ,1, , ,1,1, , , , , , , , , ,1,1, ,1, ,1,1,1,1, , , ,1,1, , ,1,1,1,1, ,1, 
"2019-04-18 04:53:54","2019-04-18 06:37:05",6191.0,0.00223922245342, , , , , , , , , , , , , , ,1,1, ,1, , , , , , , , , , , , , , , ,1, ,1, , , ,1,1, , , , ,1, , , , , ,1,1, ,1, ,1, ,1,1,1,1,1, , , , ,1, , , , , , , , ,1,1,1,1,1,1,1, ,1, , ,1,1, , , , , , , , , ,1,1, ,1, ,1,1,1,1, , , ,1,1, , ,1,1,1,1, ,1, 
"2019-04-18 06:37:05","2019-04-18 06:40:05",180.0,6.51041902142E-05, , , , , , , , , , , , , , ,1,1, ,1, , , , , , , , , , , , , , , ,1, ,1, , , ,1,1, , , , ,1, , , , , ,1,1, ,1, ,1, ,1,1,1,1,1, , , , ,1, , , , , , , , ,1,1,1,1,1,1,1, ,1, , ,1,1, , , , , , , , , ,1,1,180,1, ,1,1,1,1, , , ,1,1, , ,1,1,1,1, ,1, 
"2019-04-18 06:40:05","2019-04-18 07:31:34",3089.0,0.00111726024206, , , , , , , , , , , , , , ,1,1, ,1, , , , , , , , , , , , , , , ,1, ,1, , , ,1,1, , , , ,1, , , , , ,1,1, ,1, ,1, ,1,1,1,1,1, , , , ,1, , , , , , , , ,1,1,1,1,1,1,1, ,1, , ,1,1, , , , , , , , , ,1,1, ,1, ,1,1,1,1, , , ,1,1, , ,1,1,1,1, ,1, 
"2019-04-18 07:31:34","2019-04-18 07:32:04",30.0,1.0850698369E-05, , , , , , , , , , , , , , ,1,1, ,1, , , , , , , , , , , , , , , ,1, ,1, , , ,1,1, , , , ,1,1, , , , ,1,1, ,1, ,1, ,1,1,1,1,1, , , , ,1, , , , , , , , ,1,1,1,1,1,1,1, ,1, , ,1,1, , , , , , , , , ,1,1, ,1, ,1,1,1,1, , , ,1,1, , ,1,1,1,1, ,1, 
"2019-04-18 07:32:04","2019-04-18 07:35:05",181.0,6.54658801598E-05, , , , , , , , , , , , , , ,1,1, ,1, , , , , , , , , , , , , , , ,1, ,1, , , ,1,1, , , , ,1, , , , , ,1,1, ,1, ,1, ,1,1,1,1,1, , , , ,1, , , , , , , , ,1,1,1,1,1,1,1, ,1, , ,1,1, , , , , , , , , ,1,1, ,1, ,1,1,1,1, , , ,1,1, , ,1,1,1,1, ,1, 
"2019-04-18 07:35:05","2019-04-18 07:36:04",59.0,2.13397067924E-05, , , , , , , , , , , , , , ,1,1, ,1, , , , , , , , , , , , , , , ,1, ,1, , , ,1,1, , , , ,1, , , , , ,1,1, ,1, ,1, ,1,1,1,1,1, , , , ,1, , , , , , , , ,1,1,1,1,1,1,1, ,1, , ,1,1, , , , , , , , , ,1,1,540,1, ,1,1,1,1, , , ,1,1, , ,1,1,1,1, ,1, 
"2019-04-18 07:36:04","2019-04-18 07:37:52",108.0,3.90625141285E-05, , , , , , , , , , , , , , ,1,1, ,1, , , , , , , , , , , , , , , ,1, ,1, , , ,1,1, , , , ,1,1, , , , ,1,1, ,1, ,1, ,1,1,1,1,1, , , , ,1, , , , , , , , ,1,1,1,1,1,1,1, ,1, , ,1,1, , , , , , , , , ,1,1,540,1, ,1,1,1,1, , , ,1,1, , ,1,1,1,1, ,1, 
"2019-04-18 07:37:52","2019-04-18 07:37:54",2.0,7.23379891269E-07, , , , , , , , , , , , , , ,1,1, ,1, , , , , , , , , , , , , , , ,1, ,1, , , ,1,1, , , , ,1,1, , , , ,1,1, ,1, ,1, ,1,1,1,1,1,240, , , ,1, , , , , , , , ,1,1,1,1,1,1,1, ,1, , ,1,1, , , , , , , , , ,1,1,540,1, ,1,1,1,1, , , ,1,1, , ,1,1,1,1, ,1, 
"2019-04-18 07:37:54","2019-04-18 07:38:15",21.0,7.59548885832E-06, , , , , , , , , , , , , , ,1,1, ,1, , , , , , , , , , , , , , , ,1, ,1, , , ,1,1, , , , ,1,1, , , , ,1,1, ,1, ,1, ,1,1,1,1,1,240, , , ,1, , , , , , , , ,1,1,1,1,1,1,1, ,1, , ,1,1, , , , , ,240, , , ,1,1,540,1, ,1,1,1,1, , , ,1,1, , ,1,1,1,1, ,1, 
"2019-04-18 07:38:15","2019-04-18 07:40:04",109.0,3.94242040741E-05, , , , , , , , , , , , , , ,1,1, ,1, , , , , , , , , , , , , , , ,1, ,1, , , ,1,1, , , ,218,1,1, , , , ,1,1, ,1, ,1, ,1,1,1,1,1,240, , , ,1, , , , , , , , ,1,1,1,1,1,1,1, ,1, , ,1,1, , , , , ,240, , , ,1,1,540,1, ,1,1,1,1, , , ,1,1, , ,1,1,1,1, ,1, 
"2019-04-18 07:40:04","2019-04-18 07:41:04",60.0,2.17013967381E-05, , , , , , , , , , , , , , ,1,1, ,1, , , , , , , , , , , , , , , ,1, ,1, , , ,1,1, , , ,218,1, , , , , ,1,1, ,1, ,1, ,1,1,1,1,1,240, , , ,1, , , , , , , , ,1,1,1,1,1,1,1, ,1, , ,1,1, , , , , ,240, , , ,1,1,540,1, ,1,1,1,1, , , ,1,1, , ,1,1,1,1, ,1, 
"2019-04-18 07:41:04","2019-04-18 07:41:52",48.0,1.73611173905E-05, , , , , , , , , , , , , , ,1,1, ,1, , , , , , , , , , , , , , , ,1, ,1, , , ,1,1, , , ,218,1,1, , , , ,1,1, ,1, ,1, ,1,1,1,1,1,240, , , ,1, , , , , , , , ,1,1,1,1,1,1,1, ,1, , ,1,1, , , , , ,240, , , ,1,1,540,1, ,1,1,1,1, , , ,1,1, , ,1,1,1,1, ,1, 
"2019-04-18 07:41:52","2019-04-18 07:41:53",1.0,3.61689945634E-07, , , , , , , , , , , , , , ,1,1, ,1, , , , , , , , , , , , , , , ,1, ,1, , , ,1,1, , , ,218,1,1, , , , ,1,1, ,1, ,1, ,1,1,1,1,1, , , , ,1, , , , , , , , ,1,1,1,1,1,1,1, ,1, , ,1,1, , , , , ,240, , , ,1,1,540,1, ,1,1,1,1, , , ,1,1, , ,1,1,1,1, ,1, 
"2019-04-18 07:41:53","2019-04-18 07:41:54",1.0,3.61689945634E-07, , , , , , , , , , , , , , ,1,1, ,1, , , , , , , , , , , , , , , ,1, ,1, , , ,1,1, , , , ,1,1, , , , ,1,1, ,1, ,1, ,1,1,1,1,1, , , , ,1, , , , , , , , ,1,1,1,1,1,1,1, ,1, , ,1,1, , , , , ,240, , , ,1,1,540,1, ,1,1,1,1, , , ,1,1, , ,1,1,1,1, ,1, 
"2019-04-18 07:41:54","2019-04-18 07:42:04",10.0,3.61689945634E-06, , , , , , , , , , , , , , ,1,1, ,1, , , , , , , , , , , , , , , ,1, ,1, , , ,1,1, , , , ,1,1, , , , ,1,1, ,1, ,1, ,1,1,1,1,1, , , , ,1, , , , , , , , ,1,1,1,1,1,1,1, ,1, , ,1,1, , , , , , , , , ,1,1,540,1, ,1,1,1,1, , , ,1,1, , ,1,1,1,1, ,1, 
"2019-04-18 07:42:04","2019-04-18 07:44:05",121.0,4.37644834218E-05, , , , , , , , , , , , , , ,1,1, ,1, , , , , , , , , , , , , , , ,1, ,1, , , ,1,1, , , , ,1, , , , , ,1,1, ,1, ,1, ,1,1,1,1,1, , , , ,1, , , , , , , , ,1,1,1,1,1,1,1, ,1, , ,1,1, , , , , , , , , ,1,1,540,1, ,1,1,1,1, , , ,1,1, , ,1,1,1,1, ,1, 
"2019-04-18 07:44:05","2019-04-18 07:46:04",119.0,4.30411035305E-05, , , , , , , , , , , , , , ,1,1, ,1, , , , , , , , , , , , , , , ,1, ,1, , , ,1,1, , , , ,1, , , , , ,1,1, ,1, ,1, ,1,1,1,1,1, , , , ,1, , , , , , , , ,1,1,1,1,1,1,1, ,1, , ,1,1, , , , , , , , , ,1,1,300,1, ,1,1,1,1, , , ,1,1, , ,1,1,1,1, ,1, 
"2019-04-18 07:46:04","2019-04-18 07:48:04",120.0,4.34027934761E-05, , , , , , , , , , , , , , ,1,1, ,1, , , , , , , , , , , , , , , ,1, ,1, , , ,1,1, , , , ,1,1, , , , ,1,1, ,1, ,1, ,1,1,1,1,1, , , , ,1, , , , , , , , ,1,1,1,1,1,1,1, ,1, , ,1,1, , , , , , , , , ,1,1,300,1, ,1,1,1,1, , , ,1,1, , ,1,1,1,1, ,1, 
"2019-04-18 07:48:04","2019-04-18 07:49:05",61.0,2.20630866837E-05, , , , , , , , , , , , , , ,1,1, ,1, , , , , , , , , , , , , , , ,1, ,1, , , ,1,1, , , , ,1, , , , , ,1,1, ,1, ,1, ,1,1,1,1,1, , , , ,1, , , , , , , , ,1,1,1,1,1,1,1, ,1, , ,1,1, , , , , , , , , ,1,1,300,1, ,1,1,1,1, , , ,1,1, , ,1,1,1,1, ,1, 
"2019-04-18 07:49:05","2019-04-18 07:52:15",190.0,6.87210896705E-05, , , , , , , , , , , , , , ,1,1, ,1, , , , , , , , , , , , , , , ,1, ,1, , , ,1,1, , , , ,1, , , , , ,1,1, ,1, ,1, ,1,1,1,1,1, , , , ,1, , , , , , , , ,1,1,1,1,1,1,1, ,1, , ,1,1, , , , , , , , , ,1,1, ,1, ,1,1,1,1, , , ,1,1, , ,1,1,1,1, ,1, 
"2019-04-18 07:52:15","2019-04-18 07:54:54",159.0,5.75087013559E-05, , , , , , , , , , , , , , ,1,1, ,1, , , , , , , , , , , , , , , ,1, ,1, , , ,1,1, , , , ,1, , , , , ,1,1, ,1, ,1, ,1,1,1,1,1, , , , ,1, , , , , , , , ,1,1,1,1,1,1,1, ,1, , ,1,1, , , , , ,159, , , ,1,1, ,1, ,1,1,1,1, , , ,1,1, , ,1,1,1,1, ,1, 
"2019-04-18 07:54:54","2019-04-18 07:59:35",281.0,0.000101634874723, , , , , , , , , , , , , , ,1,1, ,1, , , , , , , , , , , , , , , ,1, ,1, , , ,1,1, , , , ,1, , , , , ,1,1, ,1, ,1, ,1,1,1,1,1, , , , ,1, , , , , , , , ,1,1,1,1,1,1,1, ,1, , ,1,1, , , , , , , , , ,1,1, ,1, ,1,1,1,1, , , ,1,1, , ,1,1,1,1, ,1, 
"2019-04-18 07:59:35","2019-04-18 07:59:54",19.0,6.87210896705E-06, , , , , , , , , , , , , , ,1,1, ,1, , , , , , , , , , , , , , , ,1, ,1, , , ,1,1, , , , ,1, , , , , ,1,1, ,1, ,1, ,1,1,1,1,1, , , , ,1, , , , , , , , ,1,1,1,1,1,1,1, ,1, , ,1,1, , , , , , , , , ,1,1,150,1, ,1,1,1,1, , , ,1,1, , ,1,1,1,1, ,1, 
"2019-04-18 07:59:54","2019-04-18 08:00:05",11.0,3.97858940198E-06, , , , , , , , , , , , , , ,1,1, ,1, , , , , ,1, , , , , , , , , ,1, ,1, , , ,1,1, , , , ,1, , , , , ,1,1, ,1, ,1, ,1,1,1,1,1, , , , ,1, , , , , , , , ,1,1,1,1,1,1,1, ,1, , ,1,1, , , , , , , , , ,1,1,150,1, ,1,1,1,1, , , ,1,1, , ,1,1,1,1, ,1, 
"2019-04-18 08:00:05","2019-04-18 08:00:54",49.0,1.77228073361E-05, , , , , , , , , , , , , , ,1,1, ,1, , , , , ,1, , , , , , , , , ,1, ,1, , , ,1,1, , , , ,1,1, , , , ,1,1, ,1, ,1, ,1,1,1,1,1, , , , ,1, , , , , , , , ,1,1,1,1,1,1,1, ,1, , ,1,1, , , , , , , , , ,1,1,150,1, ,1,1,1,1, , , ,1,1, , ,1,1,1,1, ,1, 
"2019-04-18 08:00:54","2019-04-18 08:01:05",11.0,3.97858940198E-06, , , , , , , , , , , , , , ,1,1, ,1, , , , , , , , , , , , , , , ,1, ,1, , , ,1,1, , , , ,1,1, , , , ,1,1, ,1, ,1, ,1,1,1,1,1, , , , ,1, , , , , , , , ,1,1,1,1,1,1,1, ,1, , ,1,1, , , , , , , , , ,1,1,150,1, ,1,1,1,1, , , ,1,1, , ,1,1,1,1, ,1, 
"2019-04-18 08:01:05","2019-04-18 08:02:05",60.0,2.17013967381E-05, , , , , , , , , , , , , , ,1,1, ,1, , , , , , , , , , , , , , , ,1, ,1, , , ,1,1, , , , ,1, , , , , ,1,1, ,1, ,1, ,1,1,1,1,1, , , , ,1, , , , , , , , ,1,1,1,1,1,1,1, ,1, , ,1,1, , , , , , , , , ,1,1,150,1, ,1,1,1,1, , , ,1,1, , ,1,1,1,1, ,1, 
"2019-04-18 08:02:05","2019-04-18 08:03:04",59.0,2.13397067924E-05, , , , , , , , , , , , , , ,1,1, ,1, , , , , , , , , , , , , , , ,1, ,1, , , ,1,1, , , , ,1, , , , , ,1,1, ,1, ,1, ,1,1,1,1,1, , , , ,1, , , , , , , , ,1,1,1,1,1,1,1, ,1, , ,1,1, , , , , , , , , ,1,1,360,1, ,1,1,1,1, , , ,1,1, , ,1,1,1,1, ,1, 
"2019-04-18 08:03:04","2019-04-18 08:06:04",180.0,6.51041902142E-05, , , , , , , , , , , , , , ,1,1, ,1, , , , , , , , , , , , , , , ,1, ,1, , , ,1,1, , , , ,1,1, , , , ,1,1, ,1, ,1, ,1,1,1,1,1, , , , ,1, , , , , , , , ,1,1,1,1,1,1,1, ,1, , ,1,1, , , , , , , , , ,1,1,360,1, ,1,1,1,1, , , ,1,1, , ,1,1,1,1, ,1, 
"2019-04-18 08:06:04","2019-04-18 08:08:05",121.0,4.37644834218E-05, , , , , , , , , , , , , , ,1,1, ,1, , , , , , , , , , , , , , , ,1, ,1, , , ,1,1, , , , ,1, , , , , ,1,1, ,1, ,1, ,1,1,1,1,1, , , , ,1, , , , , , , , ,1,1,1,1,1,1,1, ,1, , ,1,1, , , , , , , , , ,1,1,360,1, ,1,1,1,1, , , ,1,1, , ,1,1,1,1, ,1, 
"2019-04-18 08:08:05","2019-04-18 08:09:04",59.0,2.13397067924E-05, , , , , , , , , , , , , , ,1,1, ,1, , , , , , , , , , , , , , , ,1, ,1, , , ,1,1, , , , ,1, , , , , ,1,1, ,1, ,1, ,1,1,1,1,1, , , , ,1, , , , , , , , ,1,1,1,1,1,1,1, ,1, , ,1,1, , , , , , , , , ,1,1, ,1, ,1,1,1,1, , , ,1,1, , ,1,1,1,1, ,1, 
"2019-04-18 08:09:04","2019-04-18 08:09:05",1.0,3.61689945634E-07, , , , , , , , , , , , , , ,1,1, ,1, , , , , , , , , , , , , , , ,1, ,1, , , ,1,1, , , , ,1, ,1, , , ,1,1, ,1, ,1, ,1,1,1,1,1, , , , ,1, , , , , , , , ,1,1,1,1,1,1,1, ,1, , ,1,1, , , , , , , , , ,1,1, ,1, ,1,1,1,1, , , ,1,1, , ,1,1,1,1, ,1, 
"2019-04-18 08:09:05","2019-04-18 08:10:04",59.0,2.13397067924E-05, , , , , , , , , , , , , , ,1,1, ,1, , , , , , , , , , , , , , , ,1, ,1, , , ,1,1, , , , ,1, ,1, , , ,1,1, ,1, ,1, ,1,1,1,1,1, , , , ,1, , , , , , , , ,1,1,1,1,1,1,1, ,1, , ,1,1, , , , , , , , , ,1,1,180,1, ,1,1,1,1, , , ,1,1, , ,1,1,1,1, ,1, 
"2019-04-18 08:10:04","2019-04-18 08:12:05",121.0,4.37644834218E-05, , , , , , , , , , , , , , ,1,1, ,1, , , , , , , , , , , , , , , ,1, ,1, , , ,1,1, , , , ,1, , , , , ,1,1, ,1, ,1, ,1,1,1,1,1, , , , ,1, , , , , , , , ,1,1,1,1,1,1,1, ,1, , ,1,1, , , , , , , , , ,1,1,180,1, ,1,1,1,1, , , ,1,1, , ,1,1,1,1, ,1, 
"2019-04-18 08:12:05","2019-04-18 08:13:54",109.0,3.94242040741E-05, , , , , , , , , , , , , , ,1,1, ,1, , , , , , , , , , , , , , , ,1, ,1, , , ,1,1, , , , ,1, , , , , ,1,1, ,1, ,1, ,1,1,1,1,1, , , , ,1, , , , , , , , ,1,1,1,1,1,1,1, ,1, , ,1,1, , , , , , , , , ,1,1,180,1, ,1,1,1,1, , , ,1,1, , ,1,1,1,1, ,1, 
"2019-04-18 08:13:54","2019-04-18 08:14:15",21.0,7.59548885832E-06, , , , , , , , , , , , , , ,1,1, ,1, , , , , ,1, , , , , , , , , ,1, ,1, , , ,1,1, , , , ,1, , , , , ,1,1, ,1, ,1, ,1,1,1,1,1, , , , ,1, , , , , , , , ,1,1,1,1,1,1,1, ,1, , ,1,1, , , , , , , , , ,1,1,180,1, ,1,1,1,1, , , ,1,1, , ,1,1,1,1, ,1, 
"2019-04-18 08:14:15","2019-04-18 08:14:52",37.0,1.33825279885E-05, , , , , , , , , , , , , , ,1,1, ,1, , , , , ,1, , , , , , , , , ,1, ,1, , , ,1,1, , , , ,1, , , , , ,1,1, ,1, ,1, ,1,1,1,1,1, , , , ,1, , , , , , , , ,1,1,1,1,1,1,1, ,1, , ,1,1, , , , , ,159, , , ,1,1,180,1, ,1,1,1,1, , , ,1,1, , ,1,1,1,1, ,1, 
"2019-04-18 08:14:52","2019-04-18 08:14:53",1.0,3.61689945634E-07, , , , , , , , , , , , , , ,1,1, ,1, , , , , ,1, , , , , , , , , ,1, ,1, , , ,1,1, , , , ,1, , , , , ,1,1, ,1, ,1, ,1,1,1,1,1,180, , , ,1, , , , , , , , ,1,1,1,1,1,1,1, ,1, , ,1,1, , , , , ,159, , , ,1,1,180,1, ,1,1,1,1, , , ,1,1, , ,1,1,1,1, ,1, 
"2019-04-18 08:14:53","2019-04-18 08:15:05",12.0,4.34027934761E-06, , , , , , , , , , , , , , ,1,1, ,1, , , , , ,1, , , , , , , , , ,1, ,1, , , ,1,1, , , ,180,1, , , , , ,1,1, ,1, ,1, ,1,1,1,1,1,180, , , ,1, , , , , , , , ,1,1,1,1,1,1,1, ,1, , ,1,1, , , , , ,159, , , ,1,1,180,1, ,1,1,1,1, , , ,1,1, , ,1,1,1,1, ,1, 
"2019-04-18 08:15:05","2019-04-18 08:16:54",109.0,3.94242040741E-05, , , , , , , , , , , , , , ,1,1, ,1, , , , , ,1, , , , , , , , , ,1, ,1, , , ,1,1, , , ,180,1, , , , , ,1,1, ,1, ,1, ,1,1,1,1,1,180, , , ,1, , , , , , , , ,1,1,1,1,1,1,1, ,1, , ,1,1, , , , , ,159, , , ,1,1, ,1, ,1,1,1,1, , , ,1,1, , ,1,1,1,1, ,1, 
"2019-04-18 08:16:54","2019-04-18 08:17:52",58.0,2.09780168468E-05, , , , , , , , , , , , , , ,1,1, ,1, , , , , , , , , , , , , , , ,1, ,1, , , ,1,1, , , ,180,1, , , , , ,1,1, ,1, ,1, ,1,1,1,1,1,180, , , ,1, , , , , , , , ,1,1,1,1,1,1,1, ,1, , ,1,1, , , , , , , , , ,1,1, ,1, ,1,1,1,1, , , ,1,1, , ,1,1,1,1, ,1, 
"2019-04-18 08:17:52","2019-04-18 08:17:53",1.0,3.61689945634E-07, , , , , , , , , , , , , , ,1,1, ,1, , , , , , , , , , , , , , , ,1, ,1, , , ,1,1, , , ,180,1, , , , , ,1,1, ,1, ,1, ,1,1,1,1,1, , , , ,1, , , , , , , , ,1,1,1,1,1,1,1, ,1, , ,1,1, , , , , , , , , ,1,1, ,1, ,1,1,1,1, , , ,1,1, , ,1,1,1,1, ,1, 
"2019-04-18 08:17:53","2019-04-18 08:28:54",661.0,0.000239077054064, , , , , , , , , , , , , , ,1,1, ,1, , , , , , , , , , , , , , , ,1, ,1, , , ,1,1, , , , ,1, , , , , ,1,1, ,1, ,1, ,1,1,1,1,1, , , , ,1, , , , , , , , ,1,1,1,1,1,1,1, ,1, , ,1,1, , , , , , , , , ,1,1, ,1, ,1,1,1,1, , , ,1,1, , ,1,1,1,1, ,1, 
"2019-04-18 08:28:54","2019-04-18 08:29:54",60.0,2.17013967381E-05, , , , , , , , , , , , , , ,1,1, ,1, , , , , ,1, , , , , , , , , ,1, ,1, , , ,1,1, , , , ,1, , , , , ,1,1, ,1, ,1, ,1,1,1,1,1, , , , ,1, , , , , , , , ,1,1,1,1,1,1,1, ,1, , ,1,1, , , , , , , , , ,1,1, ,1, ,1,1,1,1, , , ,1,1, , ,1,1,1,1, ,1, 
"2019-04-18 08:29:54","2019-04-18 23:59:59",55805.0,0.0201841074161, , , , , , , , , , , , , , ,1,1, ,1, , , , , , , , , , , , , , , ,1, ,1, , , ,1,1, , , , ,1, , , , , ,1,1, ,1, ,1, ,1,1,1,1,1, , , , ,1, , , , , , , , ,1,1,1,1,1,1,1, ,1, , ,1,1, , , , , , , , , ,1,1, ,1, ,1,1,1,1, , , ,1,1, , ,1,1,1,1, ,1, 
"2019-04-18 23:59:59","2019-04-19 00:00:00",1.0,3.61689945634E-07, , , , , , , , , , , , , , ,1,1, ,1, , , , , , , , , , , , , , , , , ,1, , , ,1,1, , , , ,1, , , , , ,1,1, ,1, ,1, ,1,1,1,1,1, , , , ,1, , , , , , , , ,1,1,1,1,1,1,1, ,1, , ,1,1, , , , , , , , , ,1,1, ,1, ,1,1,1,1, , , ,1,1, , ,1,1,1,1, ,1, 
"2019-04-19 00:00:00","2019-04-19 02:03:54",7434.0,0.00268880305585, , , , , , , , , , , , , , ,1,1, ,1, , , , , , , , , , , , , , ,1, , ,1, , , ,1,1, , , , ,1, , , , , ,1,1, ,1, ,1, ,1,1,1,1,1, , , , ,1, , , , , , , , ,1,1,1,1,1,1,1, ,1, , ,1,1, , , , , , , , , ,1,1, ,1, ,1,1,1,1, , , ,1,1, , ,1,1,1,1, ,1, 
"2019-04-19 02:03:54","2019-04-19 02:04:54",60.0,2.17013967381E-05, , , , , , , , , , , , , , ,1,1, ,1, , , , , ,1, , , , , , , , ,1, , ,1, , , ,1,1, , , , ,1, , , , , ,1,1, ,1, ,1, ,1,1,1,1,1, , , , ,1, , , , , , , , ,1,1,1,1,1,1,1, ,1, , ,1,1, , , , , , , , , ,1,1, ,1, ,1,1,1,1, , , ,1,1, , ,1,1,1,1, ,1, 
"2019-04-19 02:04:54","2019-04-19 02:06:54",120.0,4.34027934761E-05, , , , , , , , , , , , , , ,1,1, ,1, , , , , , , , , , , , , , ,1, , ,1, , , ,1,1, , , , ,1, , , , , ,1,1, ,1, ,1, ,1,1,1,1,1, , , , ,1, , , , , , , , ,1,1,1,1,1,1,1, ,1, , ,1,1, , , , , , , , , ,1,1, ,1, ,1,1,1,1, , , ,1,1, , ,1,1,1,1, ,1, 
"2019-04-19 02:06:54","2019-04-19 02:07:54",60.0,2.17013967381E-05, , , , , , , , , , , , , , ,1,1, ,1, , , , , ,1, , , , , , , , ,1, , ,1, , , ,1,1, , , , ,1, , , , , ,1,1, ,1, ,1, ,1,1,1,1,1, , , , ,1, , , , , , , , ,1,1,1,1,1,1,1, ,1, , ,1,1, , , , , , , , , ,1,1, ,1, ,1,1,1,1, , , ,1,1, , ,1,1,1,1, ,1, 
"2019-04-19 02:07:54","2019-04-19 22:22:33",72879.0,0.0263596015479, , , , , , , , , , , , , , ,1,1, ,1, , , , , , , , , , , , , , ,1, , ,1, , , ,1,1, , , , ,1, , , , , ,1,1, ,1, ,1, ,1,1,1,1,1, , , , ,1, , , , , , , , ,1,1,1,1,1,1,1, ,1, , ,1,1, , , , , , , , , ,1,1, ,1, ,1,1,1,1, , , ,1,1, , ,1,1,1,1, ,1, 
"2019-04-19 22:22:33","2019-04-19 22:22:41",8.0,2.89351956508E-06, , , , , , , , , , , , , , ,1,1, ,1, , , , , , , , , , , , , , ,1, , ,1, , ,300,1,1, , , , ,1, , , , ,300,1,1, ,1, ,1, ,1,1,1,1,1, , , , ,1, , , , , , , , ,1,1,1,1,1,1,1, ,1, , ,1,1, , , , , , , , , ,1,1, ,1, ,1,1,1,1, , , ,1,1, , ,1,1,1,1, ,1, 
"2019-04-19 22:22:41","2019-04-19 22:22:45",4.0,1.44675978254E-06, , , , , , , , , , , , , , ,1,1, ,1, , , , , , , , , , , , , , ,1, , ,1, , ,300,1,1, , , , ,1, , , , ,300,1,1, ,1, ,1, ,1,1,1,1,1, , , , ,1, , , , , , , , ,1,1,1,1,1,1,1, ,1, ,360,1,1, , , , , , , , , ,1,1, ,1, ,1,1,1,1, , , ,1,1, , ,1,1,1,1, ,1, 
"2019-04-19 22:22:45","2019-04-19 22:24:05",80.0,2.89351956508E-05, , , , , , , , , , , , , , ,1,1, ,1, , , , , , , , , , , , , , ,1, , ,1, ,360,300,1,1, , , , ,1, , , , ,300,1,1, ,1, ,1, ,1,1,1,1,1, , , , ,1, , , , , , , , ,1,1,1,1,1,1,1, ,1,360,360,1,1, , , ,360, , , , , ,1,1, ,1, ,1,1,1,1, , , ,1,1, , ,1,1,1,1, ,1, 
"2019-04-19 22:24:05","2019-04-19 22:24:21",16.0,5.78703913015E-06, , , , , , , , , , ,300, , , ,1,1, ,1, , , , , , , , , , , , , , ,1, , ,1, ,360,300,1,1, , , , ,1, , , , ,300,1,1, ,1, ,1, ,1,1,1,1,1, , , , ,1, , , , , , , , ,1,1,1,1,1,1,1, ,1,360,360,1,1, , , ,360, , , , , ,1,1, ,1, ,1,1,1,1, , , ,1,1, , ,1,1,1,1, ,1, 
"2019-04-19 22:24:21","2019-04-19 22:25:21",60.0,2.17013967381E-05, , , , , , , , , , ,300, , , ,1,1, ,1,1, , , , , , , , , , , , , ,1, , ,1, ,360,300,1,1,1, , , ,1, , , , ,300,1,1, ,1, ,1, ,1,1,1,1,1, ,1, , ,1, , , , , , , , ,1,1,1,1,1,1,1, ,1,360,360,1,1, , , ,360, , , , , ,1,1, ,1, ,1,1,1,1, , , ,1,1, , ,1,1,1,1, ,1, 
"2019-04-19 22:25:21","2019-04-19 22:26:21",60.0,2.17013967381E-05, , , , , , , , , , ,300, , , ,1,1, ,1, , , , , , , , , , , , , , ,1, , ,1, ,360,300,1,1, , , , ,1, , , , ,300,1,1, ,1, ,1, ,1,1,1,1,1, , , , ,1, , , , , , , , ,1,1,1,1,1,1,1, ,1,360,360,1,1, , , ,360, , , , , ,1,1, ,1, ,1,1,1,1, , , ,1,1, , ,1,1,1,1, ,1, 
"2019-04-19 22:26:21","2019-04-19 22:27:21",60.0,2.17013967381E-05, , , , , , , , , , ,300, , , ,1,1, ,1, , , , , , , , , , , , , , ,1, , ,1, ,360,300,1,1,1, , , ,1, , , , ,300,1,1, ,1, ,1, ,1,1,1,1,1, , , , ,1, , , , , , , , ,1,1,1,1,1,1,1, ,1,360,360,1,1, , , ,360, , , , , ,1,1, ,1, ,1,1,1,1, , , ,1,1, , ,1,1,1,1, ,1, 
"2019-04-19 22:27:21","2019-04-19 22:27:33",12.0,4.34027934761E-06, , , , , , , , , , ,300, , , ,1,1, ,1, , , , , , , , , , , , , , ,1, , ,1, ,360,300,1,1, , , , ,1, , , , ,300,1,1, ,1, ,1, ,1,1,1,1,1, , , , ,1, , , , , , , , ,1,1,1,1,1,1,1, ,1,360,360,1,1, , , ,360, , , , , ,1,1, ,1, ,1,1,1,1, , , ,1,1, , ,1,1,1,1, ,1, 
"2019-04-19 22:27:33","2019-04-19 22:28:33",60.0,2.17013967381E-05, , , , , , , , , , ,300, , , ,1,1, ,1, , , , , , , , , , , , , , ,1, , ,1, ,360, ,1,1, , , , ,1, , , , , ,1,1, ,1, ,1, ,1,1,1,1,1, , , , ,1, , , , , , , , ,1,1,1,1,1,1,1, ,1,360,360,1,1, , , ,360, , , , , ,1,1, ,1, ,1,1,1,1, , , ,1,1, , ,1,1,1,1, ,1, 
"2019-04-19 22:28:33","2019-04-19 22:28:41",8.0,2.89351956508E-06, , , , , , , , , , ,300, , , ,1,1, ,1, , , , , , , , , , , , , , ,1, , ,1, ,360,240,1,1, , , , ,1, , , , ,240,1,1, ,1, ,1, ,1,1,1,1,1, , , , ,1, , , , , , , , ,1,1,1,1,1,1,1, ,1,360,360,1,1, , , ,360, , , , , ,1,1, ,1, ,1,1,1,1, , , ,1,1, , ,1,1,1,1, ,1, 
"2019-04-19 22:28:41","2019-04-19 22:28:45",4.0,1.44675978254E-06, , , , , , , , , , ,300, , , ,1,1, ,1, , , , , , , , , , , , , , ,1, , ,1, ,360,240,1,1, , , , ,1, , , , ,240,1,1, ,1, ,1, ,1,1,1,1,1, , , , ,1, , , , , , , , ,1,1,1,1,1,1,1, ,1,360, ,1,1, , , ,360, , , , , ,1,1, ,1, ,1,1,1,1, , , ,1,1, , ,1,1,1,1, ,1, 
"2019-04-19 22:28:45","2019-04-19 22:29:05",20.0,7.23379891269E-06, , , , , , , , , , ,300, , , ,1,1, ,1, , , , , , , , , , , , , , ,1, , ,1, ,240,240,1,1, , , , ,1, , , , ,240,1,1, ,1, ,1, ,1,1,1,1,1, , , , ,1, , , , , , , , ,1,1,1,1,1,1,1, ,1,240, ,1,1, , , ,240, , , , , ,1,1, ,1, ,1,1,1,1, , , ,1,1, , ,1,1,1,1, ,1, 
"2019-04-19 22:29:05","2019-04-19 22:29:41",36.0,1.30208380428E-05, , , , , , , , , , ,600, , , ,1,1, ,1, , , , , , , , , , , , , , ,1, , ,1, ,240,240,1,1, , , , ,1, , , , ,240,1,1, ,1, ,1, ,1,1,1,1,1, , , , ,1, , , , , , , , ,1,1,1,1,1,1,1, ,1,240, ,1,1, , , ,240, , , , , ,1,1, ,1, ,1,1,1,1, , , ,1,1, , ,1,1,1,1, ,1, 
"2019-04-19 22:29:41","2019-04-19 22:32:33",172.0,6.22106706491E-05, , , , , , , , , , ,600, , , ,1,1, ,1, , , , , , , , , , , , , , ,1, , ,1, ,240,240,1,1, , , , ,1, , , , ,240,1,1, ,1, ,1, ,1,1,1,1,1, , , , ,1, , , , , , , , ,1,1,1,1,1,1,1, ,1,240,180,1,1, , , ,240, , , , , ,1,1, ,1, ,1,1,1,1, , , ,1,1, , ,1,1,1,1, ,1, 
"2019-04-19 22:32:33","2019-04-19 22:32:41",8.0,2.89351956508E-06, , , , , , , , , , ,600, , , ,1,1, ,1, , , , , , , , , , , , , , ,1, , ,1, ,240, ,1,1, , , , ,1, , , , , ,1,1, ,1, ,1, ,1,1,1,1,1, , , , ,1, , , , , , , , ,1,1,1,1,1,1,1, ,1,240,180,1,1, , , ,240, , , , , ,1,1, ,1, ,1,1,1,1, , , ,1,1, , ,1,1,1,1, ,1, 
"2019-04-19 22:32:41","2019-04-19 22:32:45",4.0,1.44675978254E-06, , , , , , , , , , ,600, , , ,1,1, ,1, , , , , , , , , , , , , , ,1, , ,1, ,240, ,1,1, , , , ,1, , , , , ,1,1, ,1, ,1, ,1,1,1,1,1, , , , ,1, , , , , , , , ,1,1,1,1,1,1,1, ,1,240, ,1,1, , , ,240, , , , , ,1,1, ,1, ,1,1,1,1, , , ,1,1, , ,1,1,1,1, ,1, 
"2019-04-19 22:32:45","2019-04-19 22:35:33",168.0,6.07639108666E-05, , , , , , , , , , ,600, , , ,1,1, ,1, , , , , , , , , , , , , , ,1, , ,1, , , ,1,1, , , , ,1, , , , , ,1,1, ,1, ,1, ,1,1,1,1,1, , , , ,1, , , , , , , , ,1,1,1,1,1,1,1, ,1, , ,1,1, , , , , , , , , ,1,1, ,1, ,1,1,1,1, , , ,1,1, , ,1,1,1,1, ,1, 
"2019-04-19 22:35:33","2019-04-19 22:38:33",180.0,6.51041902142E-05, , , , , , , , , , ,600, , , ,1,1, ,1, , , , , , , , , , , , , , ,1, , ,1, , ,210,1,1, , , , ,1, , , , ,180,1,1, ,1, ,1, ,1,1,1,1,1, , , , ,1, , , , , , , , ,1,1,1,1,1,1,1, ,1, , ,1,1, , , , , , , , , ,1,1, ,1, ,1,1,1,1, , , ,1,1, , ,1,1,1,1, ,1, 
"2019-04-19 22:38:33","2019-04-19 22:39:03",30.0,1.0850698369E-05, , , , , , , , , , ,600, , , ,1,1, ,1, , , , , , , , , , , , , , ,1, , ,1, , ,210,1,1, , , , ,1, , , , , ,1,1, ,1, ,1, ,1,1,1,1,1, , , , ,1, , , , , , , , ,1,1,1,1,1,1,1, ,1, , ,1,1, , , , , , , , , ,1,1, ,1, ,1,1,1,1, , , ,1,1, , ,1,1,1,1, ,1, 
"2019-04-19 22:39:03","2019-04-19 22:39:05",2.0,7.23379891269E-07, , , , , , , , , , ,600, , , ,1,1, ,1, , , , , , , , , , , , , , ,1, , ,1, , , ,1,1, , , , ,1, , , , , ,1,1, ,1, ,1, ,1,1,1,1,1, , , , ,1, , , , , , , , ,1,1,1,1,1,1,1, ,1, , ,1,1, , , , , , , , , ,1,1, ,1, ,1,1,1,1, , , ,1,1, , ,1,1,1,1, ,1, 
"2019-04-19 22:39:05","2019-04-19 23:26:46",2861.0,0.00103479493446, , , , , , , , , , , , , , ,1,1, ,1, , , , , , , , , , , , , , ,1, , ,1, , , ,1,1, , , , ,1, , , , , ,1,1, ,1, ,1, ,1,1,1,1,1, , , , ,1, , , , , , , , ,1,1,1,1,1,1,1, ,1, , ,1,1, , , , , , , , , ,1,1, ,1, ,1,1,1,1, , , ,1,1, , ,1,1,1,1, ,1, 
"2019-04-19 23:26:46","2019-04-19 23:27:45",59.0,2.13397067924E-05, , , , , , , , , , , , , , ,1,1, ,1,1, , , , , , , , , , , , , ,1, ,1,1, , , ,1,1, , , , ,1, , , , , ,1,1, ,1, ,1, ,1,1,1,1,1, ,1, , ,1, , , , , , , , ,1,1,1,1,1,1,1, ,1, , ,1,1, ,1, , ,1, , , , ,1,1, ,1, ,1,1,1,1, , , ,1,1, , ,1,1,1,1, ,1, 
"2019-04-19 23:27:45","2019-04-19 23:59:59",1934.0,0.000699508354857, , , , , , , , , , , , , , ,1,1, ,1, , , , , , , , , , , , , , ,1, , ,1, , , ,1,1, , , , ,1, , , , , ,1,1, ,1, ,1, ,1,1,1,1,1, , , , ,1, , , , , , , , ,1,1,1,1,1,1,1, ,1, , ,1,1, , , , , , , , , ,1,1, ,1, ,1,1,1,1, , , ,1,1, , ,1,1,1,1, ,1, 
"2019-04-19 23:59:59","2019-04-20 00:00:00",1.0,3.61689945634E-07, , , , , , , , , , , , , , ,1,1, ,1, , , , , , , , , , , , , , , , , ,1, , , ,1,1, , , , ,1, , , , , ,1,1, ,1, ,1, ,1,1,1,1,1, , , , ,1, , , , , , , , ,1,1,1,1,1,1,1, ,1, , ,1,1, , , , , , , , , ,1,1, ,1, ,1,1,1,1, , , ,1,1, , ,1,1,1,1, ,1, 
"2019-04-20 00:00:00","2019-04-20 23:59:59",86399.0,0.0312496496129, , , , , , , , , , , , , , ,1,1, ,1, , , , , , , , , , , , , , , , , ,1, , , ,1,1, , , , ,1, , , , , ,1,1, ,1, ,1, ,1,1,1,1,1, , , , ,1, , , , ,1, , , ,1,1,1,1,1,1,1, ,1, , ,1,1, , , , , , , , , ,1,1, ,1, ,1,1,1,1, , , ,1,1, , ,1,1,1,1, ,1, 
"2019-04-20 23:59:59","2019-04-21 00:00:00",1.0,3.61689945634E-07, , , , , , , , , , , , , , ,1,1, ,1, , , , , , , , , , , , , , , , , ,1, , , ,1,1, , , , ,1, , , , , ,1,1, ,1, ,1, ,1,1,1,1,1, , , , ,1, , , , , , , , ,1,1,1,1,1,1,1, ,1, , ,1,1, , , , , , , , , ,1,1, ,1, ,1,1,1,1, , , ,1,1, , ,1,1,1,1, ,1, 
"2019-04-21 00:00:00","2019-04-21 23:59:59",86399.0,0.0312496496129, , , , , , , , , , , , , , ,1,1, ,1, , , , , , , , , , , , , , , , , ,1, , , ,1,1, , , , ,1, , , , , ,1,1, ,1, ,1, ,1,1,1,1,1, , , , ,1, , , , , ,1, , ,1,1,1,1,1,1,1, ,1, , ,1,1, , , , , , , , , ,1,1, ,1, ,1,1,1,1, , , ,1,1, , ,1,1,1,1, ,1, 
"2019-04-21 23:59:59","2019-04-22 00:00:00",1.0,3.61689945634E-07, , , , , , , , , , , , , , ,1,1, ,1, , , , , , , , , , , , , , , , , ,1, , , ,1,1, , , , ,1, , , , , ,1,1, ,1, ,1, ,1,1,1,1,1, , , , ,1, , , , , , , , ,1,1,1,1,1,1,1, ,1, , ,1,1, , , , , , , , , ,1,1, ,1, ,1,1,1,1, , , ,1,1, , ,1,1,1,1, ,1, 
"2019-04-22 00:00:00","2019-04-22 23:59:59",86399.0,0.0312496496129, , , , , , , , , , , , , , ,1,1, ,1, , , , , , , , , , , , , , , , , ,1, , , ,1,1, , , , ,1, , , , , ,1,1, ,1, ,1, ,1,1,1,1,1, , , , ,1, , , , , , ,1, ,1,1,1,1,1,1,1, ,1, , ,1,1, , , , , , , , , ,1,1, ,1, ,1,1,1,1, , , ,1,1, , ,1,1,1,1, ,1, 
"2019-04-22 23:59:59","2019-04-23 00:00:00",1.0,3.61689945634E-07, , , , , , , , , , , , , , ,1,1, ,1, , , , , , , , , , , , , , , , , ,1, , , ,1,1, , , , ,1, , , , , ,1,1, ,1, ,1, ,1,1,1,1,1, , , , ,1, , , , , , , , ,1,1,1,1,1,1,1, ,1, , ,1,1, , , , , , , , , ,1,1, ,1, ,1,1,1,1, , , ,1,1, , ,1,1,1,1, ,1, 
"2019-04-23 00:00:00","2019-04-23 23:59:59",86399.0,0.0312496496129, , , , , , , , , , , , , , ,1,1, ,1, , , , , , , , , , , , , , , , , ,1, , , ,1,1, , , , ,1, , , , , ,1,1, ,1, ,1, ,1,1,1,1,1, , , , ,1, , , , , , , ,1,1,1,1,1,1,1,1, ,1, , ,1,1, , , , , , , , , ,1,1, ,1, ,1,1,1,1, , , ,1,1, , ,1,1,1,1, ,1, 
"2019-04-23 23:59:59","2019-04-24 00:00:00",1.0,3.61689945634E-07, , , , , , , , , , , , , , ,1,1, ,1, , , , , , , , , , , , , , , , , ,1, , , ,1,1, , , , ,1, , , , , ,1,1, ,1, ,1, ,1,1,1,1,1, , , , ,1, , , , , , , , ,1,1,1,1,1,1,1, ,1, , ,1,1, , , , , , , , , ,1,1, ,1, ,1,1,1,1, , , ,1,1, , ,1,1,1,1, ,1, 
"2019-04-24 00:00:00","2019-04-24 15:21:33",55293.0,0.019998922164, , , , , , , , , , , , , , ,1,1, ,1, , , , , , , , , , , , , , , , , ,1, , , ,1,1, , , , ,1, , , , , ,1,1, ,1, ,1, ,1,1,1,1,1, , , , ,1,1, , , , , , , ,1,1,1,1,1,1,1, ,1, , ,1,1, , , , , , , , , ,1,1, ,1, ,1,1,1,1, , , ,1,1, , ,1,1,1,1, ,1, 
"2019-04-24 15:21:33","2019-04-24 15:24:33",180.0,6.51041902142E-05, , , , , , , , , , , , , , ,1,1, ,1, , , , , , , , , , , , , , , , , ,1, , ,180,1,1, , , , ,1, , , , ,180,1,1, ,1, ,1, ,1,1,1,1,1, , , , ,1,1, , , , , , , ,1,1,1,1,1,1,1, ,1, , ,1,1, , , , , , , , , ,1,1, ,1, ,1,1,1,1, , , ,1,1, , ,1,1,1,1, ,1, 
"2019-04-24 15:24:33","2019-04-24 23:59:59",30926.0,0.0111856232587, , , , , , , , , , , , , , ,1,1, ,1, , , , , , , , , , , , , , , , , ,1, , , ,1,1, , , , ,1, , , , , ,1,1, ,1, ,1, ,1,1,1,1,1, , , , ,1,1, , , , , , , ,1,1,1,1,1,1,1, ,1, , ,1,1, , , , , , , , , ,1,1, ,1, ,1,1,1,1, , , ,1,1, , ,1,1,1,1, ,1, 
"2019-04-24 23:59:59","2019-04-25 00:00:00",1.0,3.61689945634E-07, , , , , , , , , , , , , , ,1,1, ,1, , , , , , , , , , , , , , , , , ,1, , , ,1,1, , , , ,1, , , , , ,1,1, ,1, ,1, ,1,1,1,1,1, , , , ,1, , , , , , , , ,1,1,1,1,1,1,1, ,1, , ,1,1, , , , , , , , , ,1,1, ,1, ,1,1,1,1, , , ,1,1, , ,1,1,1,1, ,1, 
"2019-04-25 00:00:00","2019-04-25 14:06:33",50793.0,0.0183713174086, , , , , , , , , , , , , , ,1,1, ,1, , , , , , , , , , , , , , , , , ,1, , , ,1,1, , , , ,1, , , , , ,1,1, ,1, ,1, ,1,1,1,1,1, , , , ,1, ,1, , , , , , ,1,1,1,1,1,1,1, ,1, , ,1,1, , , , , , , , , ,1,1, ,1, ,1,1,1,1, , , ,1,1, , ,1,1,1,1, ,1, 
"2019-04-25 14:06:33","2019-04-25 14:06:41",8.0,2.89351956508E-06, , , , , , , , , , , , , , ,1,1, ,1, , , , , , , , , , , , , , , , , ,1, , ,180,1,1, , , , ,1, , , , ,180,1,1, ,1, ,1, ,1,1,1,1,1, , , , ,1, ,1, , , , , , ,1,1,1,1,1,1,1, ,1, , ,1,1, , , , , , , , , ,1,1, ,1, ,1,1,1,1, , , ,1,1, , ,1,1,1,1, ,1, 
"2019-04-25 14:06:41","2019-04-25 14:06:45",4.0,1.44675978254E-06, , , , , , , , , , , , , , ,1,1, ,1, , , , , , , , , , , , , , , , , ,1, , ,180,1,1, , , , ,1, , , , ,180,1,1, ,1, ,1, ,1,1,1,1,1, , , , ,1, ,1, , , , , , ,1,1,1,1,1,1,1, ,1, ,180,1,1, , , , , , , , , ,1,1, ,1, ,1,1,1,1, , , ,1,1, , ,1,1,1,1, ,1, 
"2019-04-25 14:06:45","2019-04-25 14:06:58",13.0,4.70196929325E-06, , , , , , , , , , , , , , ,1,1, ,1, , , , , , , , , , , , , , , , , ,1, ,180,180,1,1, , , , ,1, , , , ,180,1,1, ,1, ,1, ,1,1,1,1,1, , , , ,1, ,1, , , , , , ,1,1,1,1,1,1,1, ,1,180,180,1,1, , , ,180, , , , , ,1,1, ,1, ,1,1,1,1, , , ,1,1, , ,1,1,1,1, ,1, 
"2019-04-25 14:06:58","2019-04-25 14:07:05",7.0,2.53182961944E-06, , , , , , , , , , , , , , ,1,1, ,1, , , , , , , , , , , , , , , , , ,1, ,180,180,1,1, , , , ,1, , , , ,180,1,1, ,1, ,1, ,1,1,1,1,1, , , , ,1, ,1, , , , , , ,1,1,1,1,1,1,1, ,1,180,180,1,1, , , ,180, , , , , ,1,1, ,1, ,1,1,1,1, , , ,1,1, , ,1,1,1,1, ,1,155
"2019-04-25 14:07:05","2019-04-25 14:08:26",81.0,2.92968855964E-05, , , , , , , , , , ,150, , , ,1,1, ,1, , , , , , , , , , , , , , , , , ,1, ,180,180,1,1, , , , ,1, , , , ,180,1,1, ,1, ,1, ,1,1,1,1,1, , , , ,1, ,1, , , , , , ,1,1,1,1,1,1,1, ,1,180,180,1,1, , , ,180, , , , , ,1,1, ,1, ,1,1,1,1, , , ,1,1, , ,1,1,1,1, ,1,155
"2019-04-25 14:08:26","2019-04-25 14:09:33",67.0,2.42332263575E-05, , , , , , , , , , ,150, , , ,1,1, ,1, , , , , , , , , , , , , , , , , ,1, ,180,180,1,1, , , , ,1, , , , ,180,1,1, ,1, ,1, ,1,1,1,1,1, , , , ,1, ,1, , , , , , ,1,1,1,1,1,1,1, ,1,180,180,1,1, , , ,180, , , , , ,1,1, ,1,1,1,1,1,1, , , ,1,1, , ,1,1,1,1, ,1,155
"2019-04-25 14:09:33","2019-04-25 14:09:35",2.0,7.23379891269E-07, , , , , , , , , , ,150, , , ,1,1, ,1, , , , , , , , , , , , , , , , , ,1, ,180, ,1,1, , , , ,1, , , , , ,1,1, ,1, ,1, ,1,1,1,1,1, , , , ,1, ,1, , , , , , ,1,1,1,1,1,1,1, ,1,180,180,1,1, , , ,180, , , , , ,1,1, ,1,1,1,1,1,1, , , ,1,1, , ,1,1,1,1, ,1, 
"2019-04-25 14:09:35","2019-04-25 14:09:41",6.0,2.17013967381E-06, , , , , , , , , , , , , , ,1,1, ,1, , , , , , , , , , , , , , , , , ,1, ,180, ,1,1, , , , ,1, , , , , ,1,1, ,1, ,1, ,1,1,1,1,1, , , , ,1, ,1, , , , , , ,1,1,1,1,1,1,1, ,1,180,180,1,1, , , ,180, , , , , ,1,1, ,1,1,1,1,1,1, , , ,1,1, , ,1,1,1,1, ,1, 
"2019-04-25 14:09:41","2019-04-25 14:09:45",4.0,1.44675978254E-06, , , , , , , , , , , , , , ,1,1, ,1, , , , , , , , , , , , , , , , , ,1, ,180, ,1,1, , , , ,1, , , , , ,1,1, ,1, ,1, ,1,1,1,1,1, , , , ,1, ,1, , , , , , ,1,1,1,1,1,1,1, ,1,180, ,1,1, , , ,180, , , , , ,1,1, ,1,1,1,1,1,1, , , ,1,1, , ,1,1,1,1, ,1, 
"2019-04-25 14:09:45","2019-04-25 14:09:50",5.0,1.80844972817E-06, , , , , , , , , , , , , , ,1,1, ,1, , , , , , , , , , , , , , , , , ,1, , , ,1,1, , , , ,1, , , , , ,1,1, ,1, ,1, ,1,1,1,1,1, , , , ,1, ,1, , , , , , ,1,1,1,1,1,1,1, ,1, , ,1,1, , , , , , , , , ,1,1, ,1,1,1,1,1,1, , , ,1,1, , ,1,1,1,1, ,1, 
"2019-04-25 14:09:50","2019-04-25 23:59:59",35409.0,0.012807079285, , , , , , , , , , , , , , ,1,1, ,1, , , , , , , , , , , , , , , , , ,1, , , ,1,1, , , , ,1, , , , , ,1,1, ,1, ,1, ,1,1,1,1,1, , , , ,1, ,1, , , , , , ,1,1,1,1,1,1,1, ,1, , ,1,1, , , , , , , , , ,1,1, ,1, ,1,1,1,1, , , ,1,1, , ,1,1,1,1, ,1, 
"2019-04-25 23:59:59","2019-04-26 00:00:00",1.0,3.61689945634E-07, , , , , , , , , , , , , , ,1,1, ,1, , , , , , , , , , , , , , , , , ,1, , , ,1,1, , , , ,1, , , , , ,1,1, ,1, ,1, ,1,1,1,1,1, , , , ,1, , , , , , , , ,1,1,1,1,1,1,1, ,1, , ,1,1, , , , , , , , , ,1,1, ,1, ,1,1,1,1, , , ,1,1, , ,1,1,1,1, ,1, 
"2019-04-26 00:00:00","2019-04-26 05:17:35",19055.0,0.00689200191406, , , , , , , , , , , , , , ,1,1, ,1, , , , , , , , , , , , , , , , , ,1, , , ,1,1, , , , ,1, , , , , ,1,1, ,1, ,1, ,1,1,1,1,1, , , , ,1, , ,1, , , , , ,1,1,1,1,1,1,1, ,1, , ,1,1, , , , , , , , , ,1,1, ,1, ,1,1,1,1, , , ,1,1, , ,1,1,1,1, ,1, 
"2019-04-26 05:17:35","2019-04-26 12:22:21",25486.0,0.00921802995444, , , , , , , , , , , , , , ,1,1, ,1, , , , , , , , , , , , , , , , , ,1, , , ,1, , , , , ,1, , , , , ,1,1, ,1, ,1, ,1,1,1,1, , , , , ,1, , ,1, , , , , , ,1,1,1,1,1,1, ,1, , ,1,1, , , , , , , , , ,1,1, ,1, ,1,1,1,1, , , ,1,1, , ,1,1,1,1, ,1, 
"2019-04-26 12:22:21","2019-04-26 12:22:33",12.0,4.34027934761E-06, , , , , , , , , , , , , , ,1,1, ,1, , , , , , , , , , , , , , , , , ,1, , , ,1, , ,360, , ,1, , , ,360, ,1,1, ,1, ,1, ,1,1,1,1, , , , , ,1, , ,1, , , , , , ,1,1,1,1,1,1, ,1, , ,1,1, , , , , , , , , ,1,1, ,1, ,1,1,1,1, , , ,1,1, , ,1,1,1,1, ,1, 
"2019-04-26 12:22:33","2019-04-26 12:22:41",8.0,2.89351956508E-06, , , , , , , , , , , , , , ,1,1, ,1, , , , , , , , , , , , , , , , , ,1, , ,360,1, , ,360, , ,1, , , ,360,360,1,1, ,1, ,1, ,1,1,1,1, , , , , ,1, , ,1, , , , , , ,1,1,1,1,1,1, ,1, , ,1,1, , , , , , , , , ,1,1, ,1, ,1,1,1,1, , , ,1,1, , ,1,1,1,1, ,1, 
"2019-04-26 12:22:41","2019-04-26 12:22:45",4.0,1.44675978254E-06, , , , , , , , , , , , , , ,1,1, ,1, , , , , , , , , , , , , , , , , ,1, , ,360,1, , ,360, , ,1, , , ,360,360,1,1, ,1, ,1, ,1,1,1,1, , , , , ,1, , ,1, , , , , , ,1,1,1,1,1,1, ,1, ,360,1,1, , , , , , , , , ,1,1, ,1, ,1,1,1,1, , , ,1,1, , ,1,1,1,1, ,1, 
"2019-04-26 12:22:45","2019-04-26 12:22:58",13.0,4.70196929325E-06, , , , , , , , , , , , , , ,1,1, ,1, , , , , , , , , , , , , , , , , ,1, ,300,360,1, , ,360, , ,1, , , ,360,360,1,1, ,1, ,1, ,1,1,1,1, , , , , ,1, , ,1, , , , , , ,1,1,1,1,1,1, ,1,300,360,1,1, , , ,300, , , , , ,1,1, ,1, ,1,1,1,1, , , ,1,1, , ,1,1,1,1, ,1, 
"2019-04-26 12:22:58","2019-04-26 12:23:05",7.0,2.53182961944E-06, , , , , , , , , , , , , , ,1,1, ,1, , , , , , , , , , , , , , , , , ,1, ,300,360,1, , ,360, , ,1, , , ,360,360,1,1, ,1, ,1, ,1,1,1,1, , , , , ,1, , ,1, , , , , , ,1,1,1,1,1,1, ,1,300,360,1,1, , , ,300, , , , , ,1,1, ,1, ,1,1,1,1, , , ,1,1, , ,1,1,1,1, ,1,300
"2019-04-26 12:23:05","2019-04-26 12:23:55",50.0,1.80844972817E-05, , , , , , , , , , ,301, , , ,1,1, ,1, , , , , , , , , , , , , , , , , ,1, ,300,360,1, , ,360, , ,1, , , ,360,360,1,1, ,1, ,1, ,1,1,1,1, , , , , ,1, , ,1, , , , , , ,1,1,1,1,1,1, ,1,300,360,1,1, , , ,300, , , , , ,1,1, ,1, ,1,1,1,1, , , ,1,1, , ,1,1,1,1, ,1,300
"2019-04-26 12:23:55","2019-04-26 12:26:51",176.0,6.36574304317E-05, , , , , , , , , , ,301, , , ,1,1, ,1, , , , , , , , , , , , , , , , , ,1, ,300,360,1, , ,360, , ,1, , , ,360,360,1,1, ,1, ,1, ,1,1,1,1, , , , , ,1, , ,1, , , , , , ,1,1,1,1,1,1, ,1,300,360,1,1, , , ,300, , , , , ,1,1, ,1,1,1,1,1,1, , , ,1,1, , ,1,1,1,1, ,1,300
"2019-04-26 12:26:51","2019-04-26 12:27:45",54.0,1.95312570643E-05, , , , , , , , , , ,301, , , ,1,1, ,1, , , , , , , , , , , , , , , , , ,1, ,300,360,1, , ,360, , ,1, , , ,360,360,1,1, ,1, ,1, ,1,1,1,1, , , , , ,1, , ,1, , , , , , ,1,1,1,1,1,1, ,1,300,360,1,1, , , ,300, , , , , ,1,1, ,1, ,1,1,1,1, , , ,1,1, , ,1,1,1,1, ,1,300
"2019-04-26 12:27:45","2019-04-26 12:27:58",13.0,4.70196929325E-06, , , , , , , , , , ,301, , , ,1,1, ,1, , , , , , , , , , , , , , , , , ,1, , ,360,1, , ,360, , ,1, , , ,360,360,1,1, ,1, ,1, ,1,1,1,1, , , , , ,1, , ,1, , , , , , ,1,1,1,1,1,1, ,1, ,360,1,1, , , , , , , , , ,1,1, ,1, ,1,1,1,1, , , ,1,1, , ,1,1,1,1, ,1,300
"2019-04-26 12:27:58","2019-04-26 12:28:06",8.0,2.89351956508E-06, , , , , , , , , , ,301, , , ,1,1, ,1, , , , , , , , , , , , , , , , , ,1, , ,360,1, , ,360, , ,1, , , ,360,360,1,1, ,1, ,1, ,1,1,1,1, , , , , ,1, , ,1, , , , , , ,1,1,1,1,1,1, ,1, ,360,1,1, , , , , , , , , ,1,1, ,1, ,1,1,1,1, , , ,1,1, , ,1,1,1,1, ,1, 
"2019-04-26 12:28:06","2019-04-26 12:28:21",15.0,5.42534918452E-06, , , , , , , , , , , , , , ,1,1, ,1, , , , , , , , , , , , , , , , , ,1, , ,360,1, , ,360, , ,1, , , ,360,360,1,1, ,1, ,1, ,1,1,1,1, , , , , ,1, , ,1, , , , , , ,1,1,1,1,1,1, ,1, ,360,1,1, , , , , , , , , ,1,1, ,1, ,1,1,1,1, , , ,1,1, , ,1,1,1,1, ,1, 
"2019-04-26 12:28:21","2019-04-26 12:28:33",12.0,4.34027934761E-06, , , , , , , , , , , , , , ,1,1, ,1, , , , , , , , , , , , , , , , , ,1, , ,360,1, , , , , ,1, , , , ,360,1,1, ,1, ,1, ,1,1,1,1, , , , , ,1, , ,1, , , , , , ,1,1,1,1,1,1, ,1, ,360,1,1, , , , , , , , , ,1,1, ,1, ,1,1,1,1, , , ,1,1, , ,1,1,1,1, ,1, 
"2019-04-26 12:28:33","2019-04-26 12:28:41",8.0,2.89351956508E-06, , , , , , , , , , , , , , ,1,1, ,1, , , , , , , , , , , , , , , , , ,1, , , ,1, , , , , ,1, , , , , ,1,1, ,1, ,1, ,1,1,1,1, , , , , ,1, , ,1, , , , , , ,1,1,1,1,1,1, ,1, ,360,1,1, , , , , , , , , ,1,1, ,1, ,1,1,1,1, , , ,1,1, , ,1,1,1,1, ,1, 
"2019-04-26 12:28:41","2019-04-26 23:59:59",41478.0,0.015002175565, , , , , , , , , , , , , , ,1,1, ,1, , , , , , , , , , , , , , , , , ,1, , , ,1, , , , , ,1, , , , , ,1,1, ,1, ,1, ,1,1,1,1, , , , , ,1, , ,1, , , , , , ,1,1,1,1,1,1, ,1, , ,1,1, , , , , , , , , ,1,1, ,1, ,1,1,1,1, , , ,1,1, , ,1,1,1,1, ,1, 
"2019-04-26 23:59:59","2019-04-27 00:00:00",1.0,3.61689945634E-07, , , , , , , , , , , , , , ,1,1, ,1, , , , , , , , , , , , , , , , , ,1, , , ,1, , , , , ,1, , , , , ,1,1, ,1, ,1, ,1,1,1,1, , , , , ,1, , , , , , , , , ,1,1,1,1,1,1, ,1, , ,1,1, , , , , , , , , ,1,1, ,1, ,1,1,1,1, , , ,1,1, , ,1,1,1,1, ,1, 
"2019-04-27 00:00:00","2019-04-27 23:59:59",86399.0,0.0312496496129, , , , , , , , , , , , , , ,1,1, ,1, , , , , , , , , , , , , , , , , ,1, , , ,1, , , , , ,1, , , , , ,1,1, ,1, ,1, ,1,1,1,1, , , , , ,1, , , , , , , , , ,1,1,1,1,1,1, ,1, , ,1,1, , , , , , , , , ,1,1, ,1, ,1,1,1,1, , , ,1,1,1, ,1,1,1,1, ,1, 
"2019-04-27 23:59:59","2019-04-28 00:00:00",1.0,3.61689945634E-07, , , , , , , , , , , , , , ,1,1, ,1, , , , , , , , , , , , , , , , , ,1, , , ,1, , , , , ,1, , , , , ,1,1, ,1, ,1, ,1,1,1,1, , , , , ,1, , , , , , , , , ,1,1,1,1,1,1, ,1, , ,1,1, , , , , , , , , ,1,1, ,1, ,1,1,1,1, , , ,1,1, , ,1,1,1,1, ,1, 
"2019-04-28 00:00:00","2019-04-28 08:02:37",28957.0,0.0104734557557, , , , , , , , , , , , , , ,1,1, ,1, , , , , , , , , , , , , , , , , ,1, , , ,1, , , , , ,1, , , , , ,1,1, ,1, ,1, ,1,1,1,1, , , ,1, ,1, , , , , , , , , ,1,1,1,1,1,1, ,1, , ,1,1, , , , , , , , , ,1,1, ,1, ,1,1,1,1, , , ,1,1, , ,1,1,1,1, ,1, 
"2019-04-28 08:02:37","2019-04-28 08:02:44",7.0,2.53182961944E-06, , , , , , , , , , , , , , ,1,1, ,1, , ,13451, , , , , , , , , , , , , , ,1, , , ,1, , , , , ,1, , , , , ,1,1, ,1, ,1, ,1,1,1,1, , , ,1, ,1, , , , , , , , , ,1,1,1,1,1,1, ,1, , ,1,1, , , , , , , , , ,1,1, ,1, ,1,1,1,1, , , ,1,1, , ,1,1,1,1, ,1, 
"2019-04-28 08:02:44","2019-04-28 11:43:44",13260.0,0.00479600867911, , , , , , , , , , , , , , ,1,1,1,1, , ,13451, , , , , , , , , , , , , , ,1, , , ,1, , , , , ,1, , , , , ,1,1, ,1, ,1, ,1,1,1,1, , , ,1, ,1, , , , , , , , , ,1,1,1,1,1,1, ,1, , ,1,1, , , , , , , , , ,1,1, ,1, ,1,1,1,1, , , ,1,1, , ,1,1,1,1, ,1, 
"2019-04-28 11:43:44","2019-04-28 11:46:48",184.0,6.65509499967E-05, , , , , , , , , , , , , , ,1,1, ,1, , ,13451, , , , , , , , , , , , , , ,1, , , ,1, , , , , ,1, , , , , ,1,1, ,1, ,1, ,1,1,1,1, , , ,1, ,1, , , , , , , , , ,1,1,1,1,1,1, ,1, , ,1,1, , , , , , , , , ,1,1, ,1, ,1,1,1,1, , , ,1,1, , ,1,1,1,1, ,1, 
"2019-04-28 11:46:48","2019-04-28 12:08:44",1316.0,0.000475983968455, , , , , , , , , , , , , , ,1,1, ,1, , , , , , , , , , , , , , , , , ,1, , , ,1, , , , , ,1, , , , , ,1,1, ,1, ,1, ,1,1,1,1, , , ,1, ,1, , , , , , , , , ,1,1,1,1,1,1, ,1, , ,1,1, , , , , , , , , ,1,1, ,1, ,1,1,1,1, , , ,1,1, , ,1,1,1,1, ,1, 
"2019-04-28 12:08:44","2019-04-28 12:09:37",53.0,1.91695671186E-05, , , , , , , , , , , , , , ,1,1,1,1, , , , , , , , , , , , , , , , , ,1, , , ,1, , , , , ,1, , , , , ,1,1, ,1, ,1, ,1,1,1,1, , , ,1, ,1, , , , , , , , , ,1,1,1,1,1,1, ,1, , ,1,1, , , , , , , , , ,1,1, ,1, ,1,1,1,1, , , ,1,1, , ,1,1,1,1, ,1, 
"2019-04-28 12:09:37","2019-04-28 13:00:44",3067.0,0.00110930306326, , , , , , , , , , , , , , ,1,1,1,1, , ,3240, , , , , , , , , , , , , , ,1, , , ,1, , , , , ,1, , , , , ,1,1, ,1, ,1, ,1,1,1,1, , , ,1, ,1, , , , , , , , , ,1,1,1,1,1,1, ,1, , ,1,1, , , , , , , , , ,1,1, ,1, ,1,1,1,1, , , ,1,1, , ,1,1,1,1, ,1, 
"2019-04-28 13:00:44","2019-04-28 13:03:37",173.0,6.25723605947E-05, , , , , , , , , , , , , , ,1,1, ,1, , ,3240, , , , , , , , , , , , , , ,1, , , ,1, , , , , ,1, , , , , ,1,1, ,1, ,1, ,1,1,1,1, , , ,1, ,1, , , , , , , , , ,1,1,1,1,1,1, ,1, , ,1,1, , , , , , , , , ,1,1, ,1, ,1,1,1,1, , , ,1,1, , ,1,1,1,1, ,1, 
"2019-04-28 13:03:37","2019-04-28 23:59:59",39382.0,0.014244073439, , , , , , , , , , , , , , ,1,1, ,1, , , , , , , , , , , , , , , , , ,1, , , ,1, , , , , ,1, , , , , ,1,1, ,1, ,1, ,1,1,1,1, , , ,1, ,1, , , , , , , , , ,1,1,1,1,1,1, ,1, , ,1,1, , , , , , , , , ,1,1, ,1, ,1,1,1,1, , , ,1,1, , ,1,1,1,1, ,1, 
"2019-04-28 23:59:59","2019-04-29 00:00:00",1.0,3.61689945634E-07, , , , , , , , , , , , , , ,1,1, ,1, , , , , , , , , , , , , , , , , ,1, , , ,1, , , , , ,1, , , , , ,1,1, ,1, ,1, ,1,1,1,1, , , , , ,1, , , , , , , , , ,1,1,1,1,1,1, ,1, , ,1,1, , , , , , , , , ,1,1, ,1, ,1,1,1,1, , , ,1,1, , ,1,1,1,1, ,1, 
"2019-04-29 00:00:00","2019-04-29 23:59:59",86399.0,0.0312496496129, , , , , , , , , , , , , , ,1,1, ,1, , , , , , , , , , , , , , , , , ,1, , , ,1, , , , , ,1, , , , , ,1,1, ,1, ,1, ,1,1,1,1, , , , ,1,1, , , , , , , , , ,1,1,1,1,1,1, ,1, , ,1,1, , , , , , , , , ,1,1, ,1, ,1,1,1,1, , , ,1,1, , ,1,1,1,1, ,1, 
"2019-04-29 23:59:59","2019-04-30 00:00:00",1.0,3.61689945634E-07, , , , , , , , , , , , , , ,1,1, ,1, , , , , , , , , , , , , , , , , ,1, , , ,1, , , , , ,1, , , , , ,1,1, ,1, ,1, ,1,1,1,1, , , , , ,1, , , , , , , , , ,1,1,1,1,1,1, ,1, , ,1,1, , , , , , , , , ,1,1, ,1, ,1,1,1,1, , , ,1,1, , ,1,1,1,1, ,1, 
"2019-04-30 00:00:00","2019-04-30 19:17:04",69424.0,0.0251099627857, , , , , , , , , , , , , , ,1,1, ,1, , , , , , , , , , , , , , , , , ,1, , , ,1, , , , , ,1, , , , , ,1,1, ,1, ,1, ,1,1,1,1, , , , , ,1, , , , , , , , , ,1,1,1,1,1,1, ,1, , ,1,1,1, , , , , , , , ,1,1, ,1, ,1,1,1,1, , , ,1,1, , ,1,1,1,1, ,1, 
"2019-04-30 19:17:04","2019-04-30 19:17:05",1.0,3.61689945634E-07, , , , , , , , , , , , , , ,1,1, ,1, , , ,180, , , , , , , , , , , , , ,1, , , ,1, , , , , ,1, , , , , ,1,1, ,1, ,1, ,1,1,1,1, , , , , ,1, , , , , , , , , ,1,1,1,1,1,1, ,1, , ,1,1,1, , , , , , , , ,1,1, ,1, ,1,1,1,1, , , ,1,1, , ,1,1,1,1, ,1, 
"2019-04-30 19:17:05","2019-04-30 19:20:04",179.0,6.47425002686E-05, , , , , , , , , , , , , , ,1,1, ,1, , , ,180, , , , , , , , , , , , , ,1, , , ,1, , , , , ,1, , , , , ,1,1, ,1, ,1, ,1,1,1,1, , , , , ,1, , , , , , , , , ,1,1,1,1,1,1, ,1, , ,1,1,1, , , , , , , , ,1,1,180,1, ,1,1,1,1, , , ,1,1, , ,1,1,1,1, ,1, 
"2019-04-30 19:20:04","2019-04-30 19:20:05",1.0,3.61689945634E-07, , , , , , , , , , , , , , ,1,1, ,1, , , , , , , , , , , , , , , , , ,1, , , ,1, , , , , ,1, , , , , ,1,1, ,1, ,1, ,1,1,1,1, , , , , ,1, , , , , , , , , ,1,1,1,1,1,1, ,1, , ,1,1,1, , , , , , , , ,1,1,180,1, ,1,1,1,1, , , ,1,1, , ,1,1,1,1, ,1, 
"2019-04-30 19:20:05","2019-04-30 23:59:59",16794.0,0.00607422094698, , , , , , , , , , , , , , ,1,1, ,1, , , , , , , , , , , , , , , , , ,1, , , ,1, , , , , ,1, , , , , ,1,1, ,1, ,1, ,1,1,1,1, , , , , ,1, , , , , , , , , ,1,1,1,1,1,1, ,1, , ,1,1,1, , , , , , , , ,1,1, ,1, ,1,1,1,1, , , ,1,1, , ,1,1,1,1, ,1, 
"2019-04-30 23:59:59","2019-05-01 00:00:00",1.0,3.61689945634E-07, , , , , , , , , , , , , , ,1,1, ,1, , , , , , , , , , , , , , , , , ,1, , , ,1, , , , , ,1, , , , , ,1, , ,1, ,1, ,1,1,1,1, , , , , ,1, , , , , , , , , ,1,1,1,1,1,1, ,1, , ,1,1, , , , , , , , , ,1,1, ,1, ,1,1,1,1, , , ,1,1, , ,1,1,1,1, ,1, 
"2019-05-01 00:00:00","2019-05-01 23:59:59",86399.0,0.0312496496129, , , , , , , , , , , , , , ,1,1, ,1, , , , , , , , , , , , , , , , , ,1, , , ,1, , , , , ,1, , , , , ,1, ,1,1, ,1, ,1,1,1,1, , , , , ,1, , , , , , , , , ,1,1,1,1,1,1,1,1, , ,1,1, , , , , , , , , ,1,1, ,1, ,1,1,1,1, , , ,1,1, , ,1,1,1,1, ,1, 
