time_ini,time_end,duration_seg,duration_percent,RPFGR_SColTempo_0001_delta_tempo,ref_Periodo,RPFDIxRPMPX_ativado,RPMRD_SColTempo_0001_delta_tempo,OMCCLxRPATJ_ativado,RPMPX_nOK_0003,RPMRDxRPFGR_ativado,chamados_MSOMJRD,localidade_id_MSOMJRD_1749,RPAMBxRPTCU_ativado,ref_2019_11,ref_2019_10,ref_2019_12,ref_2019_10_31,ref_2019_11_29,ref_2019_11_26,RPNASxRPRBR_ativado,RPPPR_nOK_0004,RPNVL_nOK_0003,OMAQD_SColTempo_0002_delta_tempo,OMJRDxRPJRD_ativado,OMCGRxRPCGR_ativado,RPPPRxOMCCL_ativado,RPATJ_SColTempo_0002_delta_tempo,RPDOUxOMDOU_ativado,RPMMAxOMCARC_ativado,RPMPXxRPMRD_ativado,RPTRNxRPFDI_ativado,Chamados_Desconto,RPAMOxRPAMB_ativado,ref_2019_11_12,RPTCUxOMIGT_ativado,RPPPRxOMPPR_ativado,RPTCU_nOK_0001,ref_2019_11_28,OMMNOxOMGUA_ativado,RPNAS1xRPNAS_ativado,ref_2019_11_27,ref_2019_11_24,ref_2019_11_25,ref_2019_11_22,ref_2019_11_23,ref_2019_11_20,ref_2019_11_21,RPRBRxRPDOU_ativado,OMCGRxOMRCB_ativado,RPCGRxRPNAS1_ativado,RPNVLxRPBND_ativado,RPNOQxOMNOQ_ativado,RPMRD_SColTempo_0003_delta_tempo,ref_2019_11_30,RPRBR_nOK_0002,ref_2019_12_02,RPAMO_nOK_0002,ref_2019_11_08,ref_2019_11_09,ref_2019_11_01,ref_2019_11_02,ref_2019_11_03,ref_2019_11_04,ref_2019_11_05,ref_2019_11_06,ref_2019_11_07,OMDOUxRPPPR_ativado,RPAMBxOMAMB_ativado,OMPPR_SColTempo_0002_delta_tempo,OMIGTxOMMNO_ativado,OMDOU_nOK_0002,OMDOU_nOK_0001,OMCGRxRPNVL_ativado,RPMRD_SColTempo_0002_delta_tempo,RPMMAxOMBLV_ativado,RPNVLxRPTRN_ativado,ref_2019_11_17,ref_2019_11_16,ref_2019_11_15,ref_2019_11_14,ref_2019_11_13,RPMRDxOMAQD_ativado,ref_2019_11_11,ref_2019_11_10,RPMPXxRPSPE_ativado,ref_2019_11_19,ref_2019_11_18,RPJRDxRPMMA_ativado,RPNOQxOMJRD_ativado,ref_2019_12_01,RPPPRxRPAMO1_ativado,RPAMO1xRPAMO_ativado,RPATJxOMBLV_ativado,RPSPExRPNOQ_ativado
"2018-10-17 18:09:48","2018-10-17 19:05:35",3347.0,9.41983418559E-05, , , , , , , ,1,1, , , , , , , , , , , , , , , , , , , ,1, , , , , , , , , , , , , , , , , , , , , , , , , , , , , , , , , , , , , , , , , , , , , , , , , , , , , , , , , , , , , , 
"2019-10-31 00:00:00","2019-10-31 12:33:03",45183.0,0.00127163539889, ,1,1, ,1, ,1, , ,1, ,1, ,1, , ,1, , , ,1,1,1, ,1,1,1,1, ,1, ,1,1, , ,1,1, , , , , , , ,1,1,1,1,1, , , , , , , , , , , , , , ,1,1, ,1, , ,1, ,1,1, , , , , ,1, , ,1, , ,1,1, ,1,1,1,1
"2019-10-31 12:33:03","2019-10-31 12:34:03",60.0,1.68864670193E-06, ,1,1, ,1, ,1, , ,1, ,1, ,1, , ,1, , , ,1,1,1, ,1,1,1,1, ,1, ,1,1, , ,1,1, , , , , , , ,1,1,1,1,1, , , , , , , , , , , , , , ,1,1, ,1,1, ,1, ,1,1, , , , , ,1, , ,1, , ,1,1, ,1,1,1,1
"2019-10-31 12:34:03","2019-10-31 23:59:59",41156.0,0.00115829906108, ,1,1, ,1, ,1, , ,1, ,1, ,1, , ,1, , , ,1,1,1, ,1,1,1,1, ,1, ,1,1, , ,1,1, , , , , , , ,1,1,1,1,1, , , , , , , , , , , , , , ,1,1, ,1, , ,1, ,1,1, , , , , ,1, , ,1, , ,1,1, ,1,1,1,1
"2019-10-31 23:59:59","2019-11-01 00:00:00",1.0,2.81441116988E-08, ,1,1, ,1, ,1, , ,1, , , , , , ,1, , , ,1,1,1, ,1,1,1,1, ,1, ,1,1, , ,1,1, , , , , , , ,1,1,1,1,1, , , , , , , , , , , , , , ,1,1, ,1, , ,1, ,1,1, , , , , ,1, , ,1, , ,1,1, ,1,1,1,1
"2019-11-01 00:00:00","2019-11-01 02:00:49",7249.0,0.000204016665705, ,1,1, ,1, ,1, , ,1,1, , , , , ,1, , , ,1,1,1, ,1,1,1,1, ,1, ,1,1, , ,1,1, , , , , , , ,1,1,1,1,1, , , , , , , ,1, , , , , , ,1,1, ,1, , ,1, ,1,1, , , , , ,1, , ,1, , ,1,1, ,1,1,1,1
"2019-11-01 02:00:49","2019-11-01 02:01:49",60.0,1.68864670193E-06, ,1,1, ,1, ,1, , ,1,1, , , , , ,1, , , ,1,1,1, ,1,1,1,1, ,1, ,1,1, , ,1,1, , , , , , , ,1,1,1,1,1, , , , ,1, , ,1, , , , , , ,1,1, ,1, , ,1, ,1,1, , , , , ,1, , ,1, , ,1,1, ,1,1,1,1
"2019-11-01 02:01:49","2019-11-01 23:59:59",79090.0,0.00222591779426, ,1,1, ,1, ,1, , ,1,1, , , , , ,1, , , ,1,1,1, ,1,1,1,1, ,1, ,1,1, , ,1,1, , , , , , , ,1,1,1,1,1, , , , , , , ,1, , , , , , ,1,1, ,1, , ,1, ,1,1, , , , , ,1, , ,1, , ,1,1, ,1,1,1,1
"2019-11-01 23:59:59","2019-11-02 00:00:00",1.0,2.81441116988E-08, ,1,1, ,1, ,1, , ,1,1, , , , , ,1, , , ,1,1,1, ,1,1,1,1, ,1, ,1,1, , ,1,1, , , , , , , ,1,1,1,1,1, , , , , , , , , , , , , , ,1,1, ,1, , ,1, ,1,1, , , , , ,1, , ,1, , ,1,1, ,1,1,1,1
"2019-11-02 00:00:00","2019-11-02 23:59:59",86399.0,0.00243162310666, ,1,1, ,1, ,1, , ,1,1, , , , , ,1, , , ,1,1,1, ,1,1,1,1, ,1, ,1,1, , ,1,1, , , , , , , ,1,1,1,1,1, , , , , , , , ,1, , , , , ,1,1, ,1, , ,1, ,1,1, , , , , ,1, , ,1, , ,1,1, ,1,1,1,1
"2019-11-02 23:59:59","2019-11-03 00:00:00",1.0,2.81441116988E-08, ,1,1, ,1, ,1, , ,1,1, , , , , ,1, , , ,1,1,1, ,1,1,1,1, ,1, ,1,1, , ,1,1, , , , , , , ,1,1,1,1,1, , , , , , , , , , , , , , ,1,1, ,1, , ,1, ,1,1, , , , , ,1, , ,1, , ,1,1, ,1,1,1,1
"2019-11-03 00:00:00","2019-11-03 05:11:03",18663.0,0.000525253556635, ,1,1, ,1, ,1, , ,1,1, , , , , ,1, , , ,1,1,1, ,1,1,1,1, ,1, ,1,1, , ,1,1, , , , , , , ,1,1,1,1,1, , , , , , , , , ,1, , , , ,1,1, ,1, , ,1, ,1,1, , , , , ,1, , ,1, , ,1,1, ,1,1,1,1
"2019-11-03 05:11:03","2019-11-03 05:12:03",60.0,1.68864670193E-06, ,1,1, ,1, ,1, , ,1,1, , , , , ,1, , , ,1,1,1, ,1,1,1,1, ,1, ,1,1, , ,1,1, , , , , , , ,1,1,1,1,1, , , , , , , , , ,1, , , , ,1,1, ,1, ,1,1, ,1,1, , , , , ,1, , ,1, , ,1,1, ,1,1,1,1
"2019-11-03 05:12:03","2019-11-03 06:30:05",4682.0,0.000131770730974, ,1,1, ,1, ,1, , ,1,1, , , , , ,1, , , ,1,1,1, ,1,1,1,1, ,1, ,1,1, , ,1,1, , , , , , , ,1,1,1,1,1, , , , , , , , , ,1, , , , ,1,1, ,1, , ,1, ,1,1, , , , , ,1, , ,1, , ,1,1, ,1,1,1,1
"2019-11-03 06:30:05","2019-11-03 06:33:05",180.0,5.06594010578E-06, ,1,1, ,1, ,1, , ,1,1, , , , , ,1, , , ,1,1,1, ,1,1,1,1, ,1, ,1,1, , ,1,1, , , , , , , ,1,1,1,1,1, , , , , , , , , ,1, , , , ,1,1,180,1, , ,1, ,1,1, , , , , ,1, , ,1, , ,1,1, ,1,1,1,1
"2019-11-03 06:33:05","2019-11-03 23:59:59",62814.0,0.00176784423225, ,1,1, ,1, ,1, , ,1,1, , , , , ,1, , , ,1,1,1, ,1,1,1,1, ,1, ,1,1, , ,1,1, , , , , , , ,1,1,1,1,1, , , , , , , , , ,1, , , , ,1,1, ,1, , ,1, ,1,1, , , , , ,1, , ,1, , ,1,1, ,1,1,1,1
"2019-11-03 23:59:59","2019-11-04 00:00:00",1.0,2.81441116988E-08, ,1,1, ,1, ,1, , ,1,1, , , , , ,1, , , ,1,1,1, ,1,1,1,1, ,1, ,1,1, , ,1,1, , , , , , , ,1,1,1,1,1, , , , , , , , , , , , , , ,1,1, ,1, , ,1, ,1,1, , , , , ,1, , ,1, , ,1,1, ,1,1,1,1
"2019-11-04 00:00:00","2019-11-04 18:40:44",67244.0,0.00189252264707, ,1,1, ,1, ,1, , ,1,1, , , , , ,1, , , ,1,1,1, ,1,1,1,1, ,1, ,1,1, , ,1,1, , , , , , , ,1,1,1,1,1, , , , , , , , , , ,1, , , ,1,1, ,1, , ,1, ,1,1, , , , , ,1, , ,1, , ,1,1, ,1,1,1,1
"2019-11-04 18:40:44","2019-11-04 18:42:44",120.0,3.37729340386E-06, ,1,1, ,1, ,1, , ,1,1, , , , , ,1, ,1, ,1,1,1, ,1,1,1,1, ,1, ,1,1, , ,1,1, , , , , , , ,1,1,1,1,1, , , , , , , , , , ,1, , , ,1,1, ,1, , ,1, ,1,1, , , , , ,1, , ,1, , ,1,1, ,1,1,1,1
"2019-11-04 18:42:44","2019-11-04 23:59:59",19035.0,0.000535723166187, ,1,1, ,1, ,1, , ,1,1, , , , , ,1, , , ,1,1,1, ,1,1,1,1, ,1, ,1,1, , ,1,1, , , , , , , ,1,1,1,1,1, , , , , , , , , , ,1, , , ,1,1, ,1, , ,1, ,1,1, , , , , ,1, , ,1, , ,1,1, ,1,1,1,1
"2019-11-04 23:59:59","2019-11-05 00:00:00",1.0,2.81441116988E-08, ,1,1, ,1, ,1, , ,1,1, , , , , ,1, , , ,1,1,1, ,1,1,1,1, ,1, ,1,1, , ,1,1, , , , , , , ,1,1,1,1,1, , , , , , , , , , , , , , ,1,1, ,1, , ,1, ,1,1, , , , , ,1, , ,1, , ,1,1, ,1,1,1,1
"2019-11-05 00:00:00","2019-11-05 06:22:05",22925.0,0.000645203760695, ,1,1, ,1, ,1, , ,1,1, , , , , ,1, , , ,1,1,1, ,1,1,1,1, ,1, ,1,1, , ,1,1, , , , , , , ,1,1,1,1,1, , , , , , , , , , , ,1, , ,1,1, ,1, , ,1, ,1,1, , , , , ,1, , ,1, , ,1,1, ,1,1,1,1
"2019-11-05 06:22:05","2019-11-05 06:29:05",420.0,1.18205269135E-05, ,1,1, ,1, ,1, , ,1,1, , , , , ,1, , , ,1,1,1, ,1,1,1,1, ,1, ,1,1, , ,1,1, , , , , , , ,1,1,1,1,1, , , , , , , , , , , ,1, , ,1,1,420,1, , ,1, ,1,1, , , , , ,1, , ,1, , ,1,1, ,1,1,1,1
"2019-11-05 06:29:05","2019-11-05 09:00:05",9060.0,0.000254985651991, ,1,1, ,1, ,1, , ,1,1, , , , , ,1, , , ,1,1,1, ,1,1,1,1, ,1, ,1,1, , ,1,1, , , , , , , ,1,1,1,1,1, , , , , , , , , , , ,1, , ,1,1, ,1, , ,1, ,1,1, , , , , ,1, , ,1, , ,1,1, ,1,1,1,1
"2019-11-05 09:00:05","2019-11-05 09:04:05",240.0,6.75458680771E-06, ,1,1, ,1, ,1, , ,1,1, , , , , ,1, , , ,1,1,1, ,1,1,1,1, ,1, ,1,1, , ,1,1, , , , , , , ,1,1,1,1,1, , , , , , , , , , , ,1, , ,1,1,240,1, , ,1, ,1,1, , , , , ,1, , ,1, , ,1,1, ,1,1,1,1
"2019-11-05 09:04:05","2019-11-05 23:59:59",53754.0,0.00151285858026, ,1,1, ,1, ,1, , ,1,1, , , , , ,1, , , ,1,1,1, ,1,1,1,1, ,1, ,1,1, , ,1,1, , , , , , , ,1,1,1,1,1, , , , , , , , , , , ,1, , ,1,1, ,1, , ,1, ,1,1, , , , , ,1, , ,1, , ,1,1, ,1,1,1,1
"2019-11-05 23:59:59","2019-11-06 00:00:00",1.0,2.81441116988E-08, ,1,1, ,1, ,1, , ,1,1, , , , , ,1, , , ,1,1,1, ,1,1,1,1, ,1, ,1,1, , ,1,1, , , , , , , ,1,1,1,1,1, , , , , , , , , , , , , , ,1,1, ,1, , ,1, ,1,1, , , , , ,1, , ,1, , ,1,1, ,1,1,1,1
"2019-11-06 00:00:00","2019-11-06 23:59:59",86399.0,0.00243162310666, ,1,1, ,1, ,1, , ,1,1, , , , , ,1, , , ,1,1,1, ,1,1,1,1, ,1, ,1,1, , ,1,1, , , , , , , ,1,1,1,1,1, , , , , , , , , , , , ,1, ,1,1, ,1, , ,1, ,1,1, , , , , ,1, , ,1, , ,1,1, ,1,1,1,1
"2019-11-06 23:59:59","2019-11-07 00:00:00",1.0,2.81441116988E-08, ,1,1, ,1, ,1, , ,1,1, , , , , ,1, , , ,1,1,1, ,1,1,1,1, ,1, ,1,1, , ,1,1, , , , , , , ,1,1,1,1,1, , , , , , , , , , , , , , ,1,1, ,1, , ,1, ,1,1, , , , , ,1, , ,1, , ,1,1, ,1,1,1,1
"2019-11-07 00:00:00","2019-11-07 18:13:04",65584.0,0.00184580342165, ,1,1, ,1, ,1, , ,1,1, , , , , ,1, , , ,1,1,1, ,1,1,1,1, ,1, ,1,1, , ,1,1, , , , , , , ,1,1,1,1,1, , , , , , , , , , , , , ,1,1,1, ,1, , ,1, ,1,1, , , , , ,1, , ,1, , ,1,1, ,1,1,1,1
"2019-11-07 18:13:04","2019-11-07 18:14:04",60.0,1.68864670193E-06, ,1,1, ,1, ,1, , ,1,1, , , , , ,1,1, , ,1,1,1, ,1,1,1,1, ,1, ,1,1, , ,1,1, , , , , , , ,1,1,1,1,1, , , , , , , , , , , , , ,1,1,1, ,1, , ,1, ,1,1, , , , , ,1, , ,1, , ,1,1, ,1,1,1,1
"2019-11-07 18:14:04","2019-11-07 18:19:05",301.0,8.47137762134E-06, ,1,1, ,1, ,1, , ,1,1, , , , , ,1, , , ,1,1,1, ,1,1,1,1, ,1, ,1,1, , ,1,1, , , , , , , ,1,1,1,1,1, , , , , , , , , , , , , ,1,1,1, ,1, , ,1, ,1,1, , , , , ,1, , ,1, , ,1,1, ,1,1,1,1
"2019-11-07 18:19:05","2019-11-07 18:21:04",119.0,3.34914929216E-06, ,1,1, ,1, ,1, , ,1,1, , , , , ,1,1, , ,1,1,1, ,1,1,1,1, ,1, ,1,1, , ,1,1, , , , , , , ,1,1,1,1,1, , , , , , , , , , , , , ,1,1,1, ,1, , ,1, ,1,1, , , , , ,1, , ,1, , ,1,1, ,1,1,1,1
"2019-11-07 18:21:04","2019-11-07 21:18:05",10621.0,0.000298918610353, ,1,1, ,1, ,1, , ,1,1, , , , , ,1, , , ,1,1,1, ,1,1,1,1, ,1, ,1,1, , ,1,1, , , , , , , ,1,1,1,1,1, , , , , , , , , , , , , ,1,1,1, ,1, , ,1, ,1,1, , , , , ,1, , ,1, , ,1,1, ,1,1,1,1
"2019-11-07 21:18:05","2019-11-07 21:19:04",59.0,1.66050259023E-06, ,1,1, ,1, ,1, , ,1,1, , , , , ,1,1, , ,1,1,1, ,1,1,1,1, ,1, ,1,1, , ,1,1, , , , , , , ,1,1,1,1,1, , , , , , , , , , , , , ,1,1,1, ,1, , ,1, ,1,1, , , , , ,1, , ,1, , ,1,1, ,1,1,1,1
"2019-11-07 21:19:04","2019-11-07 23:59:59",9655.0,0.000271731398452, ,1,1, ,1, ,1, , ,1,1, , , , , ,1, , , ,1,1,1, ,1,1,1,1, ,1, ,1,1, , ,1,1, , , , , , , ,1,1,1,1,1, , , , , , , , , , , , , ,1,1,1, ,1, , ,1, ,1,1, , , , , ,1, , ,1, , ,1,1, ,1,1,1,1
"2019-11-07 23:59:59","2019-11-08 00:00:00",1.0,2.81441116988E-08, ,1,1, ,1, ,1, , ,1,1, , , , , ,1, , , ,1,1,1, ,1,1,1,1, ,1, ,1,1, , ,1,1, , , , , , , ,1,1,1,1,1, , , , , , , , , , , , , , ,1,1, ,1, , ,1, ,1,1, , , , , ,1, , ,1, , ,1,1, ,1,1,1,1
"2019-11-08 00:00:00","2019-11-08 00:18:49",1129.0,3.17747021079E-05, ,1,1, ,1, ,1, , ,1,1, , , , , ,1, , , ,1,1,1, ,1,1,1,1, ,1, ,1,1, , ,1,1, , , , , , , ,1,1,1,1,1, , , , , ,1, , , , , , , , ,1,1, ,1, , ,1, ,1,1, , , , , ,1, , ,1, , ,1,1, ,1,1,1,1
"2019-11-08 00:18:49","2019-11-08 00:19:48",59.0,1.66050259023E-06, ,1,1, ,1, ,1, , ,1,1, , , , , ,1, , , ,1,1,1, ,1,1,1,1, ,1, ,1,1, , ,1,1, , , , , , , ,1,1,1,1,1, , , , ,1,1, , , , , , , , ,1,1, ,1, , ,1, ,1,1, , , , , ,1, , ,1, , ,1,1, ,1,1,1,1
"2019-11-08 00:19:48","2019-11-08 05:27:04",18436.0,0.000518864843279, ,1,1, ,1, ,1, , ,1,1, , , , , ,1, , , ,1,1,1, ,1,1,1,1, ,1, ,1,1, , ,1,1, , , , , , , ,1,1,1,1,1, , , , , ,1, , , , , , , , ,1,1, ,1, , ,1, ,1,1, , , , , ,1, , ,1, , ,1,1, ,1,1,1,1
"2019-11-08 05:27:04","2019-11-08 05:28:04",60.0,1.68864670193E-06, ,1,1, ,1, ,1, , ,1,1, , , , , ,1,1, , ,1,1,1, ,1,1,1,1, ,1, ,1,1, , ,1,1, , , , , , , ,1,1,1,1,1, , , , , ,1, , , , , , , , ,1,1, ,1, , ,1, ,1,1, , , , , ,1, , ,1, , ,1,1, ,1,1,1,1
"2019-11-08 05:28:04","2019-11-08 05:30:04",120.0,3.37729340386E-06, ,1,1, ,1, ,1, , ,1,1, , , , , ,1, , , ,1,1,1, ,1,1,1,1, ,1, ,1,1, , ,1,1, , , , , , , ,1,1,1,1,1, , , , , ,1, , , , , , , , ,1,1, ,1, , ,1, ,1,1, , , , , ,1, , ,1, , ,1,1, ,1,1,1,1
"2019-11-08 05:30:04","2019-11-08 05:31:04",60.0,1.68864670193E-06, ,1,1, ,1, ,1, , ,1,1, , , , , ,1,1, , ,1,1,1, ,1,1,1,1, ,1, ,1,1, , ,1,1, , , , , , , ,1,1,1,1,1, , , , , ,1, , , , , , , , ,1,1, ,1, , ,1, ,1,1, , , , , ,1, , ,1, , ,1,1, ,1,1,1,1
"2019-11-08 05:31:04","2019-11-08 23:59:59",66535.0,0.00187256847188, ,1,1, ,1, ,1, , ,1,1, , , , , ,1, , , ,1,1,1, ,1,1,1,1, ,1, ,1,1, , ,1,1, , , , , , , ,1,1,1,1,1, , , , , ,1, , , , , , , , ,1,1, ,1, , ,1, ,1,1, , , , , ,1, , ,1, , ,1,1, ,1,1,1,1
"2019-11-08 23:59:59","2019-11-09 00:00:00",1.0,2.81441116988E-08, ,1,1, ,1, ,1, , ,1,1, , , , , ,1, , , ,1,1,1, ,1,1,1,1, ,1, ,1,1, , ,1,1, , , , , , , ,1,1,1,1,1, , , , , , , , , , , , , , ,1,1, ,1, , ,1, ,1,1, , , , , ,1, , ,1, , ,1,1, ,1,1,1,1
"2019-11-09 00:00:00","2019-11-09 23:59:59",86399.0,0.00243162310666, ,1,1, ,1, ,1, , ,1,1, , , , , ,1, , , ,1,1,1, ,1,1,1,1, ,1, ,1,1, , ,1,1, , , , , , , ,1,1,1,1,1, , , , , , ,1, , , , , , , ,1,1, ,1, , ,1, ,1,1, , , , , ,1, , ,1, , ,1,1, ,1,1,1,1
"2019-11-09 23:59:59","2019-11-10 00:00:00",1.0,2.81441116988E-08, ,1,1, ,1, ,1, , ,1,1, , , , , ,1, , , ,1,1,1, ,1,1,1,1, ,1, ,1,1, , ,1,1, , , , , , , ,1,1,1,1,1, , , , , , , , , , , , , , ,1,1, ,1, , ,1, ,1,1, , , , , ,1, , ,1, , ,1,1, ,1,1,1,1
"2019-11-10 00:00:00","2019-11-10 23:59:59",86399.0,0.00243162310666, ,1,1, ,1, ,1, , ,1,1, , , , , ,1, , , ,1,1,1, ,1,1,1,1, ,1, ,1,1, , ,1,1, , , , , , , ,1,1,1,1,1, , , , , , , , , , , , , , ,1,1, ,1, , ,1, ,1,1, , , , , ,1, ,1,1, , ,1,1, ,1,1,1,1
"2019-11-10 23:59:59","2019-11-11 00:00:00",1.0,2.81441116988E-08, ,1,1, ,1, ,1, , ,1,1, , , , , ,1, , , ,1,1,1, ,1,1,1,1, ,1, ,1,1, , ,1,1, , , , , , , ,1,1,1,1,1, , , , , , , , , , , , , , ,1,1, ,1, , ,1, ,1,1, , , , , ,1, , ,1, , ,1,1, ,1,1,1,1
"2019-11-11 00:00:00","2019-11-11 23:59:59",86399.0,0.00243162310666, ,1,1, ,1, ,1, , ,1,1, , , , , ,1, , , ,1,1,1, ,1,1,1,1, ,1, ,1,1, , ,1,1, , , , , , , ,1,1,1,1,1, , , , , , , , , , , , , , ,1,1, ,1, , ,1, ,1,1, , , , , ,1,1, ,1, , ,1,1, ,1,1,1,1
"2019-11-11 23:59:59","2019-11-12 00:00:00",1.0,2.81441116988E-08, ,1,1, ,1, ,1, , ,1,1, , , , , ,1, , , ,1,1,1, ,1,1,1,1, ,1, ,1,1, , ,1,1, , , , , , , ,1,1,1,1,1, , , , , , , , , , , , , , ,1,1, ,1, , ,1, ,1,1, , , , , ,1, , ,1, , ,1,1, ,1,1,1,1
"2019-11-12 00:00:00","2019-11-12 23:59:59",86399.0,0.00243162310666, ,1,1, ,1, ,1, , ,1,1, , , , , ,1, , , ,1,1,1, ,1,1,1,1, ,1,1,1,1, , ,1,1, , , , , , , ,1,1,1,1,1, , , , , , , , , , , , , , ,1,1, ,1, , ,1, ,1,1, , , , , ,1, , ,1, , ,1,1, ,1,1,1,1
"2019-11-12 23:59:59","2019-11-13 00:00:00",1.0,2.81441116988E-08, ,1,1, ,1, ,1, , ,1,1, , , , , ,1, , , ,1,1,1, ,1,1,1,1, ,1, ,1,1, , ,1,1, , , , , , , ,1,1,1,1,1, , , , , , , , , , , , , , ,1,1, ,1, , ,1, ,1,1, , , , , ,1, , ,1, , ,1,1, ,1,1,1,1
"2019-11-13 00:00:00","2019-11-13 14:13:15",51195.0,0.00144083779842, ,1,1, ,1, ,1, , ,1,1, , , , , ,1, , , ,1,1,1, ,1,1,1,1, ,1, ,1,1, , ,1,1, , , , , , , ,1,1,1,1,1, , , , , , , , , , , , , , ,1,1, ,1, , ,1, ,1,1, , , , ,1,1, , ,1, , ,1,1, ,1,1,1,1
"2019-11-13 14:13:15","2019-11-13 14:17:37",262.0,7.37375726509E-06, ,1,1, ,1, ,1, , ,1,1, , , , , ,1, , , ,1,1,1,262,1,1,1,1, ,1, ,1,1, , ,1,1, , , , , , , ,1,1,1,1,1, , , , , , , , , , , , , , ,1,1, ,1, , ,1, ,1,1, , , , ,1,1, , ,1, , ,1,1, ,1,1,1,1
"2019-11-13 14:17:37","2019-11-13 16:41:10",8613.0,0.000242405234062, ,1,1, ,1, ,1, , ,1,1, , , , , ,1, , , ,1,1,1, ,1,1,1,1, ,1, ,1,1, , ,1,1, , , , , , , ,1,1,1,1,1, , , , , , , , , , , , , , ,1,1, ,1, , ,1, ,1,1, , , , ,1,1, , ,1, , ,1,1, ,1,1,1,1
"2019-11-13 16:41:10","2019-11-13 16:42:10",60.0,1.68864670193E-06, ,1,1, ,1, ,1, , ,1,1, , , , , ,1, , , ,1,1,1, ,1,1,1,1, ,1, ,1,1, , ,1,1, , , , , , , ,1,1,1,1,1, , ,1, , , , , , , , , , , ,1,1, ,1, , ,1, ,1,1, , , , ,1,1, , ,1, , ,1,1, ,1,1,1,1
"2019-11-13 16:42:10","2019-11-13 23:59:59",26269.0,0.000739317670216, ,1,1, ,1, ,1, , ,1,1, , , , , ,1, , , ,1,1,1, ,1,1,1,1, ,1, ,1,1, , ,1,1, , , , , , , ,1,1,1,1,1, , , , , , , , , , , , , , ,1,1, ,1, , ,1, ,1,1, , , , ,1,1, , ,1, , ,1,1, ,1,1,1,1
"2019-11-13 23:59:59","2019-11-14 00:00:00",1.0,2.81441116988E-08, ,1,1, ,1, ,1, , ,1,1, , , , , ,1, , , ,1,1,1, ,1,1,1,1, ,1, ,1,1, , ,1,1, , , , , , , ,1,1,1,1,1, , , , , , , , , , , , , , ,1,1, ,1, , ,1, ,1,1, , , , , ,1, , ,1, , ,1,1, ,1,1,1,1
"2019-11-14 00:00:00","2019-11-14 03:28:56",12536.0,0.000352814584256, ,1,1, ,1, ,1, , ,1,1, , , , , ,1, , , ,1,1,1, ,1,1,1,1, ,1, ,1,1, , ,1,1, , , , , , , ,1,1,1,1,1, , , , , , , , , , , , , , ,1,1, ,1, , ,1, ,1,1, , , ,1, ,1, , ,1, , ,1,1, ,1,1,1,1
"2019-11-14 03:28:56","2019-11-14 03:32:56",240.0,6.75458680771E-06, ,1,1, ,1, ,1, , ,1,1, , , , , ,1, , ,240,1,1,1, ,1,1,1,1, ,1, ,1,1, , ,1,1, , , , , , , ,1,1,1,1,1, , , , , , , , , , , , , , ,1,1, ,1, , ,1, ,1,1, , , ,1, ,1, , ,1, , ,1,1, ,1,1,1,1
"2019-11-14 03:32:56","2019-11-14 06:38:57",11161.0,0.00031411643067, ,1,1, ,1, ,1, , ,1,1, , , , , ,1, , , ,1,1,1, ,1,1,1,1, ,1, ,1,1, , ,1,1, , , , , , , ,1,1,1,1,1, , , , , , , , , , , , , , ,1,1, ,1, , ,1, ,1,1, , , ,1, ,1, , ,1, , ,1,1, ,1,1,1,1
"2019-11-14 06:38:57","2019-11-14 06:42:56",239.0,6.72644269601E-06, ,1,1, ,1, ,1, , ,1,1, , , , , ,1, , ,239,1,1,1, ,1,1,1,1, ,1, ,1,1, , ,1,1, , , , , , , ,1,1,1,1,1, , , , , , , , , , , , , , ,1,1, ,1, , ,1, ,1,1, , , ,1, ,1, , ,1, , ,1,1, ,1,1,1,1
"2019-11-14 06:42:56","2019-11-14 06:44:56",120.0,3.37729340386E-06, ,1,1, ,1, ,1, , ,1,1, , , , , ,1, , , ,1,1,1, ,1,1,1,1, ,1, ,1,1, , ,1,1, , , , , , , ,1,1,1,1,1, , , , , , , , , , , , , , ,1,1, ,1, , ,1, ,1,1, , , ,1, ,1, , ,1, , ,1,1, ,1,1,1,1
"2019-11-14 06:44:56","2019-11-14 06:49:56",300.0,8.44323350964E-06, ,1,1, ,1, ,1, , ,1,1, , , , , ,1, , ,300,1,1,1, ,1,1,1,1, ,1, ,1,1, , ,1,1, , , , , , , ,1,1,1,1,1, , , , , , , , , , , , , , ,1,1, ,1, , ,1, ,1,1, , , ,1, ,1, , ,1, , ,1,1, ,1,1,1,1
"2019-11-14 06:49:56","2019-11-14 06:59:57",601.0,1.6914611131E-05, ,1,1, ,1, ,1, , ,1,1, , , , , ,1, , , ,1,1,1, ,1,1,1,1, ,1, ,1,1, , ,1,1, , , , , , , ,1,1,1,1,1, , , , , , , , , , , , , , ,1,1, ,1, , ,1, ,1,1, , , ,1, ,1, , ,1, , ,1,1, ,1,1,1,1
"2019-11-14 06:59:57","2019-11-14 07:02:56",179.0,5.03779599409E-06, ,1,1, ,1, ,1, , ,1,1, , , , , ,1, , ,179,1,1,1, ,1,1,1,1, ,1, ,1,1, , ,1,1, , , , , , , ,1,1,1,1,1, , , , , , , , , , , , , , ,1,1, ,1, , ,1, ,1,1, , , ,1, ,1, , ,1, , ,1,1, ,1,1,1,1
"2019-11-14 07:02:56","2019-11-14 07:29:56",1620.0,4.55934609521E-05, ,1,1, ,1, ,1, , ,1,1, , , , , ,1, , , ,1,1,1, ,1,1,1,1, ,1, ,1,1, , ,1,1, , , , , , , ,1,1,1,1,1, , , , , , , , , , , , , , ,1,1, ,1, , ,1, ,1,1, , , ,1, ,1, , ,1, , ,1,1, ,1,1,1,1
"2019-11-14 07:29:56","2019-11-14 07:38:56",540.0,1.51978203174E-05, ,1,1, ,1, ,1, , ,1,1, , , , , ,1, , ,540,1,1,1, ,1,1,1,1, ,1, ,1,1, , ,1,1, , , , , , , ,1,1,1,1,1, , , , , , , , , , , , , , ,1,1, ,1, , ,1, ,1,1, , , ,1, ,1, , ,1, , ,1,1, ,1,1,1,1
"2019-11-14 07:38:56","2019-11-14 08:58:49",4793.0,0.000134894727372, ,1,1, ,1, ,1, , ,1,1, , , , , ,1, , , ,1,1,1, ,1,1,1,1, ,1, ,1,1, , ,1,1, , , , , , , ,1,1,1,1,1, , , , , , , , , , , , , , ,1,1, ,1, , ,1, ,1,1, , , ,1, ,1, , ,1, , ,1,1, ,1,1,1,1
"2019-11-14 08:58:49","2019-11-14 09:01:41",172.0,4.84078721219E-06,172,1,1, ,1, ,1, , ,1,1, , , , , ,1, , , ,1,1,1, ,1,1,1,1, ,1, ,1,1, , ,1,1, , , , , , , ,1,1,1,1,1, , , , , , , , , , , , , , ,1,1, ,1, , ,1, ,1,1, , , ,1, ,1, , ,1, , ,1,1, ,1,1,1,1
"2019-11-14 09:01:41","2019-11-14 10:59:56",7095.0,0.000199682472503, ,1,1, ,1, ,1, , ,1,1, , , , , ,1, , , ,1,1,1, ,1,1,1,1, ,1, ,1,1, , ,1,1, , , , , , , ,1,1,1,1,1, , , , , , , , , , , , , , ,1,1, ,1, , ,1, ,1,1, , , ,1, ,1, , ,1, , ,1,1, ,1,1,1,1
"2019-11-14 10:59:56","2019-11-14 11:05:56",360.0,1.01318802116E-05, ,1,1, ,1, ,1, , ,1,1, , , , , ,1, , ,360,1,1,1, ,1,1,1,1, ,1, ,1,1, , ,1,1, , , , , , , ,1,1,1,1,1, , , , , , , , , , , , , , ,1,1, ,1, , ,1, ,1,1, , , ,1, ,1, , ,1, , ,1,1, ,1,1,1,1
"2019-11-14 11:05:56","2019-11-14 11:15:56",600.0,1.68864670193E-05, ,1,1, ,1, ,1, , ,1,1, , , , , ,1, , , ,1,1,1, ,1,1,1,1, ,1, ,1,1, , ,1,1, , , , , , , ,1,1,1,1,1, , , , , , , , , , , , , , ,1,1, ,1, , ,1, ,1,1, , , ,1, ,1, , ,1, , ,1,1, ,1,1,1,1
"2019-11-14 11:15:56","2019-11-14 11:19:56",240.0,6.75458680771E-06, ,1,1, ,1, ,1, , ,1,1, , , , , ,1, , ,240,1,1,1, ,1,1,1,1, ,1, ,1,1, , ,1,1, , , , , , , ,1,1,1,1,1, , , , , , , , , , , , , , ,1,1, ,1, , ,1, ,1,1, , , ,1, ,1, , ,1, , ,1,1, ,1,1,1,1
"2019-11-14 11:19:56","2019-11-14 11:22:56",180.0,5.06594010578E-06, ,1,1, ,1, ,1, , ,1,1, , , , , ,1, , ,180,1,1,1, ,1,1,1,1, ,1, ,1,1, , ,1,1, , , , , , , ,1,1,1,1,1, , , , , , , , , , , , , , ,1,1, ,1, , ,1, ,1,1, , , ,1, ,1, , ,1, , ,1,1, ,1,1,1,1
"2019-11-14 11:22:56","2019-11-14 23:59:59",45423.0,0.00127838998569, ,1,1, ,1, ,1, , ,1,1, , , , , ,1, , , ,1,1,1, ,1,1,1,1, ,1, ,1,1, , ,1,1, , , , , , , ,1,1,1,1,1, , , , , , , , , , , , , , ,1,1, ,1, , ,1, ,1,1, , , ,1, ,1, , ,1, , ,1,1, ,1,1,1,1
"2019-11-14 23:59:59","2019-11-15 00:00:00",1.0,2.81441116988E-08, ,1,1, ,1, ,1, , ,1,1, , , , , ,1, , , ,1,1,1, ,1,1,1,1, ,1, ,1,1, , ,1,1, , , , , , , ,1,1,1,1,1, , , , , , , , , , , , , , ,1,1, ,1, , ,1, ,1,1, , , , , ,1, , ,1, , ,1,1, ,1,1,1,1
"2019-11-15 00:00:00","2019-11-15 23:59:59",86399.0,0.00243162310666, ,1,1, ,1, ,1, , ,1,1, , , , , ,1, , , ,1,1,1, ,1,1,1,1, ,1, ,1,1, , ,1,1, , , , , , , ,1,1,1,1,1, , , , , , , , , , , , , , ,1,1, ,1, , ,1, ,1,1, , ,1, , ,1, , ,1, , ,1,1, ,1,1,1,1
"2019-11-15 23:59:59","2019-11-16 00:00:00",1.0,2.81441116988E-08, ,1,1, ,1, ,1, , ,1,1, , , , , ,1, , , ,1,1,1, ,1,1,1,1, ,1, ,1,1, , ,1,1, , , , , , , ,1,1,1,1,1, , , , , , , , , , , , , , ,1,1, ,1, , ,1, ,1,1, , , , , ,1, , ,1, , ,1,1, ,1,1,1,1
"2019-11-16 00:00:00","2019-11-16 23:59:59",86399.0,0.00243162310666, ,1,1, ,1, ,1, , ,1,1, , , , , ,1, , , ,1,1,1, ,1,1,1,1, ,1, ,1,1, , ,1,1, , , , , , , ,1,1,1,1,1, , , , , , , , , , , , , , ,1,1, ,1, , ,1, ,1,1, ,1, , , ,1, , ,1, , ,1,1, ,1,1,1,1
"2019-11-16 23:59:59","2019-11-17 00:00:00",1.0,2.81441116988E-08, ,1,1, ,1, ,1, , ,1,1, , , , , ,1, , , ,1,1,1, ,1,1,1,1, ,1, ,1,1, , ,1,1, , , , , , , ,1,1,1,1,1, , , , , , , , , , , , , , ,1,1, ,1, , ,1, ,1,1, , , , , ,1, , ,1, , ,1,1, ,1,1,1,1
"2019-11-17 00:00:00","2019-11-17 13:49:56",49796.0,0.00140146418615, ,1,1, ,1, ,1, , ,1,1, , , , , ,1, , , ,1,1,1, ,1,1,1,1, ,1, ,1,1, , ,1,1, , , , , , , ,1,1,1,1,1, , , , , , , , , , , , , , ,1,1, ,1, , ,1, ,1,1,1, , , , ,1, , ,1, , ,1,1, ,1,1,1,1
"2019-11-17 13:49:56","2019-11-17 13:53:56",240.0,6.75458680771E-06, ,1,1, ,1, ,1, , ,1,1, , , , , ,1, , ,240,1,1,1, ,1,1,1,1, ,1, ,1,1, , ,1,1, , , , , , , ,1,1,1,1,1, , , , , , , , , , , , , , ,1,1, ,1, , ,1, ,1,1,1, , , , ,1, , ,1, , ,1,1, ,1,1,1,1
"2019-11-17 13:53:56","2019-11-17 13:58:27",271.0,7.62705427038E-06, ,1,1, ,1, ,1, , ,1,1, , , , , ,1, , ,271,1,1,1, ,1,1,1,1, ,1, ,1,1, , ,1,1, , , , , , , ,1,1,1,1,1, , , , , , , , , , , , , , ,1,1, ,1, , ,1, ,1,1,1, , , , ,1, , ,1, , ,1,1, ,1,1,1,1
"2019-11-17 13:58:27","2019-11-17 14:01:56",209.0,5.88211934505E-06, ,1,1, ,1, ,1, , ,1,1, , , , , ,1, , , ,1,1,1, ,1,1,1,1, ,1, ,1,1, , ,1,1, , , , , , , ,1,1,1,1,1, , , , , , , , , , , , , , ,1,1, ,1, , ,1, ,1,1,1, , , , ,1, , ,1, , ,1,1, ,1,1,1,1
"2019-11-17 14:01:56","2019-11-17 14:05:56",240.0,6.75458680771E-06, ,1,1, ,1, ,1, , ,1,1, , , , , ,1, , ,240,1,1,1, ,1,1,1,1, ,1, ,1,1, , ,1,1, , , , , , , ,1,1,1,1,1, , , , , , , , , , , , , , ,1,1, ,1, , ,1, ,1,1,1, , , , ,1, , ,1, , ,1,1, ,1,1,1,1
"2019-11-17 14:05:56","2019-11-17 14:15:56",600.0,1.68864670193E-05, ,1,1, ,1, ,1, , ,1,1, , , , , ,1, , , ,1,1,1, ,1,1,1,1, ,1, ,1,1, , ,1,1, , , , , , , ,1,1,1,1,1, , , , , , , , , , , , , , ,1,1, ,1, , ,1, ,1,1,1, , , , ,1, , ,1, , ,1,1, ,1,1,1,1
"2019-11-17 14:15:56","2019-11-17 14:19:56",240.0,6.75458680771E-06, ,1,1, ,1, ,1, , ,1,1, , , , , ,1, , ,240,1,1,1, ,1,1,1,1, ,1, ,1,1, , ,1,1, , , , , , , ,1,1,1,1,1, , , , , , , , , , , , , , ,1,1, ,1, , ,1, ,1,1,1, , , , ,1, , ,1, , ,1,1, ,1,1,1,1
"2019-11-17 14:19:56","2019-11-17 14:38:57",1141.0,3.21124314483E-05, ,1,1, ,1, ,1, , ,1,1, , , , , ,1, , , ,1,1,1, ,1,1,1,1, ,1, ,1,1, , ,1,1, , , , , , , ,1,1,1,1,1, , , , , , , , , , , , , , ,1,1, ,1, , ,1, ,1,1,1, , , , ,1, , ,1, , ,1,1, ,1,1,1,1
"2019-11-17 14:38:57","2019-11-17 14:42:56",239.0,6.72644269601E-06, ,1,1, ,1, ,1, , ,1,1, , , , , ,1, , ,239,1,1,1, ,1,1,1,1, ,1, ,1,1, , ,1,1, , , , , , , ,1,1,1,1,1, , , , , , , , , , , , , , ,1,1, ,1, , ,1, ,1,1,1, , , , ,1, , ,1, , ,1,1, ,1,1,1,1
"2019-11-17 14:42:56","2019-11-17 15:10:57",1681.0,4.73102517657E-05, ,1,1, ,1, ,1, , ,1,1, , , , , ,1, , , ,1,1,1, ,1,1,1,1, ,1, ,1,1, , ,1,1, , , , , , , ,1,1,1,1,1, , , , , , , , , , , , , , ,1,1, ,1, , ,1, ,1,1,1, , , , ,1, , ,1, , ,1,1, ,1,1,1,1
"2019-11-17 15:10:57","2019-11-17 15:15:56",299.0,8.41508939794E-06, ,1,1, ,1, ,1, , ,1,1, , , , , ,1, , ,299,1,1,1, ,1,1,1,1, ,1, ,1,1, , ,1,1, , , , , , , ,1,1,1,1,1, , , , , , , , , , , , , , ,1,1, ,1, , ,1, ,1,1,1, , , , ,1, , ,1, , ,1,1, ,1,1,1,1
"2019-11-17 15:15:56","2019-11-17 15:17:56",120.0,3.37729340386E-06, ,1,1, ,1, ,1, , ,1,1, , , , , ,1, , , ,1,1,1, ,1,1,1,1, ,1, ,1,1, , ,1,1, , , , , , , ,1,1,1,1,1, , , , , , , , , , , , , , ,1,1, ,1, , ,1, ,1,1,1, , , , ,1, , ,1, , ,1,1, ,1,1,1,1
"2019-11-17 15:17:56","2019-11-17 15:21:57",241.0,6.78273091941E-06, ,1,1, ,1, ,1, , ,1,1, , , , , ,1, , ,241,1,1,1, ,1,1,1,1, ,1, ,1,1, , ,1,1, , , , , , , ,1,1,1,1,1, , , , , , , , , , , , , , ,1,1, ,1, , ,1, ,1,1,1, , , , ,1, , ,1, , ,1,1, ,1,1,1,1
"2019-11-17 15:21:57","2019-11-17 15:24:56",179.0,5.03779599409E-06, ,1,1, ,1, ,1, , ,1,1, , , , , ,1, , , ,1,1,1, ,1,1,1,1, ,1, ,1,1, , ,1,1, , , , , , , ,1,1,1,1,1, , , , , , , , , , , , , , ,1,1, ,1, , ,1, ,1,1,1, , , , ,1, , ,1, , ,1,1, ,1,1,1,1
"2019-11-17 15:24:56","2019-11-17 15:28:56",240.0,6.75458680771E-06, ,1,1, ,1, ,1, , ,1,1, , , , , ,1, , ,240,1,1,1, ,1,1,1,1, ,1, ,1,1, , ,1,1, , , , , , , ,1,1,1,1,1, , , , , , , , , , , , , , ,1,1, ,1, , ,1, ,1,1,1, , , , ,1, , ,1, , ,1,1, ,1,1,1,1
"2019-11-17 15:28:56","2019-11-17 15:31:56",180.0,5.06594010578E-06, ,1,1, ,1, ,1, , ,1,1, , , , , ,1, , , ,1,1,1, ,1,1,1,1, ,1, ,1,1, , ,1,1, , , , , , , ,1,1,1,1,1, , , , , , , , , , , , , , ,1,1, ,1, , ,1, ,1,1,1, , , , ,1, , ,1, , ,1,1, ,1,1,1,1
"2019-11-17 15:31:56","2019-11-17 15:34:56",180.0,5.06594010578E-06, ,1,1, ,1, ,1, , ,1,1, , , , , ,1, , ,180,1,1,1, ,1,1,1,1, ,1, ,1,1, , ,1,1, , , , , , , ,1,1,1,1,1, , , , , , , , , , , , , , ,1,1, ,1, , ,1, ,1,1,1, , , , ,1, , ,1, , ,1,1, ,1,1,1,1
"2019-11-17 15:34:56","2019-11-17 16:04:57",1801.0,5.06875451695E-05, ,1,1, ,1, ,1, , ,1,1, , , , , ,1, , , ,1,1,1, ,1,1,1,1, ,1, ,1,1, , ,1,1, , , , , , , ,1,1,1,1,1, , , , , , , , , , , , , , ,1,1, ,1, , ,1, ,1,1,1, , , , ,1, , ,1, , ,1,1, ,1,1,1,1
"2019-11-17 16:04:57","2019-11-17 16:08:56",239.0,6.72644269601E-06, ,1,1, ,1, ,1, , ,1,1, , , , , ,1, , ,239,1,1,1, ,1,1,1,1, ,1, ,1,1, , ,1,1, , , , , , , ,1,1,1,1,1, , , , , , , , , , , , , , ,1,1, ,1, , ,1, ,1,1,1, , , , ,1, , ,1, , ,1,1, ,1,1,1,1
"2019-11-17 16:08:56","2019-11-17 16:15:57",421.0,1.18486710252E-05, ,1,1, ,1, ,1, , ,1,1, , , , , ,1, , ,421,1,1,1, ,1,1,1,1, ,1, ,1,1, , ,1,1, , , , , , , ,1,1,1,1,1, , , , , , , , , , , , , , ,1,1, ,1, , ,1, ,1,1,1, , , , ,1, , ,1, , ,1,1, ,1,1,1,1
"2019-11-17 16:15:57","2019-11-17 16:19:57",240.0,6.75458680771E-06, ,1,1, ,1, ,1, , ,1,1, , , , , ,1, , ,240,1,1,1, ,1,1,1,1, ,1, ,1,1, , ,1,1, , , , , , , ,1,1,1,1,1, , , , , , , , , , , , , , ,1,1, ,1, , ,1, ,1,1,1, , , , ,1, , ,1, , ,1,1, ,1,1,1,1
"2019-11-17 16:19:57","2019-11-17 16:27:56",479.0,1.34810295037E-05, ,1,1, ,1, ,1, , ,1,1, , , , , ,1, , , ,1,1,1, ,1,1,1,1, ,1, ,1,1, , ,1,1, , , , , , , ,1,1,1,1,1, , , , , , , , , , , , , , ,1,1, ,1, , ,1, ,1,1,1, , , , ,1, , ,1, , ,1,1, ,1,1,1,1
"2019-11-17 16:27:56","2019-11-17 16:31:57",241.0,6.78273091941E-06, ,1,1, ,1, ,1, , ,1,1, , , , , ,1, , ,241,1,1,1, ,1,1,1,1, ,1, ,1,1, , ,1,1, , , , , , , ,1,1,1,1,1, , , , , , , , , , , , , , ,1,1, ,1, , ,1, ,1,1,1, , , , ,1, , ,1, , ,1,1, ,1,1,1,1
"2019-11-17 16:31:57","2019-11-17 17:04:56",1979.0,5.56971970519E-05, ,1,1, ,1, ,1, , ,1,1, , , , , ,1, , , ,1,1,1, ,1,1,1,1, ,1, ,1,1, , ,1,1, , , , , , , ,1,1,1,1,1, , , , , , , , , , , , , , ,1,1, ,1, , ,1, ,1,1,1, , , , ,1, , ,1, , ,1,1, ,1,1,1,1
"2019-11-17 17:04:56","2019-11-17 17:09:26",270.0,7.59891015868E-06, ,1,1, ,1, ,1, , ,1,1, , , , , ,1, , ,270,1,1,1, ,1,1,1,1, ,1, ,1,1, , ,1,1, , , , , , , ,1,1,1,1,1, , , , , , , , , , , , , , ,1,1, ,1, , ,1, ,1,1,1, , , , ,1, , ,1, , ,1,1, ,1,1,1,1
"2019-11-17 17:09:26","2019-11-17 17:21:57",751.0,2.11362278858E-05, ,1,1, ,1, ,1, , ,1,1, , , , , ,1, , , ,1,1,1, ,1,1,1,1, ,1, ,1,1, , ,1,1, , , , , , , ,1,1,1,1,1, , , , , , , , , , , , , , ,1,1, ,1, , ,1, ,1,1,1, , , , ,1, , ,1, , ,1,1, ,1,1,1,1
"2019-11-17 17:21:57","2019-11-17 17:25:56",239.0,6.72644269601E-06, ,1,1, ,1, ,1, , ,1,1, , , , , ,1, , ,239,1,1,1, ,1,1,1,1, ,1, ,1,1, , ,1,1, , , , , , , ,1,1,1,1,1, , , , , , , , , , , , , , ,1,1, ,1, , ,1, ,1,1,1, , , , ,1, , ,1, , ,1,1, ,1,1,1,1
"2019-11-17 17:25:56","2019-11-17 17:50:57",1501.0,4.22443116599E-05, ,1,1, ,1, ,1, , ,1,1, , , , , ,1, , , ,1,1,1, ,1,1,1,1, ,1, ,1,1, , ,1,1, , , , , , , ,1,1,1,1,1, , , , , , , , , , , , , , ,1,1, ,1, , ,1, ,1,1,1, , , , ,1, , ,1, , ,1,1, ,1,1,1,1
"2019-11-17 17:50:57","2019-11-17 17:54:56",239.0,6.72644269601E-06, ,1,1, ,1, ,1, , ,1,1, , , , , ,1, , ,239,1,1,1, ,1,1,1,1, ,1, ,1,1, , ,1,1, , , , , , , ,1,1,1,1,1, , , , , , , , , , , , , , ,1,1, ,1, , ,1, ,1,1,1, , , , ,1, , ,1, , ,1,1, ,1,1,1,1
"2019-11-17 17:54:56","2019-11-17 17:57:57",181.0,5.09408421748E-06, ,1,1, ,1, ,1, , ,1,1, , , , , ,1, , ,181,1,1,1, ,1,1,1,1, ,1, ,1,1, , ,1,1, , , , , , , ,1,1,1,1,1, , , , , , , , , , , , , , ,1,1, ,1, , ,1, ,1,1,1, , , , ,1, , ,1, , ,1,1, ,1,1,1,1
"2019-11-17 17:57:57","2019-11-17 18:10:56",779.0,2.19242630134E-05, ,1,1, ,1, ,1, , ,1,1, , , , , ,1, , , ,1,1,1, ,1,1,1,1, ,1, ,1,1, , ,1,1, , , , , , , ,1,1,1,1,1, , , , , , , , , , , , , , ,1,1, ,1, , ,1, ,1,1,1, , , , ,1, , ,1, , ,1,1, ,1,1,1,1
"2019-11-17 18:10:56","2019-11-17 18:14:56",240.0,6.75458680771E-06, ,1,1, ,1, ,1, , ,1,1, , , , , ,1, , ,240,1,1,1, ,1,1,1,1, ,1, ,1,1, , ,1,1, , , , , , , ,1,1,1,1,1, , , , , , , , , , , , , , ,1,1, ,1, , ,1, ,1,1,1, , , , ,1, , ,1, , ,1,1, ,1,1,1,1
"2019-11-17 18:14:56","2019-11-17 18:15:57",61.0,1.71679081363E-06, ,1,1, ,1, ,1, , ,1,1, , , , , ,1, , , ,1,1,1, ,1,1,1,1, ,1, ,1,1, , ,1,1, , , , , , , ,1,1,1,1,1, , , , , , , , , , , , , , ,1,1, ,1, , ,1, ,1,1,1, , , , ,1, , ,1, , ,1,1, ,1,1,1,1
"2019-11-17 18:15:57","2019-11-17 18:19:57",240.0,6.75458680771E-06, ,1,1, ,1, ,1, , ,1,1, , , , , ,1, , ,240,1,1,1, ,1,1,1,1, ,1, ,1,1, , ,1,1, , , , , , , ,1,1,1,1,1, , , , , , , , , , , , , , ,1,1, ,1, , ,1, ,1,1,1, , , , ,1, , ,1, , ,1,1, ,1,1,1,1
"2019-11-17 18:19:57","2019-11-17 23:59:59",20402.0,0.000574196166879, ,1,1, ,1, ,1, , ,1,1, , , , , ,1, , , ,1,1,1, ,1,1,1,1, ,1, ,1,1, , ,1,1, , , , , , , ,1,1,1,1,1, , , , , , , , , , , , , , ,1,1, ,1, , ,1, ,1,1,1, , , , ,1, , ,1, , ,1,1, ,1,1,1,1
"2019-11-17 23:59:59","2019-11-18 00:00:00",1.0,2.81441116988E-08, ,1,1, ,1, ,1, , ,1,1, , , , , ,1, , , ,1,1,1, ,1,1,1,1, ,1, ,1,1, , ,1,1, , , , , , , ,1,1,1,1,1, , , , , , , , , , , , , , ,1,1, ,1, , ,1, ,1,1, , , , , ,1, , ,1, , ,1,1, ,1,1,1,1
"2019-11-18 00:00:00","2019-11-18 23:59:59",86399.0,0.00243162310666, ,1,1, ,1, ,1, , ,1,1, , , , , ,1, , , ,1,1,1, ,1,1,1,1, ,1, ,1,1, , ,1,1, , , , , , , ,1,1,1,1,1, , , , , , , , , , , , , , ,1,1, ,1, , ,1, ,1,1, , , , , ,1, , ,1, ,1,1,1, ,1,1,1,1
"2019-11-18 23:59:59","2019-11-19 00:00:00",1.0,2.81441116988E-08, ,1,1, ,1, ,1, , ,1,1, , , , , ,1, , , ,1,1,1, ,1,1,1,1, ,1, ,1,1, , ,1,1, , , , , , , ,1,1,1,1,1, , , , , , , , , , , , , , ,1,1, ,1, , ,1, ,1,1, , , , , ,1, , ,1, , ,1,1, ,1,1,1,1
"2019-11-19 00:00:00","2019-11-19 23:59:59",86399.0,0.00243162310666, ,1,1, ,1, ,1, , ,1,1, , , , , ,1, , , ,1,1,1, ,1,1,1,1, ,1, ,1,1, , ,1,1, , , , , , , ,1,1,1,1,1, , , , , , , , , , , , , , ,1,1, ,1, , ,1, ,1,1, , , , , ,1, , ,1,1, ,1,1, ,1,1,1,1
"2019-11-19 23:59:59","2019-11-20 00:00:00",1.0,2.81441116988E-08, ,1,1, ,1, ,1, , ,1,1, , , , , ,1, , , ,1,1,1, ,1,1,1,1, ,1, ,1,1, , ,1,1, , , , , , , ,1,1,1,1,1, , , , , , , , , , , , , , ,1,1, ,1, , ,1, ,1,1, , , , , ,1, , ,1, , ,1,1, ,1,1,1,1
"2019-11-20 00:00:00","2019-11-20 23:59:59",86399.0,0.00243162310666, ,1,1, ,1, ,1, , ,1,1, , , , , ,1, , , ,1,1,1, ,1,1,1,1, ,1, ,1,1, , ,1,1, , , , , ,1, ,1,1,1,1,1, , , , , , , , , , , , , , ,1,1, ,1, , ,1, ,1,1, , , , , ,1, , ,1, , ,1,1, ,1,1,1,1
"2019-11-20 23:59:59","2019-11-21 00:00:00",1.0,2.81441116988E-08, ,1,1, ,1, ,1, , ,1,1, , , , , ,1, , , ,1,1,1, ,1,1,1,1, ,1, ,1,1, , ,1,1, , , , , , , ,1,1,1,1,1, , , , , , , , , , , , , , ,1,1, ,1, , ,1, ,1,1, , , , , ,1, , ,1, , ,1,1, ,1,1,1,1
"2019-11-21 00:00:00","2019-11-21 23:59:59",86399.0,0.00243162310666, ,1,1, ,1, ,1, , ,1,1, , , , , ,1, , , ,1,1,1, ,1,1,1,1, ,1, ,1,1, , ,1,1, , , , , , ,1,1,1,1,1,1, , , , , , , , , , , , , , ,1,1, ,1, , ,1, ,1,1, , , , , ,1, , ,1, , ,1,1, ,1,1,1,1
"2019-11-21 23:59:59","2019-11-22 00:00:00",1.0,2.81441116988E-08, ,1,1, ,1, ,1, , ,1,1, , , , , ,1, , , ,1,1,1, ,1,1,1,1, ,1, ,1,1, , ,1,1, , , , , , , ,1,1,1,1,1, , , , , , , , , , , , , , ,1,1, ,1, , ,1, ,1,1, , , , , ,1, , ,1, , ,1,1, ,1,1,1,1
"2019-11-22 00:00:00","2019-11-22 12:20:05",44405.0,0.00124973927999, ,1,1, ,1, ,1, , ,1,1, , , , , ,1, , , ,1,1,1, ,1,1,1,1, ,1, ,1,1, , ,1,1, , , ,1, , , ,1,1,1,1,1, , , , , , , , , , , , , , ,1,1, ,1, , ,1, ,1,1, , , , , ,1, , ,1, , ,1,1, ,1,1,1,1
"2019-11-22 12:20:05","2019-11-22 12:31:05",660.0,1.85751137212E-05, ,1,1, ,1, ,1, , ,1,1, , , , , ,1, , , ,1,1,1, ,1,1,1,1, ,1, ,1,1, , ,1,1, , , ,1, , , ,1,1,1,1,1, , , , , , , , , , , , , , ,1,1,660,1, , ,1, ,1,1, , , , , ,1, , ,1, , ,1,1, ,1,1,1,1
"2019-11-22 12:31:05","2019-11-22 23:59:59",41334.0,0.00116330871296, ,1,1, ,1, ,1, , ,1,1, , , , , ,1, , , ,1,1,1, ,1,1,1,1, ,1, ,1,1, , ,1,1, , , ,1, , , ,1,1,1,1,1, , , , , , , , , , , , , , ,1,1, ,1, , ,1, ,1,1, , , , , ,1, , ,1, , ,1,1, ,1,1,1,1
"2019-11-22 23:59:59","2019-11-23 00:00:00",1.0,2.81441116988E-08, ,1,1, ,1, ,1, , ,1,1, , , , , ,1, , , ,1,1,1, ,1,1,1,1, ,1, ,1,1, , ,1,1, , , , , , , ,1,1,1,1,1, , , , , , , , , , , , , , ,1,1, ,1, , ,1, ,1,1, , , , , ,1, , ,1, , ,1,1, ,1,1,1,1
"2019-11-23 00:00:00","2019-11-23 23:59:59",86399.0,0.00243162310666, ,1,1, ,1, ,1, , ,1,1, , , , , ,1, , , ,1,1,1, ,1,1,1,1, ,1, ,1,1, , ,1,1, , , , ,1, , ,1,1,1,1,1, , , , , , , , , , , , , , ,1,1, ,1, , ,1, ,1,1, , , , , ,1, , ,1, , ,1,1, ,1,1,1,1
"2019-11-23 23:59:59","2019-11-24 00:00:00",1.0,2.81441116988E-08, ,1,1, ,1, ,1, , ,1,1, , , , , ,1, , , ,1,1,1, ,1,1,1,1, ,1, ,1,1, , ,1,1, , , , , , , ,1,1,1,1,1, , , , , , , , , , , , , , ,1,1, ,1, , ,1, ,1,1, , , , , ,1, , ,1, , ,1,1, ,1,1,1,1
"2019-11-24 00:00:00","2019-11-24 23:59:59",86399.0,0.00243162310666, ,1,1, ,1, ,1, , ,1,1, , , , , ,1, , , ,1,1,1, ,1,1,1,1, ,1, ,1,1, , ,1,1, ,1, , , , , ,1,1,1,1,1, , , , , , , , , , , , , , ,1,1, ,1, , ,1, ,1,1, , , , , ,1, , ,1, , ,1,1, ,1,1,1,1
"2019-11-24 23:59:59","2019-11-25 00:00:00",1.0,2.81441116988E-08, ,1,1, ,1, ,1, , ,1,1, , , , , ,1, , , ,1,1,1, ,1,1,1,1, ,1, ,1,1, , ,1,1, , , , , , , ,1,1,1,1,1, , , , , , , , , , , , , , ,1,1, ,1, , ,1, ,1,1, , , , , ,1, , ,1, , ,1,1, ,1,1,1,1
"2019-11-25 00:00:00","2019-11-25 23:59:59",86399.0,0.00243162310666, ,1,1, ,1, ,1, , ,1,1, , , , , ,1, , , ,1,1,1, ,1,1,1,1, ,1, ,1,1, , ,1,1, , ,1, , , , ,1,1,1,1,1, , , , , , , , , , , , , , ,1,1, ,1, , ,1, ,1,1, , , , , ,1, , ,1, , ,1,1, ,1,1,1,1
"2019-11-25 23:59:59","2019-11-26 00:00:00",1.0,2.81441116988E-08, ,1,1, ,1, ,1, , ,1,1, , , , , ,1, , , ,1,1,1, ,1,1,1,1, ,1, ,1,1, , ,1,1, , , , , , , ,1,1,1,1,1, , , , , , , , , , , , , , ,1,1, ,1, , ,1, ,1,1, , , , , ,1, , ,1, , ,1,1, ,1,1,1,1
"2019-11-26 00:00:00","2019-11-26 23:59:59",86399.0,0.00243162310666, ,1,1, ,1, ,1, , ,1,1, , , , ,1,1, , , ,1,1,1, ,1,1,1,1, ,1, ,1,1, , ,1,1, , , , , , , ,1,1,1,1,1, , , , , , , , , , , , , , ,1,1, ,1, , ,1, ,1,1, , , , , ,1, , ,1, , ,1,1, ,1,1,1,1
"2019-11-26 23:59:59","2019-11-27 00:00:00",1.0,2.81441116988E-08, ,1,1, ,1, ,1, , ,1,1, , , , , ,1, , , ,1,1,1, ,1,1,1,1, ,1, ,1,1, , ,1,1, , , , , , , ,1,1,1,1,1, , , , , , , , , , , , , , ,1,1, ,1, , ,1, ,1,1, , , , , ,1, , ,1, , ,1,1, ,1,1,1,1
"2019-11-27 00:00:00","2019-11-27 07:42:00",27720.0,0.000780154776291, ,1,1, ,1, ,1, , ,1,1, , , , , ,1, , , ,1,1,1, ,1,1,1,1, ,1, ,1,1, , ,1,1,1, , , , , , ,1,1,1,1,1, , , , , , , , , , , , , , ,1,1, ,1, , ,1, ,1,1, , , , , ,1, , ,1, , ,1,1, ,1,1,1,1
"2019-11-27 07:42:00","2019-11-27 07:43:00",60.0,1.68864670193E-06, ,1,1, ,1, ,1, , ,1,1, , , , , ,1, , , ,1,1,1, ,1,1,1,1, ,1, ,1,1,1, ,1,1,1, , , , , , ,1,1,1,1,1, , , , , , , , , , , , , , ,1,1, ,1, , ,1, ,1,1, , , , , ,1, , ,1, , ,1,1, ,1,1,1,1
"2019-11-27 07:43:00","2019-11-27 07:45:00",120.0,3.37729340386E-06, ,1,1, ,1, ,1, , ,1,1, , , , , ,1, , , ,1,1,1, ,1,1,1,1, ,1, ,1,1, , ,1,1,1, , , , , , ,1,1,1,1,1, , , , , , , , , , , , , , ,1,1, ,1, , ,1, ,1,1, , , , , ,1, , ,1, , ,1,1, ,1,1,1,1
"2019-11-27 07:45:00","2019-11-27 07:49:00",240.0,6.75458680771E-06, ,1,1, ,1, ,1, , ,1,1, , , , , ,1, , , ,1,1,1, ,1,1,1,1, ,1, ,1,1,1, ,1,1,1, , , , , , ,1,1,1,1,1, , , , , , , , , , , , , , ,1,1, ,1, , ,1, ,1,1, , , , , ,1, , ,1, , ,1,1, ,1,1,1,1
"2019-11-27 07:49:00","2019-11-27 07:50:00",60.0,1.68864670193E-06, ,1,1, ,1, ,1, , ,1,1, , , , , ,1, , , ,1,1,1, ,1,1,1,1, ,1, ,1,1, , ,1,1,1, , , , , , ,1,1,1,1,1, , , , , , , , , , , , , , ,1,1, ,1, , ,1, ,1,1, , , , , ,1, , ,1, , ,1,1, ,1,1,1,1
"2019-11-27 07:50:00","2019-11-27 07:57:00",420.0,1.18205269135E-05, ,1,1, ,1, ,1, , ,1,1, , , , , ,1, , , ,1,1,1, ,1,1,1,1, ,1, ,1,1,1, ,1,1,1, , , , , , ,1,1,1,1,1, , , , , , , , , , , , , , ,1,1, ,1, , ,1, ,1,1, , , , , ,1, , ,1, , ,1,1, ,1,1,1,1
"2019-11-27 07:57:00","2019-11-27 07:58:00",60.0,1.68864670193E-06, ,1,1, ,1, ,1, , ,1,1, , , , , ,1, , , ,1,1,1, ,1,1,1,1, ,1, ,1,1, , ,1,1,1, , , , , , ,1,1,1,1,1, , , , , , , , , , , , , , ,1,1, ,1, , ,1, ,1,1, , , , , ,1, , ,1, , ,1,1, ,1,1,1,1
"2019-11-27 07:58:00","2019-11-27 08:02:00",240.0,6.75458680771E-06, ,1,1, ,1, ,1, , ,1,1, , , , , ,1, , , ,1,1,1, ,1,1,1,1, ,1, ,1,1,1, ,1,1,1, , , , , , ,1,1,1,1,1, , , , , , , , , , , , , , ,1,1, ,1, , ,1, ,1,1, , , , , ,1, , ,1, , ,1,1, ,1,1,1,1
"2019-11-27 08:02:00","2019-11-27 08:14:00",720.0,2.02637604231E-05, ,1,1, ,1, ,1, , ,1,1, , , , , ,1, , , ,1,1,1, ,1,1,1,1, ,1, ,1,1, , ,1,1,1, , , , , , ,1,1,1,1,1, , , , , , , , , , , , , , ,1,1, ,1, , ,1, ,1,1, , , , , ,1, , ,1, , ,1,1, ,1,1,1,1
"2019-11-27 08:14:00","2019-11-27 08:16:00",120.0,3.37729340386E-06, ,1,1, ,1, ,1, , ,1,1, , , , , ,1, , , ,1,1,1, ,1,1,1,1, ,1, ,1,1,1, ,1,1,1, , , , , , ,1,1,1,1,1, , , , , , , , , , , , , , ,1,1, ,1, , ,1, ,1,1, , , , , ,1, , ,1, , ,1,1, ,1,1,1,1
"2019-11-27 08:16:00","2019-11-27 08:19:00",180.0,5.06594010578E-06, ,1,1, ,1, ,1, , ,1,1, , , , , ,1, , , ,1,1,1, ,1,1,1,1, ,1, ,1,1, , ,1,1,1, , , , , , ,1,1,1,1,1, , , , , , , , , , , , , , ,1,1, ,1, , ,1, ,1,1, , , , , ,1, , ,1, , ,1,1, ,1,1,1,1
"2019-11-27 08:19:00","2019-11-27 08:29:00",600.0,1.68864670193E-05, ,1,1, ,1, ,1, , ,1,1, , , , , ,1, , , ,1,1,1, ,1,1,1,1, ,1, ,1,1,1, ,1,1,1, , , , , , ,1,1,1,1,1, , , , , , , , , , , , , , ,1,1, ,1, , ,1, ,1,1, , , , , ,1, , ,1, , ,1,1, ,1,1,1,1
"2019-11-27 08:29:00","2019-11-27 12:52:45",15825.0,0.000445380567634, ,1,1, ,1, ,1, , ,1,1, , , , , ,1, , , ,1,1,1, ,1,1,1,1, ,1, ,1,1, , ,1,1,1, , , , , , ,1,1,1,1,1, , , , , , , , , , , , , , ,1,1, ,1, , ,1, ,1,1, , , , , ,1, , ,1, , ,1,1, ,1,1,1,1
"2019-11-27 12:52:45","2019-11-27 12:55:37",172.0,4.84078721219E-06, ,1,1, ,1, ,1, , ,1,1, , , , , ,1, , , ,1,1,1,172,1,1,1,1, ,1, ,1,1, , ,1,1,1, , , , , , ,1,1,1,1,1, , , , , , , , , , , , , , ,1,1, ,1, , ,1, ,1,1, , , , , ,1, , ,1, , ,1,1, ,1,1,1,1
"2019-11-27 12:55:37","2019-11-27 13:11:45",968.0,2.72435001244E-05, ,1,1, ,1, ,1, , ,1,1, , , , , ,1, , , ,1,1,1, ,1,1,1,1, ,1, ,1,1, , ,1,1,1, , , , , , ,1,1,1,1,1, , , , , , , , , , , , , , ,1,1, ,1, , ,1, ,1,1, , , , , ,1, , ,1, , ,1,1, ,1,1,1,1
"2019-11-27 13:11:45","2019-11-27 13:15:37",232.0,6.52943391412E-06, ,1,1, ,1, ,1, , ,1,1, , , , , ,1, , , ,1,1,1,232,1,1,1,1, ,1, ,1,1, , ,1,1,1, , , , , , ,1,1,1,1,1, , , , , , , , , , , , , , ,1,1, ,1, , ,1, ,1,1, , , , , ,1, , ,1, , ,1,1, ,1,1,1,1
"2019-11-27 13:15:37","2019-11-27 13:51:05",2128.0,5.9890669695E-05, ,1,1, ,1, ,1, , ,1,1, , , , , ,1, , , ,1,1,1, ,1,1,1,1, ,1, ,1,1, , ,1,1,1, , , , , , ,1,1,1,1,1, , , , , , , , , , , , , , ,1,1, ,1, , ,1, ,1,1, , , , , ,1, , ,1, , ,1,1, ,1,1,1,1
"2019-11-27 13:51:05","2019-11-27 13:53:04",119.0,3.34914929216E-06, ,1,1, ,1, ,1, , ,1,1, , , , , ,1,1, , ,1,1,1, ,1,1,1,1, ,1, ,1,1, , ,1,1,1, , , , , , ,1,1,1,1,1, , , , , , , , , , , , , , ,1,1, ,1, , ,1, ,1,1, , , , , ,1, , ,1, , ,1,1, ,1,1,1,1
"2019-11-27 13:53:04","2019-11-27 16:20:04",8820.0,0.000248231065183, ,1,1, ,1, ,1, , ,1,1, , , , , ,1, , , ,1,1,1, ,1,1,1,1, ,1, ,1,1, , ,1,1,1, , , , , , ,1,1,1,1,1, , , , , , , , , , , , , , ,1,1, ,1, , ,1, ,1,1, , , , , ,1, , ,1, , ,1,1, ,1,1,1,1
"2019-11-27 16:20:04","2019-11-27 16:21:04",60.0,1.68864670193E-06, ,1,1, ,1, ,1, , ,1,1, , , , , ,1,1, , ,1,1,1, ,1,1,1,1, ,1, ,1,1, , ,1,1,1, , , , , , ,1,1,1,1,1, , , , , , , , , , , , , , ,1,1, ,1, , ,1, ,1,1, , , , , ,1, , ,1, , ,1,1, ,1,1,1,1
"2019-11-27 16:21:04","2019-11-27 16:26:04",300.0,8.44323350964E-06, ,1,1, ,1, ,1, , ,1,1, , , , , ,1, , , ,1,1,1, ,1,1,1,1, ,1, ,1,1, , ,1,1,1, , , , , , ,1,1,1,1,1, , , , , , , , , , , , , , ,1,1, ,1, , ,1, ,1,1, , , , , ,1, , ,1, , ,1,1, ,1,1,1,1
"2019-11-27 16:26:04","2019-11-27 16:27:04",60.0,1.68864670193E-06, ,1,1, ,1, ,1, , ,1,1, , , , , ,1,1, , ,1,1,1, ,1,1,1,1, ,1, ,1,1, , ,1,1,1, , , , , , ,1,1,1,1,1, , , , , , , , , , , , , , ,1,1, ,1, , ,1, ,1,1, , , , , ,1, , ,1, , ,1,1, ,1,1,1,1
"2019-11-27 16:27:04","2019-11-27 19:07:56",9652.0,0.000271646966117, ,1,1, ,1, ,1, , ,1,1, , , , , ,1, , , ,1,1,1, ,1,1,1,1, ,1, ,1,1, , ,1,1,1, , , , , , ,1,1,1,1,1, , , , , , , , , , , , , , ,1,1, ,1, , ,1, ,1,1, , , , , ,1, , ,1, , ,1,1, ,1,1,1,1
"2019-11-27 19:07:56","2019-11-27 19:09:33",97.0,2.72997883478E-06, ,1,1, ,1, ,1, , ,1,1, , , , , ,1, , ,480,1,1,1, ,1,1,1,1, ,1, ,1,1, , ,1,1,1, , , , , , ,1,1,1,1,1, , , , , , , , , , , , , , ,1,1, ,1, , ,1, ,1,1, , , , , ,1, , ,1, , ,1,1, ,1,1,1,1
"2019-11-27 19:09:33","2019-11-27 19:09:41",8.0,2.2515289359E-07, ,1,1,160,1, ,1, , ,1,1, , , , , ,1, , ,480,1,1,1, ,1,1,1,1, ,1, ,1,1, , ,1,1,1, , , , , , ,1,1,1,1,1,160, , , , , , , , , , , , , ,1,1, ,1, , ,1,160,1,1, , , , , ,1, , ,1, , ,1,1, ,1,1,1,1
"2019-11-27 19:09:41","2019-11-27 19:09:51",10.0,2.81441116988E-07,420,1,1,160,1, ,1, , ,1,1, , , , , ,1, , ,480,1,1,1, ,1,1,1,1, ,1, ,1,1, , ,1,1,1, , , , , , ,1,1,1,1,1,160, , , , , , , , , , , , , ,1,1, ,1, , ,1,160,1,1, , , , , ,1, , ,1, , ,1,1, ,1,1,1,1
"2019-11-27 19:09:51","2019-11-27 19:10:50",59.0,1.66050259023E-06,420,1,1,160,1,1,1, , ,1,1, , , , , ,1, , ,480,1,1,1, ,1,1,1,1, ,1, ,1,1, , ,1,1,1, , , , , , ,1,1,1,1,1,160, , , , , , , , , , , , , ,1,1, ,1, , ,1,160,1,1, , , , , ,1, , ,1, , ,1,1, ,1,1,1,1
"2019-11-27 19:10:50","2019-11-27 19:12:13",83.0,2.335961271E-06,420,1,1,160,1, ,1, , ,1,1, , , , , ,1, , ,480,1,1,1, ,1,1,1,1, ,1, ,1,1, , ,1,1,1, , , , , , ,1,1,1,1,1,160, , , , , , , , , , , , , ,1,1, ,1, , ,1,160,1,1, , , , , ,1, , ,1, , ,1,1, ,1,1,1,1
"2019-11-27 19:12:13","2019-11-27 19:15:33",200.0,5.62882233976E-06,420,1,1,240,1, ,1, , ,1,1, , , , , ,1, , ,480,1,1,1, ,1,1,1,1, ,1, ,1,1, , ,1,1,1, , , , , , ,1,1,1,1,1,200, , , , , , , , , , , , , ,1,1, ,1, , ,1,240,1,1, , , , , ,1, , ,1, , ,1,1, ,1,1,1,1
"2019-11-27 19:15:33","2019-11-27 19:15:56",23.0,6.47314569072E-07,420,1,1,240,1, ,1, , ,1,1, , , , , ,1, , ,480,1,1,1, ,1,1,1,1, ,1, ,1,1, , ,1,1,1, , , , , , ,1,1,1,1,1, , , , , , , , , , , , , , ,1,1, ,1, , ,1,240,1,1, , , , , ,1, , ,1, , ,1,1, ,1,1,1,1
"2019-11-27 19:15:56","2019-11-27 19:16:13",17.0,4.7844989888E-07,420,1,1,240,1, ,1, , ,1,1, , , , , ,1, , , ,1,1,1, ,1,1,1,1, ,1, ,1,1, , ,1,1,1, , , , , , ,1,1,1,1,1, , , , , , , , , , , , , , ,1,1, ,1, , ,1,240,1,1, , , , , ,1, , ,1, , ,1,1, ,1,1,1,1
"2019-11-27 19:16:13","2019-11-27 19:16:41",28.0,7.88035127566E-07,420,1,1, ,1, ,1, , ,1,1, , , , , ,1, , , ,1,1,1, ,1,1,1,1, ,1, ,1,1, , ,1,1,1, , , , , , ,1,1,1,1,1, , , , , , , , , , , , , , ,1,1, ,1, , ,1, ,1,1, , , , , ,1, , ,1, , ,1,1, ,1,1,1,1
"2019-11-27 19:16:41","2019-11-27 20:17:56",3675.0,0.000103429610493, ,1,1, ,1, ,1, , ,1,1, , , , , ,1, , , ,1,1,1, ,1,1,1,1, ,1, ,1,1, , ,1,1,1, , , , , , ,1,1,1,1,1, , , , , , , , , , , , , , ,1,1, ,1, , ,1, ,1,1, , , , , ,1, , ,1, , ,1,1, ,1,1,1,1
"2019-11-27 20:17:56","2019-11-27 20:19:41",105.0,2.95513172837E-06, ,1,1, ,1, ,1, , ,1,1, , , , , ,1, , ,360,1,1,1, ,1,1,1,1, ,1, ,1,1, , ,1,1,1, , , , , , ,1,1,1,1,1, , , , , , , , , , , , , , ,1,1, ,1, , ,1, ,1,1, , , , , ,1, , ,1, , ,1,1, ,1,1,1,1
"2019-11-27 20:19:41","2019-11-27 20:21:13",92.0,2.58925827629E-06,360,1,1, ,1, ,1, , ,1,1, , , , , ,1, , ,360,1,1,1, ,1,1,1,1, ,1, ,1,1, , ,1,1,1, , , , , , ,1,1,1,1,1, , , , , , , , , , , , , , ,1,1, ,1, , ,1, ,1,1, , , , , ,1, , ,1, , ,1,1, ,1,1,1,1
"2019-11-27 20:21:13","2019-11-27 20:23:56",163.0,4.5874902069E-06,360,1,1,240,1, ,1, , ,1,1, , , , , ,1, , ,360,1,1,1, ,1,1,1,1, ,1, ,1,1, , ,1,1,1, , , , , , ,1,1,1,1,1,240, , , , , , , , , , , , , ,1,1, ,1, , ,1,240,1,1, , , , , ,1, , ,1, , ,1,1, ,1,1,1,1
"2019-11-27 20:23:56","2019-11-27 20:25:13",77.0,2.16709660081E-06,360,1,1,240,1, ,1, , ,1,1, , , , , ,1, , ,240,1,1,1, ,1,1,1,1, ,1, ,1,1, , ,1,1,1, , , , , , ,1,1,1,1,1,240, , , , , , , , , , , , , ,1,1, ,1, , ,1,240,1,1, , , , , ,1, , ,1, , ,1,1, ,1,1,1,1
"2019-11-27 20:25:13","2019-11-27 20:25:41",28.0,7.88035127566E-07,360,1,1, ,1, ,1, , ,1,1, , , , , ,1, , ,240,1,1,1, ,1,1,1,1, ,1, ,1,1, , ,1,1,1, , , , , , ,1,1,1,1,1, , , , , , , , , , , , , , ,1,1, ,1, , ,1, ,1,1, , , , , ,1, , ,1, , ,1,1, ,1,1,1,1
"2019-11-27 20:25:41","2019-11-27 20:27:56",135.0,3.79945507934E-06, ,1,1, ,1, ,1, , ,1,1, , , , , ,1, , ,240,1,1,1, ,1,1,1,1, ,1, ,1,1, , ,1,1,1, , , , , , ,1,1,1,1,1, , , , , , , , , , , , , , ,1,1, ,1, , ,1, ,1,1, , , , , ,1, , ,1, , ,1,1, ,1,1,1,1
"2019-11-27 20:27:56","2019-11-27 20:29:27",91.0,2.56111416459E-06, ,1,1, ,1, ,1, , ,1,1, , , , , ,1, , , ,1,1,1, ,1,1,1,1, ,1, ,1,1, , ,1,1,1, , , , , , ,1,1,1,1,1, , , , , , , , , , , , , , ,1,1, ,1, , ,1, ,1,1, , , , , ,1, , ,1, , ,1,1, ,1,1,1,1
"2019-11-27 20:29:27","2019-11-27 20:33:26",239.0,6.72644269601E-06, ,1,1, ,1, ,1, , ,1,1, , , , , ,1, , ,239,1,1,1, ,1,1,1,1, ,1, ,1,1, , ,1,1,1, , , , , , ,1,1,1,1,1, , , , , , , , , , , , , , ,1,1, ,1, , ,1, ,1,1, , , , , ,1, , ,1, , ,1,1, ,1,1,1,1
"2019-11-27 20:33:26","2019-11-27 20:36:56",210.0,5.91026345675E-06, ,1,1, ,1, ,1, , ,1,1, , , , , ,1, , ,210,1,1,1, ,1,1,1,1, ,1, ,1,1, , ,1,1,1, , , , , , ,1,1,1,1,1, , , , , , , , , , , , , , ,1,1, ,1, , ,1, ,1,1, , , , , ,1, , ,1, , ,1,1, ,1,1,1,1
"2019-11-27 20:36:56","2019-11-27 20:47:56",660.0,1.85751137212E-05, ,1,1, ,1, ,1, , ,1,1, , , , , ,1, , , ,1,1,1, ,1,1,1,1, ,1, ,1,1, , ,1,1,1, , , , , , ,1,1,1,1,1, , , , , , , , , , , , , , ,1,1, ,1, , ,1, ,1,1, , , , , ,1, , ,1, , ,1,1, ,1,1,1,1
"2019-11-27 20:47:56","2019-11-27 20:51:56",240.0,6.75458680771E-06, ,1,1, ,1, ,1, , ,1,1, , , , , ,1, , ,240,1,1,1, ,1,1,1,1, ,1, ,1,1, , ,1,1,1, , , , , , ,1,1,1,1,1, , , , , , , , , , , , , , ,1,1, ,1, , ,1, ,1,1, , , , , ,1, , ,1, , ,1,1, ,1,1,1,1
"2019-11-27 20:51:56","2019-11-27 20:55:33",217.0,6.10727223864E-06, ,1,1, ,1, ,1, , ,1,1, , , , , ,1, , ,583,1,1,1, ,1,1,1,1, ,1, ,1,1, , ,1,1,1, , , , , , ,1,1,1,1,1, , , , , , , , , , , , , , ,1,1, ,1, , ,1, ,1,1, , , , , ,1, , ,1, , ,1,1, ,1,1,1,1
"2019-11-27 20:55:33","2019-11-27 20:55:41",8.0,2.2515289359E-07, ,1,1,240,1, ,1, , ,1,1, , , , , ,1, , ,583,1,1,1, ,1,1,1,1, ,1, ,1,1, , ,1,1,1, , , , , , ,1,1,1,1,1,300, , , , , , , , , , , , , ,1,1, ,1, , ,1,300,1,1, , , , , ,1, , ,1, , ,1,1, ,1,1,1,1
"2019-11-27 20:55:41","2019-11-27 20:59:33",232.0,6.52943391412E-06,240,1,1,240,1, ,1, , ,1,1, , , , , ,1, , ,583,1,1,1, ,1,1,1,1, ,1, ,1,1, , ,1,1,1, , , , , , ,1,1,1,1,1,300, , , , , , , , , , , , , ,1,1, ,1, , ,1,300,1,1, , , , , ,1, , ,1, , ,1,1, ,1,1,1,1
"2019-11-27 20:59:33","2019-11-27 20:59:41",8.0,2.2515289359E-07,240,1,1, ,1, ,1, , ,1,1, , , , , ,1, , ,583,1,1,1, ,1,1,1,1, ,1, ,1,1, , ,1,1,1, , , , , , ,1,1,1,1,1,300, , , , , , , , , , , , , ,1,1, ,1, , ,1,300,1,1, , , , , ,1, , ,1, , ,1,1, ,1,1,1,1
"2019-11-27 20:59:41","2019-11-27 21:00:33",52.0,1.46349380834E-06, ,1,1, ,1, ,1, , ,1,1, , , , , ,1, , ,583,1,1,1, ,1,1,1,1, ,1, ,1,1, , ,1,1,1, , , , , , ,1,1,1,1,1,300, , , , , , , , , , , , , ,1,1, ,1, , ,1,300,1,1, , , , , ,1, , ,1, , ,1,1, ,1,1,1,1
"2019-11-27 21:00:33","2019-11-27 21:01:39",66.0,1.85751137212E-06, ,1,1, ,1, ,1, , ,1,1, , , , , ,1, , ,583,1,1,1, ,1,1,1,1, ,1, ,1,1, , ,1,1,1, , , , , , ,1,1,1,1,1, , , , , , , , , , , , , , ,1,1, ,1, , ,1, ,1,1, , , , , ,1, , ,1, , ,1,1, ,1,1,1,1
"2019-11-27 21:01:39","2019-11-27 21:03:56",137.0,3.85574330274E-06, ,1,1, ,1, ,1, , ,1,1, , , , , ,1, , , ,1,1,1, ,1,1,1,1, ,1, ,1,1, , ,1,1,1, , , , , , ,1,1,1,1,1, , , , , , , , , , , , , , ,1,1, ,1, , ,1, ,1,1, , , , , ,1, , ,1, , ,1,1, ,1,1,1,1
"2019-11-27 21:03:56","2019-11-27 21:05:33",97.0,2.72997883478E-06, ,1,1, ,1, ,1, , ,1,1, , , , , ,1, , ,240,1,1,1, ,1,1,1,1, ,1, ,1,1, , ,1,1,1, , , , , , ,1,1,1,1,1, , , , , , , , , , , , , , ,1,1, ,1, , ,1, ,1,1, , , , , ,1, , ,1, , ,1,1, ,1,1,1,1
"2019-11-27 21:05:33","2019-11-27 21:07:56",143.0,4.02460797293E-06, ,1,1,180,1, ,1, , ,1,1, , , , , ,1, , ,240,1,1,1, ,1,1,1,1, ,1, ,1,1, , ,1,1,1, , , , , , ,1,1,1,1,1,161, , , , , , , , , , , , , ,1,1, ,1, , ,1, ,1,1, , , , , ,1, , ,1, , ,1,1, ,1,1,1,1
"2019-11-27 21:07:56","2019-11-27 21:08:14",18.0,5.06594010578E-07, ,1,1,180,1, ,1, , ,1,1, , , , , ,1, , ,270,1,1,1, ,1,1,1,1, ,1, ,1,1, , ,1,1,1, , , , , , ,1,1,1,1,1,161, , , , , , , , , , , , , ,1,1, ,1, , ,1, ,1,1, , , , , ,1, , ,1, , ,1,1, ,1,1,1,1
"2019-11-27 21:08:14","2019-11-27 21:08:33",19.0,5.34738122277E-07, ,1,1,180,1, ,1, , ,1,1, , , , , ,1, , ,270,1,1,1, ,1,1,1,1, ,1, ,1,1, , ,1,1,1, , , , , , ,1,1,1,1,1, , , , , , , , , , , , , , ,1,1, ,1, , ,1, ,1,1, , , , , ,1, , ,1, , ,1,1, ,1,1,1,1
"2019-11-27 21:08:33","2019-11-27 21:08:50",17.0,4.7844989888E-07, ,1,1, ,1, ,1, , ,1,1, , , , , ,1, , ,270,1,1,1, ,1,1,1,1, ,1, ,1,1, , ,1,1,1, , , , , , ,1,1,1,1,1, , , , , , , , , , , , , , ,1,1, ,1, , ,1, ,1,1, , , , , ,1, , ,1, , ,1,1, ,1,1,1,1
"2019-11-27 21:08:50","2019-11-27 21:09:50",60.0,1.68864670193E-06, ,1,1, ,1,1,1, , ,1,1, , , , , ,1, , ,270,1,1,1, ,1,1,1,1, ,1, ,1,1, , ,1,1,1, , , , , , ,1,1,1,1,1, , , , , , , , , , , , , , ,1,1, ,1, , ,1, ,1,1, , , , , ,1, , ,1, , ,1,1, ,1,1,1,1
"2019-11-27 21:09:50","2019-11-27 21:12:26",156.0,4.39048142501E-06, ,1,1, ,1, ,1, , ,1,1, , , , , ,1, , ,270,1,1,1, ,1,1,1,1, ,1, ,1,1, , ,1,1,1, , , , , , ,1,1,1,1,1, , , , , , , , , , , , , , ,1,1, ,1, , ,1, ,1,1, , , , , ,1, , ,1, , ,1,1, ,1,1,1,1
"2019-11-27 21:12:26","2019-11-27 22:03:56",3090.0,8.69653051493E-05, ,1,1, ,1, ,1, , ,1,1, , , , , ,1, , , ,1,1,1, ,1,1,1,1, ,1, ,1,1, , ,1,1,1, , , , , , ,1,1,1,1,1, , , , , , , , , , , , , , ,1,1, ,1, , ,1, ,1,1, , , , , ,1, , ,1, , ,1,1, ,1,1,1,1
"2019-11-27 22:03:56","2019-11-27 22:07:56",240.0,6.75458680771E-06, ,1,1, ,1, ,1, , ,1,1, , , , , ,1, , ,240,1,1,1, ,1,1,1,1, ,1, ,1,1, , ,1,1,1, , , , , , ,1,1,1,1,1, , , , , , , , , , , , , , ,1,1, ,1, , ,1, ,1,1, , , , , ,1, , ,1, , ,1,1, ,1,1,1,1
"2019-11-27 22:07:56","2019-11-27 22:23:41",945.0,2.65961855554E-05, ,1,1, ,1, ,1, , ,1,1, , , , , ,1, , , ,1,1,1, ,1,1,1,1, ,1, ,1,1, , ,1,1,1, , , , , , ,1,1,1,1,1, , , , , , , , , , , , , , ,1,1, ,1, , ,1, ,1,1, , , , , ,1, , ,1, , ,1,1, ,1,1,1,1
"2019-11-27 22:23:41","2019-11-27 22:26:41",180.0,5.06594010578E-06,180,1,1, ,1, ,1, , ,1,1, , , , , ,1, , , ,1,1,1, ,1,1,1,1, ,1, ,1,1, , ,1,1,1, , , , , , ,1,1,1,1,1, , , , , , , , , , , , , , ,1,1, ,1, , ,1, ,1,1, , , , , ,1, , ,1, , ,1,1, ,1,1,1,1
"2019-11-27 22:26:41","2019-11-27 22:37:56",675.0,1.89972753967E-05, ,1,1, ,1, ,1, , ,1,1, , , , , ,1, , , ,1,1,1, ,1,1,1,1, ,1, ,1,1, , ,1,1,1, , , , , , ,1,1,1,1,1, , , , , , , , , , , , , , ,1,1, ,1, , ,1, ,1,1, , , , , ,1, , ,1, , ,1,1, ,1,1,1,1
"2019-11-27 22:37:56","2019-11-27 22:41:56",240.0,6.75458680771E-06, ,1,1, ,1, ,1, , ,1,1, , , , , ,1, , ,240,1,1,1, ,1,1,1,1, ,1, ,1,1, , ,1,1,1, , , , , , ,1,1,1,1,1, , , , , , , , , , , , , , ,1,1, ,1, , ,1, ,1,1, , , , , ,1, , ,1, , ,1,1, ,1,1,1,1
"2019-11-27 22:41:56","2019-11-27 22:48:56",420.0,1.18205269135E-05, ,1,1, ,1, ,1, , ,1,1, , , , , ,1, , , ,1,1,1, ,1,1,1,1, ,1, ,1,1, , ,1,1,1, , , , , , ,1,1,1,1,1, , , , , , , , , , , , , , ,1,1, ,1, , ,1, ,1,1, , , , , ,1, , ,1, , ,1,1, ,1,1,1,1
"2019-11-27 22:48:56","2019-11-27 22:51:56",180.0,5.06594010578E-06, ,1,1, ,1, ,1, , ,1,1, , , , , ,1, , ,180,1,1,1, ,1,1,1,1, ,1, ,1,1, , ,1,1,1, , , , , , ,1,1,1,1,1, , , , , , , , , , , , , , ,1,1, ,1, , ,1, ,1,1, , , , , ,1, , ,1, , ,1,1, ,1,1,1,1
"2019-11-27 22:51:56","2019-11-27 23:06:56",900.0,2.53297005289E-05, ,1,1, ,1, ,1, , ,1,1, , , , , ,1, , , ,1,1,1, ,1,1,1,1, ,1, ,1,1, , ,1,1,1, , , , , , ,1,1,1,1,1, , , , , , , , , , , , , , ,1,1, ,1, , ,1, ,1,1, , , , , ,1, , ,1, , ,1,1, ,1,1,1,1
"2019-11-27 23:06:56","2019-11-27 23:09:26",150.0,4.22161675482E-06, ,1,1, ,1, ,1, , ,1,1, , , , , ,1, , ,150,1,1,1, ,1,1,1,1, ,1, ,1,1, , ,1,1,1, , , , , , ,1,1,1,1,1, , , , , , , , , , , , , , ,1,1, ,1, , ,1, ,1,1, , , , , ,1, , ,1, , ,1,1, ,1,1,1,1
"2019-11-27 23:09:26","2019-11-27 23:59:59",3033.0,8.53610907825E-05, ,1,1, ,1, ,1, , ,1,1, , , , , ,1, , , ,1,1,1, ,1,1,1,1, ,1, ,1,1, , ,1,1,1, , , , , , ,1,1,1,1,1, , , , , , , , , , , , , , ,1,1, ,1, , ,1, ,1,1, , , , , ,1, , ,1, , ,1,1, ,1,1,1,1
"2019-11-27 23:59:59","2019-11-28 00:00:00",1.0,2.81441116988E-08, ,1,1, ,1, ,1, , ,1,1, , , , , ,1, , , ,1,1,1, ,1,1,1,1, ,1, ,1,1, , ,1,1, , , , , , , ,1,1,1,1,1, , , , , , , , , , , , , , ,1,1, ,1, , ,1, ,1,1, , , , , ,1, , ,1, , ,1,1, ,1,1,1,1
"2019-11-28 00:00:00","2019-11-28 01:15:57",4557.0,0.000128252717011, ,1,1, ,1, ,1, , ,1,1, , , , , ,1, , , ,1,1,1, ,1,1,1,1, ,1, ,1,1, ,1,1,1, , , , , , , ,1,1,1,1,1, , , , , , , , , , , , , , ,1,1, ,1, , ,1, ,1,1, , , , , ,1, , ,1, , ,1,1, ,1,1,1,1
"2019-11-28 01:15:57","2019-11-28 01:19:56",239.0,6.72644269601E-06, ,1,1, ,1, ,1, , ,1,1, , , , , ,1, , ,239,1,1,1, ,1,1,1,1, ,1, ,1,1, ,1,1,1, , , , , , , ,1,1,1,1,1, , , , , , , , , , , , , , ,1,1, ,1, , ,1, ,1,1, , , , , ,1, , ,1, , ,1,1, ,1,1,1,1
"2019-11-28 01:19:56","2019-11-28 03:43:56",8640.0,0.000243165125078, ,1,1, ,1, ,1, , ,1,1, , , , , ,1, , , ,1,1,1, ,1,1,1,1, ,1, ,1,1, ,1,1,1, , , , , , , ,1,1,1,1,1, , , , , , , , , , , , , , ,1,1, ,1, , ,1, ,1,1, , , , , ,1, , ,1, , ,1,1, ,1,1,1,1
"2019-11-28 03:43:56","2019-11-28 03:47:56",240.0,6.75458680771E-06, ,1,1, ,1, ,1, , ,1,1, , , , , ,1, , ,240,1,1,1, ,1,1,1,1, ,1, ,1,1, ,1,1,1, , , , , , , ,1,1,1,1,1, , , , , , , , , , , , , , ,1,1, ,1, , ,1, ,1,1, , , , , ,1, , ,1, , ,1,1, ,1,1,1,1
"2019-11-28 03:47:56","2019-11-28 23:59:59",72723.0,0.00204672423507, ,1,1, ,1, ,1, , ,1,1, , , , , ,1, , , ,1,1,1, ,1,1,1,1, ,1, ,1,1, ,1,1,1, , , , , , , ,1,1,1,1,1, , , , , , , , , , , , , , ,1,1, ,1, , ,1, ,1,1, , , , , ,1, , ,1, , ,1,1, ,1,1,1,1
"2019-11-28 23:59:59","2019-11-29 00:00:00",1.0,2.81441116988E-08, ,1,1, ,1, ,1, , ,1,1, , , , , ,1, , , ,1,1,1, ,1,1,1,1, ,1, ,1,1, , ,1,1, , , , , , , ,1,1,1,1,1, , , , , , , , , , , , , , ,1,1, ,1, , ,1, ,1,1, , , , , ,1, , ,1, , ,1,1, ,1,1,1,1
"2019-11-29 00:00:00","2019-11-29 23:59:59",86399.0,0.00243162310666, ,1,1, ,1, ,1, , ,1,1, , , ,1, ,1, , , ,1,1,1, ,1,1,1,1, ,1, ,1,1, , ,1,1, , , , , , , ,1,1,1,1,1, , , , , , , , , , , , , , ,1,1, ,1, , ,1, ,1,1, , , , , ,1, , ,1, , ,1,1, ,1,1,1,1
"2019-11-29 23:59:59","2019-11-30 00:00:00",1.0,2.81441116988E-08, ,1,1, ,1, ,1, , ,1,1, , , , , ,1, , , ,1,1,1, ,1,1,1,1, ,1, ,1,1, , ,1,1, , , , , , , ,1,1,1,1,1, , , , , , , , , , , , , , ,1,1, ,1, , ,1, ,1,1, , , , , ,1, , ,1, , ,1,1, ,1,1,1,1
"2019-11-30 00:00:00","2019-11-30 23:59:59",86399.0,0.00243162310666, ,1,1, ,1, ,1, , ,1,1, , , , , ,1, , , ,1,1,1, ,1,1,1,1, ,1, ,1,1, , ,1,1, , , , , , , ,1,1,1,1,1, ,1, , , , , , , , , , , , ,1,1, ,1, , ,1, ,1,1, , , , , ,1, , ,1, , ,1,1, ,1,1,1,1
"2019-11-30 23:59:59","2019-12-01 00:00:00",1.0,2.81441116988E-08, ,1,1, ,1, ,1, , ,1, , , , , , ,1, , , ,1,1,1, ,1,1,1,1, ,1, ,1,1, , ,1,1, , , , , , , ,1,1,1,1,1, , , , , , , , , , , , , , ,1,1, ,1, , ,1, ,1,1, , , , , ,1, , ,1, , ,1,1, ,1,1,1,1
"2019-12-01 00:00:00","2019-12-01 23:59:59",86399.0,0.00243162310666, ,1,1, ,1, ,1, , ,1, , ,1, , , ,1, , , ,1,1,1, ,1,1,1,1, ,1, ,1,1, , ,1,1, , , , , , , ,1,1,1,1,1, , , , , , , , , , , , , , ,1,1, ,1, , ,1, ,1,1, , , , , ,1, , ,1, , ,1,1,1,1,1,1,1
"2019-12-01 23:59:59","2019-12-02 00:00:00",1.0,2.81441116988E-08, ,1,1, ,1, ,1, , ,1, , ,1, , , ,1, , , ,1,1,1, ,1,1,1,1, ,1, ,1,1, , ,1,1, , , , , , , ,1,1,1,1,1, , , , , , , , , , , , , , ,1,1, ,1, , ,1, ,1,1, , , , , ,1, , ,1, , ,1,1, ,1,1,1,1
"2019-12-02 00:00:00","2019-12-02 18:57:56",68276.0,0.00192156737035, ,1,1, ,1, ,1, , ,1, , ,1, , , ,1, , , ,1,1,1, ,1,1,1,1, ,1, ,1,1, , ,1,1, , , , , , , ,1,1,1,1,1, , , ,1, , , , , , , , , , ,1,1, ,1, , ,1, ,1,1, , , , , ,1, , ,1, , ,1,1, ,1,1,1,1
"2019-12-02 18:57:56","2019-12-02 19:01:56",240.0,6.75458680771E-06, ,1,1, ,1, ,1, , ,1, , ,1, , , ,1, , ,240,1,1,1, ,1,1,1,1, ,1, ,1,1, , ,1,1, , , , , , , ,1,1,1,1,1, , , ,1, , , , , , , , , , ,1,1, ,1, , ,1, ,1,1, , , , , ,1, , ,1, , ,1,1, ,1,1,1,1
"2019-12-02 19:01:56","2019-12-02 23:59:59",17883.0,0.00050330114951, ,1,1, ,1, ,1, , ,1, , ,1, , , ,1, , , ,1,1,1, ,1,1,1,1, ,1, ,1,1, , ,1,1, , , , , , , ,1,1,1,1,1, , , ,1, , , , , , , , , , ,1,1, ,1, , ,1, ,1,1, , , , , ,1, , ,1, , ,1,1, ,1,1,1,1
