time_ini,time_end,duration_seg,duration_percent,OMCCL_nOK_0004,localidade_id_MSRPPPR_1749,RPBNDxRPSGO_ativado,ref_Periodo,RPFDIxRPMPX_ativado,RPMRD_SColTempo_0001_delta_tempo,OMCCLxRPATJ_ativado,chamados_MSRPJRD,ref_2020_03_09,ref_2020_03_08,ref_2020_03_07,ref_2020_03_06,ref_2020_03_05,ref_2020_03_04,ref_2020_03_03,ref_2020_03_02,ref_2020_03_01,RPMPX_nOK_0003,RPMPX_nOK_0002,RPFMA_SColTempo_0002_delta_tempo,RPMRDxRPFGR_ativado,OMPMT_SColTempo_0001_delta_tempo,chamados_MSOMJRD,localidade_id_MSOMJRD_1749,RPJRD_nOK_0002,localidade_id_MSRPJRD_1749,RPAMBxRPTCU_ativado,RPJRD_SColTempo_0002_delta_tempo,OMJRD_nOK_0002,chamados_MSRPPPR,RPMPX_SColTempo_0002_delta_tempo,RPNASxRPRBR_ativado,RPPPR_nOK_0002,RPPPR_nOK_0004,RPFSJxRPPMT_ativado,RPDOU_nOK_0001,RPSGOxRPFMA_ativado,RPJRD_SColTempo_0001_delta_tempo,OMCARCxRPFSJ_ativado,localidade_id_MSOMCCL_1749,OMCGR_nOK_0001,OMJRDxRPJRD_ativado,OMCGRxRPCGR_ativado,RPPPRxOMCCL_ativado,RPFTBxRPFXS_ativado,RPDOUxOMDOU_ativado,RPMMAxOMCARC_ativado,RPMPXxRPMRD_ativado,RPTRNxRPFDI_ativado,RPFGRxRPFTB_ativado,Chamados_Desconto,RPBND_SColTempo_0003_delta_tempo,RPAMOxRPAMB_ativado,RPPMT1xOMBBR_ativado,chamados_MSOMCCL,ref_2020_03_30,ref_2020_03_31,RPTCUxOMIGT_ativado,RPPPRxOMPPR_ativado,OMMNOxOMGUA_ativado,RPNAS1xRPNAS_ativado,RPRBRxRPDOU_ativado,OMCGRxOMRCB_ativado,RPCGRxRPNAS1_ativado,RPNVLxRPBND_ativado,RPNOQxOMNOQ_ativado,RPMRD_SColTempo_0003_delta_tempo,ref_2020_03_25,ref_2020_03_24,ref_2020_03_27,ref_2020_03_26,ref_2020_03_21,ref_2020_03_20,ref_2020_03_23,ref_2020_03_22,RPMMA_nOK_0001,RPFMA_SColTempo_0001_delta_tempo,ref_2020_03_28,RPBND_SColTempo_0001_delta_tempo,RPFMAxRPFSG_ativado,RPFSJxRPPMT1_ativado,RPRBR_nOK_0002,RPRBR_nOK_0001,ref_2020_03_10,ref_2020_03_11,ref_2020_03_12,ref_2020_03_13,ref_2020_03_14,ref_2020_03_15,ref_2020_03_16,ref_2020_03_17,ref_2020_03_18,ref_2020_03_19,RPAMO_nOK_0002,RPNVL_SColTempo_0003_delta_tempo,ref_2020_02_29,RPFDI_nOK_0001,RPMPX_SColTempo_0003_delta_tempo,OMDOUxRPPPR_ativado,RPAMBxOMAMB_ativado,OMPPR_SColTempo_0002_delta_tempo,OMIGTxOMMNO_ativado,OMDOU_nOK_0001,RPMPX_SColTempo_0001_delta_tempo,OMCGRxRPNVL_ativado,RPMRD_SColTempo_0002_delta_tempo,RPMMAxOMBLV_ativado,ref_2020_03_29,RPNVLxRPTRN_ativado,RPMRDxOMAQD_ativado,RPMPXxRPSPE_ativado,RPJRDxRPMMA_ativado,RPNVL_SColTempo_0001_delta_tempo,RPNOQxOMJRD_ativado,RPNOQ_nOK_0002,RPPPRxRPAMO1_ativado,RPAMO1xRPAMO_ativado,RPATJxOMBLV_ativado,RPNVL_SColTempo_0002_delta_tempo,ref_2020_04_01,RPPMTxOMPMT_ativado,ref_2020_02,ref_2020_03,RPSPExRPNOQ_ativado,OMNOQ_SColTempo_0003_delta_tempo,ref_2020_04
"2018-10-17 18:09:48","2018-10-17 19:05:35",3347.0,7.2783320055E-05, , , , , , , , , , , , , , , , , , , , , , ,1,1, , , , , , , , , , , , , , , , , , , , , , , , , , ,1, , , , , , , , , , , , , , , , , , , , , , , , , , , , , , , , , , , , , , , , , , , , , , , , , , , , , , , , , , , , , , , , , , , , , , , , , , , 
"2020-02-29 00:00:00","2020-02-29 23:59:59",86399.0,0.0018788186643, , ,1,1,1, ,1, , , , , , , , , , , , , ,1, , , , , ,1, , , , ,1, , ,1, ,1, ,1, , ,1,1,1,1,1,1,1,1,1, , ,1,1, , , ,1,1,1,1,1,1,1,1,1, , , , , , , , , , , , , ,1,1, , , , , , , , , , , , , , ,1, , ,1,1, ,1, , ,1, ,1, ,1,1,1,1, ,1, ,1,1,1, , ,1,1, ,1, , 
"2020-02-29 23:59:59","2020-03-01 00:00:00",1.0,2.17458380804E-08, , ,1,1,1, ,1, , , , , , , , , , , , , ,1, , , , , ,1, , , , ,1, , ,1, ,1, ,1, , ,1,1,1,1,1,1,1,1,1, , ,1,1, , , ,1,1,1,1,1,1,1,1,1, , , , , , , , , , , , , ,1,1, , , , , , , , , , , , , , , , , ,1,1, ,1, , ,1, ,1, ,1,1,1,1, ,1, ,1,1,1, , ,1, , ,1, , 
"2020-03-01 00:00:00","2020-03-01 18:09:48",65388.0,0.0014219168604, , ,1,1,1, ,1, , , , , , , , , ,1, , , ,1, , , , , ,1, , , , ,1, , ,1, ,1, ,1, , ,1,1,1,1,1,1,1,1,1, , ,1,1, , , ,1,1,1,1,1,1,1,1,1, , , , , , , , , , , , , ,1,1, , , , , , , , , , , , , , , , , ,1,1, ,1, , ,1, ,1, ,1,1,1,1, ,1, ,1,1,1, , ,1, ,1,1, , 
"2020-03-01 18:09:48","2020-03-01 23:59:59",21011.0,0.000456901803906, ,1,1,1,1, ,1,1, , , , , , , , ,1, , , ,1, ,1,1, ,1,1, , ,1, ,1, , ,1, ,1, ,1,1, ,1,1,1,1,1,1,1,1,1,1, ,1,1,1, , ,1,1,1,1,1,1,1,1,1, , , , , , , , , , , , , ,1,1, , , , , , , , , , , , , , , , , ,1,1, ,1, , ,1, ,1, ,1,1,1,1, ,1, ,1,1,1, , ,1, ,1,1, , 
"2020-03-01 23:59:59","2020-03-02 00:00:00",1.0,2.17458380804E-08, ,1,1,1,1, ,1,1, , , , , , , , , , , , ,1, ,1,1, ,1,1, , ,1, ,1, , ,1, ,1, ,1,1, ,1,1,1,1,1,1,1,1,1,1, ,1,1,1, , ,1,1,1,1,1,1,1,1,1, , , , , , , , , , , , , ,1,1, , , , , , , , , , , , , , , , , ,1,1, ,1, , ,1, ,1, ,1,1,1,1, ,1, ,1,1,1, , ,1, ,1,1, , 
"2020-03-02 00:00:00","2020-03-02 23:59:59",86399.0,0.0018788186643, ,1,1,1,1, ,1,1, , , , , , , ,1, , , , ,1, ,1,1, ,1,1, , ,1, ,1, , ,1, ,1, ,1,1, ,1,1,1,1,1,1,1,1,1,1, ,1,1,1, , ,1,1,1,1,1,1,1,1,1, , , , , , , , , , , , , ,1,1, , , , , , , , , , , , , , , , , ,1,1, ,1, , ,1, ,1, ,1,1,1,1, ,1, ,1,1,1, , ,1, ,1,1, , 
"2020-03-02 23:59:59","2020-03-03 00:00:00",1.0,2.17458380804E-08, ,1,1,1,1, ,1,1, , , , , , , , , , , , ,1, ,1,1, ,1,1, , ,1, ,1, , ,1, ,1, ,1,1, ,1,1,1,1,1,1,1,1,1,1, ,1,1,1, , ,1,1,1,1,1,1,1,1,1, , , , , , , , , , , , , ,1,1, , , , , , , , , , , , , , , , , ,1,1, ,1, , ,1, ,1, ,1,1,1,1, ,1, ,1,1,1, , ,1, ,1,1, , 
"2020-03-03 00:00:00","2020-03-03 23:59:59",86399.0,0.0018788186643, ,1,1,1,1, ,1,1, , , , , , ,1, , , , , ,1, ,1,1, ,1,1, , ,1, ,1, , ,1, ,1, ,1,1, ,1,1,1,1,1,1,1,1,1,1, ,1,1,1, , ,1,1,1,1,1,1,1,1,1, , , , , , , , , , , , , ,1,1, , , , , , , , , , , , , , , , , ,1,1, ,1, , ,1, ,1, ,1,1,1,1, ,1, ,1,1,1, , ,1, ,1,1, , 
"2020-03-03 23:59:59","2020-03-04 00:00:00",1.0,2.17458380804E-08, ,1,1,1,1, ,1,1, , , , , , , , , , , , ,1, ,1,1, ,1,1, , ,1, ,1, , ,1, ,1, ,1,1, ,1,1,1,1,1,1,1,1,1,1, ,1,1,1, , ,1,1,1,1,1,1,1,1,1, , , , , , , , , , , , , ,1,1, , , , , , , , , , , , , , , , , ,1,1, ,1, , ,1, ,1, ,1,1,1,1, ,1, ,1,1,1, , ,1, ,1,1, , 
"2020-03-04 00:00:00","2020-03-04 23:59:59",86399.0,0.0018788186643, ,1,1,1,1, ,1,1, , , , , ,1, , , , , , ,1, ,1,1, ,1,1, , ,1, ,1, , ,1, ,1, ,1,1, ,1,1,1,1,1,1,1,1,1,1, ,1,1,1, , ,1,1,1,1,1,1,1,1,1, , , , , , , , , , , , , ,1,1, , , , , , , , , , , , , , , , , ,1,1, ,1, , ,1, ,1, ,1,1,1,1, ,1, ,1,1,1, , ,1, ,1,1, , 
"2020-03-04 23:59:59","2020-03-05 00:00:00",1.0,2.17458380804E-08, ,1,1,1,1, ,1,1, , , , , , , , , , , , ,1, ,1,1, ,1,1, , ,1, ,1, , ,1, ,1, ,1,1, ,1,1,1,1,1,1,1,1,1,1, ,1,1,1, , ,1,1,1,1,1,1,1,1,1, , , , , , , , , , , , , ,1,1, , , , , , , , , , , , , , , , , ,1,1, ,1, , ,1, ,1, ,1,1,1,1, ,1, ,1,1,1, , ,1, ,1,1, , 
"2020-03-05 00:00:00","2020-03-05 22:20:21",80421.0,0.00174882204426, ,1,1,1,1, ,1,1, , , , ,1, , , , , , , ,1, ,1,1, ,1,1, , ,1, ,1, , ,1, ,1, ,1,1, ,1,1,1,1,1,1,1,1,1,1, ,1,1,1, , ,1,1,1,1,1,1,1,1,1, , , , , , , , , , , , , ,1,1, , , , , , , , , , , , , , , , , ,1,1, ,1, , ,1, ,1, ,1,1,1,1, ,1, ,1,1,1, , ,1, ,1,1, , 
"2020-03-05 22:20:21","2020-03-05 22:21:21",60.0,1.30475028482E-06, ,1,1,1,1, ,1,1, , , , ,1, , , , , , , ,1, ,1,1,1,1,1, , ,1, ,1, , ,1, ,1, ,1,1, ,1,1,1,1,1,1,1,1,1,1, ,1,1,1, , ,1,1,1,1,1,1,1,1,1, , , , , , , , , , , , , ,1,1, , , , , , , , , , , , , , , , , ,1,1, ,1, , ,1, ,1, ,1,1,1,1, ,1, ,1,1,1, , ,1, ,1,1, , 
"2020-03-05 22:21:21","2020-03-05 23:59:59",5918.0,0.00012869186976, ,1,1,1,1, ,1,1, , , , ,1, , , , , , , ,1, ,1,1, ,1,1, , ,1, ,1, , ,1, ,1, ,1,1, ,1,1,1,1,1,1,1,1,1,1, ,1,1,1, , ,1,1,1,1,1,1,1,1,1, , , , , , , , , , , , , ,1,1, , , , , , , , , , , , , , , , , ,1,1, ,1, , ,1, ,1, ,1,1,1,1, ,1, ,1,1,1, , ,1, ,1,1, , 
"2020-03-05 23:59:59","2020-03-06 00:00:00",1.0,2.17458380804E-08, ,1,1,1,1, ,1,1, , , , , , , , , , , , ,1, ,1,1, ,1,1, , ,1, ,1, , ,1, ,1, ,1,1, ,1,1,1,1,1,1,1,1,1,1, ,1,1,1, , ,1,1,1,1,1,1,1,1,1, , , , , , , , , , , , , ,1,1, , , , , , , , , , , , , , , , , ,1,1, ,1, , ,1, ,1, ,1,1,1,1, ,1, ,1,1,1, , ,1, ,1,1, , 
"2020-03-06 00:00:00","2020-03-06 23:59:59",86399.0,0.0018788186643, ,1,1,1,1, ,1,1, , , ,1, , , , , , , , ,1, ,1,1, ,1,1, , ,1, ,1, , ,1, ,1, ,1,1, ,1,1,1,1,1,1,1,1,1,1, ,1,1,1, , ,1,1,1,1,1,1,1,1,1, , , , , , , , , , , , , ,1,1, , , , , , , , , , , , , , , , , ,1,1, ,1, , ,1, ,1, ,1,1,1,1, ,1, ,1,1,1, , ,1, ,1,1, , 
"2020-03-06 23:59:59","2020-03-07 00:00:00",1.0,2.17458380804E-08, ,1,1,1,1, ,1,1, , , , , , , , , , , , ,1, ,1,1, ,1,1, , ,1, ,1, , ,1, ,1, ,1,1, ,1,1,1,1,1,1,1,1,1,1, ,1,1,1, , ,1,1,1,1,1,1,1,1,1, , , , , , , , , , , , , ,1,1, , , , , , , , , , , , , , , , , ,1,1, ,1, , ,1, ,1, ,1,1,1,1, ,1, ,1,1,1, , ,1, ,1,1, , 
"2020-03-07 00:00:00","2020-03-07 23:59:59",86399.0,0.0018788186643, ,1,1,1,1, ,1,1, , ,1, , , , , , , , , ,1, ,1,1, ,1,1, , ,1, ,1, , ,1, ,1, ,1,1, ,1,1,1,1,1,1,1,1,1,1, ,1,1,1, , ,1,1,1,1,1,1,1,1,1, , , , , , , , , , , , , ,1,1, , , , , , , , , , , , , , , , , ,1,1, ,1, , ,1, ,1, ,1,1,1,1, ,1, ,1,1,1, , ,1, ,1,1, , 
"2020-03-07 23:59:59","2020-03-08 00:00:00",1.0,2.17458380804E-08, ,1,1,1,1, ,1,1, , , , , , , , , , , , ,1, ,1,1, ,1,1, , ,1, ,1, , ,1, ,1, ,1,1, ,1,1,1,1,1,1,1,1,1,1, ,1,1,1, , ,1,1,1,1,1,1,1,1,1, , , , , , , , , , , , , ,1,1, , , , , , , , , , , , , , , , , ,1,1, ,1, , ,1, ,1, ,1,1,1,1, ,1, ,1,1,1, , ,1, ,1,1, , 
"2020-03-08 00:00:00","2020-03-08 23:59:59",86399.0,0.0018788186643, ,1,1,1,1, ,1,1, ,1, , , , , , , , , , ,1, ,1,1, ,1,1, , ,1, ,1, , ,1, ,1, ,1,1, ,1,1,1,1,1,1,1,1,1,1, ,1,1,1, , ,1,1,1,1,1,1,1,1,1, , , , , , , , , , , , , ,1,1, , , , , , , , , , , , , , , , , ,1,1, ,1, , ,1, ,1, ,1,1,1,1, ,1, ,1,1,1, , ,1, ,1,1, , 
"2020-03-08 23:59:59","2020-03-09 00:00:00",1.0,2.17458380804E-08, ,1,1,1,1, ,1,1, , , , , , , , , , , , ,1, ,1,1, ,1,1, , ,1, ,1, , ,1, ,1, ,1,1, ,1,1,1,1,1,1,1,1,1,1, ,1,1,1, , ,1,1,1,1,1,1,1,1,1, , , , , , , , , , , , , ,1,1, , , , , , , , , , , , , , , , , ,1,1, ,1, , ,1, ,1, ,1,1,1,1, ,1, ,1,1,1, , ,1, ,1,1, , 
"2020-03-09 00:00:00","2020-03-09 22:40:21",81621.0,0.00177491704996, ,1,1,1,1, ,1,1,1, , , , , , , , , , , ,1, ,1,1, ,1,1, , ,1, ,1, , ,1, ,1, ,1,1, ,1,1,1,1,1,1,1,1,1,1, ,1,1,1, , ,1,1,1,1,1,1,1,1,1, , , , , , , , , , , , , ,1,1, , , , , , , , , , , , , , , , , ,1,1, ,1, , ,1, ,1, ,1,1,1,1, ,1, ,1,1,1, , ,1, ,1,1, , 
"2020-03-09 22:40:21","2020-03-09 22:40:58",37.0,8.04596008973E-07, ,1,1,1,1, ,1,1,1, , , , , , , , , , , ,1, ,1,1, ,1,1,770, ,1, ,1, , ,1, ,1,770,1,1, ,1,1,1,1,1,1,1,1,1,1, ,1,1,1, , ,1,1,1,1,1,1,1,1,1, , , , , , , , , , , , , ,1,1, , , , , , , , , , , , , , , , , ,1,1, ,1, , ,1, ,1, ,1,1,1,1, ,1, ,1,1,1, , ,1, ,1,1, , 
"2020-03-09 22:40:58","2020-03-09 22:47:48",410.0,8.91579361295E-06, ,1,1,1,1, ,1,1,1, , , , , , , , , , , ,1, ,1,1, ,1,1,770, ,1, ,1, , ,1, ,1,770,1,1, ,1,1,1,1,1,1,1,1,1,1, ,1,1,1, , ,1,1,1,1,1,1,1,1,1, , , , , , , , , , , , , ,1,1, , , , , , , , , , , , , , , , , ,1,1, ,1, , ,1, ,1, ,1,1,1,1, ,1, ,1,1,1, , ,1, ,1,1,613, 
"2020-03-09 22:47:48","2020-03-09 22:49:48",120.0,2.60950056964E-06, ,1,1,1,1, ,1,1,1, , , , , , , , , , , ,1, ,1,1, ,1,1,770, ,1, ,1, , ,1, ,1,770,1,1, ,1,1,1,1,1,1,1,1,1,1, ,1,1,1, , ,1,1,1,1,1,1,1,1,1, , , , , , , , , , , , , ,1,1, , , , , , , , , , , , , , , ,1, ,1,1, ,1, , ,1, ,1, ,1,1,1,1, ,1, ,1,1,1, , ,1, ,1,1,613, 
"2020-03-09 22:49:48","2020-03-09 22:51:11",83.0,1.80490456067E-06, ,1,1,1,1, ,1,1,1, , , , , , , , , , , ,1, ,1,1, ,1,1,770, ,1, ,1, , ,1, ,1,770,1,1, ,1,1,1,1,1,1,1,1,1,1, ,1,1,1, , ,1,1,1,1,1,1,1,1,1, , , , , , , , , , , , , ,1,1, , , , , , , , , , , , , , , , , ,1,1, ,1, , ,1, ,1, ,1,1,1,1, ,1, ,1,1,1, , ,1, ,1,1,613, 
"2020-03-09 22:51:11","2020-03-09 22:53:11",120.0,2.60950056964E-06, ,1,1,1,1, ,1,1,1, , , , , , , , , , , ,1, ,1,1, ,1,1,770, ,1, ,1, , ,1, ,1,770,1,1, ,1,1,1,1,1,1,1,1,1,1, ,1,1,1, , ,1,1,1,1,1,1,1,1,1, , , , , , , , , , , , , ,1,1, , , , , , , , , , , , , , , , , ,1,1, ,1, , ,1, ,1, ,1,1,1,1, ,1, ,1,1,1, , ,1, ,1,1, , 
"2020-03-09 22:53:11","2020-03-09 22:53:28",17.0,3.69679247366E-07, ,1,1,1,1, ,1,1,1, , , , , , , , , , , ,1, ,1,1, ,1,1, , ,1, ,1, , ,1, ,1, ,1,1, ,1,1,1,1,1,1,1,1,1,1, ,1,1,1, , ,1,1,1,1,1,1,1,1,1, , , , , , , , , , , , , ,1,1, , , , , , , , , , , , , , , , , ,1,1, ,1, , ,1, ,1, ,1,1,1,1, ,1, ,1,1,1, , ,1, ,1,1, , 
"2020-03-09 22:53:28","2020-03-09 22:55:21",113.0,2.45727970308E-06, ,1,1,1,1, ,1,1,1, , , , , , , , , , , ,1, ,1,1, ,1,1, , ,1, ,1, , ,1, ,1, ,1,1, ,1,1,1,1,1,1,1,1,1,1, ,1,1,1, , ,1,1,1,1,1,1,1,1,1, , , , , , , , , , , , , ,1,1, , , , , , , , , , , , , , , , , ,1,1, ,1, , ,1, ,1, ,1,1,1,1, ,1, ,1,1,1, , ,1, ,1,1,150, 
"2020-03-09 22:55:21","2020-03-09 22:55:58",37.0,8.04596008973E-07, ,1,1,1,1, ,1,1,1, , , , , , , , , , , ,1, ,1,1, ,1,1,180, ,1, ,1, , ,1, ,1,180,1,1, ,1,1,1,1,1,1,1,1,1,1, ,1,1,1, , ,1,1,1,1,1,1,1,1,1, , , , , , , , , , , , , ,1,1, , , , , , , , , , , , , , , , , ,1,1, ,1, , ,1, ,1, ,1,1,1,1, ,1, ,1,1,1, , ,1, ,1,1,150, 
"2020-03-09 22:55:58","2020-03-09 22:58:21",143.0,3.10965484549E-06, ,1,1,1,1, ,1,1,1, , , , , , , , , , , ,1, ,1,1, ,1,1,180, ,1, ,1, , ,1, ,1,180,1,1, ,1,1,1,1,1,1,1,1,1,1, ,1,1,1, , ,1,1,1,1,1,1,1,1,1, , , , , , , , , , , , , ,1,1, , , , , , , , , , , , , , , , , ,1,1, ,1, , ,1, ,1, ,1,1,1,1, ,1, ,1,1,1, , ,1, ,1,1,180, 
"2020-03-09 22:58:21","2020-03-09 22:58:58",37.0,8.04596008973E-07, ,1,1,1,1, ,1,1,1, , , , , , , , , , , ,1, ,1,1, ,1,1, , ,1, ,1, , ,1, ,1, ,1,1, ,1,1,1,1,1,1,1,1,1,1, ,1,1,1, , ,1,1,1,1,1,1,1,1,1, , , , , , , , , , , , , ,1,1, , , , , , , , , , , , , , , , , ,1,1, ,1, , ,1, ,1, ,1,1,1,1, ,1, ,1,1,1, , ,1, ,1,1,180, 
"2020-03-09 22:58:58","2020-03-09 23:59:59",3661.0,7.96115132122E-05, ,1,1,1,1, ,1,1,1, , , , , , , , , , , ,1, ,1,1, ,1,1, , ,1, ,1, , ,1, ,1, ,1,1, ,1,1,1,1,1,1,1,1,1,1, ,1,1,1, , ,1,1,1,1,1,1,1,1,1, , , , , , , , , , , , , ,1,1, , , , , , , , , , , , , , , , , ,1,1, ,1, , ,1, ,1, ,1,1,1,1, ,1, ,1,1,1, , ,1, ,1,1, , 
"2020-03-09 23:59:59","2020-03-10 00:00:00",1.0,2.17458380804E-08, ,1,1,1,1, ,1,1, , , , , , , , , , , , ,1, ,1,1, ,1,1, , ,1, ,1, , ,1, ,1, ,1,1, ,1,1,1,1,1,1,1,1,1,1, ,1,1,1, , ,1,1,1,1,1,1,1,1,1, , , , , , , , , , , , , ,1,1, , , , , , , , , , , , , , , , , ,1,1, ,1, , ,1, ,1, ,1,1,1,1, ,1, ,1,1,1, , ,1, ,1,1, , 
"2020-03-10 00:00:00","2020-03-10 06:05:46",21946.0,0.000477234162512, ,1,1,1,1, ,1,1, , , , , , , , , , , , ,1, ,1,1, ,1,1, , ,1, ,1, , ,1, ,1, ,1,1, ,1,1,1,1,1,1,1,1,1,1, ,1,1,1, , ,1,1,1,1,1,1,1,1,1, , , , , , , , , , , , , ,1,1, , ,1, , , , , , , , , , , , , , ,1,1, ,1, , ,1, ,1, ,1,1,1,1, ,1, ,1,1,1, , ,1, ,1,1, , 
"2020-03-10 06:05:46","2020-03-10 06:06:46",60.0,1.30475028482E-06, ,1,1,1,1, ,1,1, , , , , , , , , , , , ,1, ,1,1, ,1,1, , ,1, ,1, , ,1, ,1, ,1,1,1,1,1,1,1,1,1,1,1,1,1, ,1,1,1, , ,1,1,1,1,1,1,1,1,1, , , , , , , , , , , , , ,1,1, , ,1, , , , , , , , , , , , , , ,1,1, ,1, , ,1, ,1, ,1,1,1,1, ,1, ,1,1,1, , ,1, ,1,1, , 
"2020-03-10 06:06:46","2020-03-10 06:28:05",1279.0,2.78129269048E-05, ,1,1,1,1, ,1,1, , , , , , , , , , , , ,1, ,1,1, ,1,1, , ,1, ,1, , ,1, ,1, ,1,1, ,1,1,1,1,1,1,1,1,1,1, ,1,1,1, , ,1,1,1,1,1,1,1,1,1, , , , , , , , , , , , , ,1,1, , ,1, , , , , , , , , , , , , , ,1,1, ,1, , ,1, ,1, ,1,1,1,1, ,1, ,1,1,1, , ,1, ,1,1, , 
"2020-03-10 06:28:05","2020-03-10 06:29:05",60.0,1.30475028482E-06,1,1,1,1,1, ,1,1, , , , , , , , , , , , ,1, ,1,1, ,1,1, , ,1, ,1, , ,1, ,1, ,1,1, ,1,1,1,1,1,1,1,1,1,1, ,1,1,1, , ,1,1,1,1,1,1,1,1,1, , , , , , , , , , , , , ,1,1, , ,1, , , , , , , , , , , , , , ,1,1, ,1, , ,1, ,1, ,1,1,1,1, ,1, ,1,1,1, , ,1, ,1,1, , 
"2020-03-10 06:29:05","2020-03-10 11:04:58",16553.0,0.000359958857744, ,1,1,1,1, ,1,1, , , , , , , , , , , , ,1, ,1,1, ,1,1, , ,1, ,1, , ,1, ,1, ,1,1, ,1,1,1,1,1,1,1,1,1,1, ,1,1,1, , ,1,1,1,1,1,1,1,1,1, , , , , , , , , , , , , ,1,1, , ,1, , , , , , , , , , , , , , ,1,1, ,1, , ,1, ,1, ,1,1,1,1, ,1, ,1,1,1, , ,1, ,1,1, , 
"2020-03-10 11:04:58","2020-03-10 11:05:21",23.0,5.00154275848E-07, ,1,1,1,1, ,1,1, , , , , , , , , , , , ,1, ,1,1, ,1,1, , ,1, ,1, , ,1, ,1, ,1,1, ,1,1,1,1,1,1,1,1,1,1, ,1,1,1, , ,1,1,1,1,1,1,1,1,1, , , , , , , , , , , , , ,1,1, , ,1, , , , , , , , , , , , , , ,1,1, ,1, , ,1, ,1, ,1,1,1,1, ,1, ,1,1,1, , ,1, ,1,1,240, 
"2020-03-10 11:05:21","2020-03-10 11:08:27",186.0,4.04472588295E-06, ,1,1,1,1, ,1,1, , , , , , , , , , , , ,1, ,1,1, ,1,1,186, ,1, ,1, , ,1, ,1,186,1,1, ,1,1,1,1,1,1,1,1,1,1, ,1,1,1, , ,1,1,1,1,1,1,1,1,1, , , , , , , , , , , , , ,1,1, , ,1, , , , , , , , , , , , , , ,1,1, ,1, , ,1, ,1, ,1,1,1,1, ,1, ,1,1,1, , ,1, ,1,1,240, 
"2020-03-10 11:08:27","2020-03-10 11:08:58",31.0,6.74120980491E-07, ,1,1,1,1, ,1,1, , , , , , , , , , , , ,1, ,1,1, ,1,1, , ,1, ,1, , ,1, ,1, ,1,1, ,1,1,1,1,1,1,1,1,1,1, ,1,1,1, , ,1,1,1,1,1,1,1,1,1, , , , , , , , , , , , , ,1,1, , ,1, , , , , , , , , , , , , , ,1,1, ,1, , ,1, ,1, ,1,1,1,1, ,1, ,1,1,1, , ,1, ,1,1,240, 
"2020-03-10 11:08:58","2020-03-10 14:17:13",11295.0,0.000245619241118, ,1,1,1,1, ,1,1, , , , , , , , , , , , ,1, ,1,1, ,1,1, , ,1, ,1, , ,1, ,1, ,1,1, ,1,1,1,1,1,1,1,1,1,1, ,1,1,1, , ,1,1,1,1,1,1,1,1,1, , , , , , , , , , , , , ,1,1, , ,1, , , , , , , , , , , , , , ,1,1, ,1, , ,1, ,1, ,1,1,1,1, ,1, ,1,1,1, , ,1, ,1,1, , 
"2020-03-10 14:17:13","2020-03-10 14:20:13",180.0,3.91425085446E-06, ,1,1,1,1,180,1,1, , , , , , , , , , , , ,1, ,1,1, ,1,1, , ,1, ,1, , ,1, ,1, ,1,1, ,1,1,1,1,1,1,1,1,1,1, ,1,1,1, , ,1,1,1,1,1,1,1,1,1,180, , , , , , , , , , , , ,1,1, , ,1, , , , , , , , , , , , , , ,1,1, ,1, , ,1,180,1, ,1,1,1,1, ,1, ,1,1,1, , ,1, ,1,1, , 
"2020-03-10 14:20:13","2020-03-10 23:59:59",34786.0,0.000756450723463, ,1,1,1,1, ,1,1, , , , , , , , , , , , ,1, ,1,1, ,1,1, , ,1, ,1, , ,1, ,1, ,1,1, ,1,1,1,1,1,1,1,1,1,1, ,1,1,1, , ,1,1,1,1,1,1,1,1,1, , , , , , , , , , , , , ,1,1, , ,1, , , , , , , , , , , , , , ,1,1, ,1, , ,1, ,1, ,1,1,1,1, ,1, ,1,1,1, , ,1, ,1,1, , 
"2020-03-10 23:59:59","2020-03-11 00:00:00",1.0,2.17458380804E-08, ,1,1,1,1, ,1,1, , , , , , , , , , , , ,1, ,1,1, ,1,1, , ,1, ,1, , ,1, ,1, ,1,1, ,1,1,1,1,1,1,1,1,1,1, ,1,1,1, , ,1,1,1,1,1,1,1,1,1, , , , , , , , , , , , , ,1,1, , , , , , , , , , , , , , , , , ,1,1, ,1, , ,1, ,1, ,1,1,1,1, ,1, ,1,1,1, , ,1, ,1,1, , 
"2020-03-11 00:00:00","2020-03-11 00:21:03",1263.0,2.74649934955E-05, ,1,1,1,1, ,1,1, , , , , , , , , , , , ,1, ,1,1, ,1,1, , ,1, ,1, , ,1, ,1, ,1,1, ,1,1,1,1,1,1,1,1,1,1, ,1,1,1, , ,1,1,1,1,1,1,1,1,1, , , , , , , , , , , , , ,1,1, , , ,1, , , , , , , , , , , , , ,1,1, ,1, , ,1, ,1, ,1,1,1,1, ,1, ,1,1,1, , ,1, ,1,1, , 
"2020-03-11 00:21:03","2020-03-11 00:22:03",60.0,1.30475028482E-06, ,1,1,1,1, ,1,1, , , , , , , , , , , , ,1, ,1,1, ,1,1, , ,1, ,1, , ,1, ,1, ,1,1, ,1,1,1,1,1,1,1,1,1,1, ,1,1,1, , ,1,1,1,1,1,1,1,1,1, , , , , , , , , , , , , ,1,1, , , ,1, , , , , , , , , , , , , ,1,1, ,1,1, ,1, ,1, ,1,1,1,1, ,1, ,1,1,1, , ,1, ,1,1, , 
"2020-03-11 00:22:03","2020-03-11 01:00:49",2326.0,5.05808193749E-05, ,1,1,1,1, ,1,1, , , , , , , , , , , , ,1, ,1,1, ,1,1, , ,1, ,1, , ,1, ,1, ,1,1, ,1,1,1,1,1,1,1,1,1,1, ,1,1,1, , ,1,1,1,1,1,1,1,1,1, , , , , , , , , , , , , ,1,1, , , ,1, , , , , , , , , , , , , ,1,1, ,1, , ,1, ,1, ,1,1,1,1, ,1, ,1,1,1, , ,1, ,1,1, , 
"2020-03-11 01:00:49","2020-03-11 01:01:48",59.0,1.28300444674E-06, ,1,1,1,1, ,1,1, , , , , , , , , , , , ,1, ,1,1, ,1,1, , ,1, ,1, , ,1, ,1, ,1,1, ,1,1,1,1,1,1,1,1,1,1, ,1,1,1, , ,1,1,1,1,1,1,1,1,1, , , , , , , , , , , , , ,1,1, , , ,1, , , , , , , , ,1, , , , ,1,1, ,1, , ,1, ,1, ,1,1,1,1, ,1, ,1,1,1, , ,1, ,1,1, , 
"2020-03-11 01:01:48","2020-03-11 01:52:03",3015.0,6.55637018123E-05, ,1,1,1,1, ,1,1, , , , , , , , , , , , ,1, ,1,1, ,1,1, , ,1, ,1, , ,1, ,1, ,1,1, ,1,1,1,1,1,1,1,1,1,1, ,1,1,1, , ,1,1,1,1,1,1,1,1,1, , , , , , , , , , , , , ,1,1, , , ,1, , , , , , , , , , , , , ,1,1, ,1, , ,1, ,1, ,1,1,1,1, ,1, ,1,1,1, , ,1, ,1,1, , 
"2020-03-11 01:52:03","2020-03-11 01:53:03",60.0,1.30475028482E-06, ,1,1,1,1, ,1,1, , , , , , , , , , , , ,1, ,1,1, ,1,1, , ,1, ,1, , ,1, ,1, ,1,1, ,1,1,1,1,1,1,1,1,1,1, ,1,1,1, , ,1,1,1,1,1,1,1,1,1, , , , , , , , , , , , , ,1,1, , , ,1, , , , , , , , , , , , , ,1,1, ,1,1, ,1, ,1, ,1,1,1,1, ,1, ,1,1,1, , ,1, ,1,1, , 
"2020-03-11 01:53:03","2020-03-11 08:47:05",24842.0,0.000540210109592, ,1,1,1,1, ,1,1, , , , , , , , , , , , ,1, ,1,1, ,1,1, , ,1, ,1, , ,1, ,1, ,1,1, ,1,1,1,1,1,1,1,1,1,1, ,1,1,1, , ,1,1,1,1,1,1,1,1,1, , , , , , , , , , , , , ,1,1, , , ,1, , , , , , , , , , , , , ,1,1, ,1, , ,1, ,1, ,1,1,1,1, ,1, ,1,1,1, , ,1, ,1,1, , 
"2020-03-11 08:47:05","2020-03-11 08:49:36",151.0,3.28362155013E-06, ,1,1,1,1, ,1,1, , , , , , , , , , , , ,1, ,1,1, ,1,1, , ,1, ,1, , ,1, ,1, ,1,1, ,1,1,1,1,1,1,1,1,1,1, ,1,1,1, , ,1,1,1,1,1,1,1,1,1, , , , , , , , , , , , , ,1,1, , , ,1, , , , , , , , , , , , , ,1,1,151,1, , ,1, ,1, ,1,1,1,1, ,1, ,1,1,1, , ,1, ,1,1, , 
"2020-03-11 08:49:36","2020-03-11 23:59:59",54623.0,0.00118782291346, ,1,1,1,1, ,1,1, , , , , , , , , , , , ,1, ,1,1, ,1,1, , ,1, ,1, , ,1, ,1, ,1,1, ,1,1,1,1,1,1,1,1,1,1, ,1,1,1, , ,1,1,1,1,1,1,1,1,1, , , , , , , , , , , , , ,1,1, , , ,1, , , , , , , , , , , , , ,1,1, ,1, , ,1, ,1, ,1,1,1,1, ,1, ,1,1,1, , ,1, ,1,1, , 
"2020-03-11 23:59:59","2020-03-12 00:00:00",1.0,2.17458380804E-08, ,1,1,1,1, ,1,1, , , , , , , , , , , , ,1, ,1,1, ,1,1, , ,1, ,1, , ,1, ,1, ,1,1, ,1,1,1,1,1,1,1,1,1,1, ,1,1,1, , ,1,1,1,1,1,1,1,1,1, , , , , , , , , , , , , ,1,1, , , , , , , , , , , , , , , , , ,1,1, ,1, , ,1, ,1, ,1,1,1,1, ,1, ,1,1,1, , ,1, ,1,1, , 
"2020-03-12 00:00:00","2020-03-12 23:59:59",86399.0,0.0018788186643, ,1,1,1,1, ,1,1, , , , , , , , , , , , ,1, ,1,1, ,1,1, , ,1, ,1, , ,1, ,1, ,1,1, ,1,1,1,1,1,1,1,1,1,1, ,1,1,1, , ,1,1,1,1,1,1,1,1,1, , , , , , , , , , , , , ,1,1, , , , ,1, , , , , , , , , , , , ,1,1, ,1, , ,1, ,1, ,1,1,1,1, ,1, ,1,1,1, , ,1, ,1,1, , 
"2020-03-12 23:59:59","2020-03-13 00:00:00",1.0,2.17458380804E-08, ,1,1,1,1, ,1,1, , , , , , , , , , , , ,1, ,1,1, ,1,1, , ,1, ,1, , ,1, ,1, ,1,1, ,1,1,1,1,1,1,1,1,1,1, ,1,1,1, , ,1,1,1,1,1,1,1,1,1, , , , , , , , , , , , , ,1,1, , , , , , , , , , , , , , , , , ,1,1, ,1, , ,1, ,1, ,1,1,1,1, ,1, ,1,1,1, , ,1, ,1,1, , 
"2020-03-13 00:00:00","2020-03-13 23:59:59",86399.0,0.0018788186643, ,1,1,1,1, ,1,1, , , , , , , , , , , , ,1, ,1,1, ,1,1, , ,1, ,1, , ,1, ,1, ,1,1, ,1,1,1,1,1,1,1,1,1,1, ,1,1,1, , ,1,1,1,1,1,1,1,1,1, , , , , , , , , , , , , ,1,1, , , , , ,1, , , , , , , , , , , ,1,1, ,1, , ,1, ,1, ,1,1,1,1, ,1, ,1,1,1, , ,1, ,1,1, , 
"2020-03-13 23:59:59","2020-03-14 00:00:00",1.0,2.17458380804E-08, ,1,1,1,1, ,1,1, , , , , , , , , , , , ,1, ,1,1, ,1,1, , ,1, ,1, , ,1, ,1, ,1,1, ,1,1,1,1,1,1,1,1,1,1, ,1,1,1, , ,1,1,1,1,1,1,1,1,1, , , , , , , , , , , , , ,1,1, , , , , , , , , , , , , , , , , ,1,1, ,1, , ,1, ,1, ,1,1,1,1, ,1, ,1,1,1, , ,1, ,1,1, , 
"2020-03-14 00:00:00","2020-03-14 00:39:49",2389.0,5.1950807174E-05, ,1,1,1,1, ,1,1, , , , , , , , , , , , ,1, ,1,1, ,1,1, , ,1, ,1, , ,1, ,1, ,1,1, ,1,1,1,1,1,1,1,1,1,1, ,1,1,1, , ,1,1,1,1,1,1,1,1,1, , , , , , , , , , , , , ,1,1, , , , , , ,1, , , , , , , , , , ,1,1, ,1, , ,1, ,1, ,1,1,1,1, ,1, ,1,1,1, , ,1, ,1,1, , 
"2020-03-14 00:39:49","2020-03-14 00:40:48",59.0,1.28300444674E-06, ,1,1,1,1, ,1,1, , , , , , , , , , , , ,1, ,1,1, ,1,1, , ,1, ,1, , ,1, ,1, ,1,1, ,1,1,1,1,1,1,1,1,1,1, ,1,1,1, , ,1,1,1,1,1,1,1,1,1, , , , , , , , , , , , , ,1,1, , , , , , ,1, , , , , ,1, , , , ,1,1, ,1, , ,1, ,1, ,1,1,1,1, ,1, ,1,1,1, , ,1, ,1,1, , 
"2020-03-14 00:40:48","2020-03-14 02:43:48",7380.0,0.000160484285033, ,1,1,1,1, ,1,1, , , , , , , , , , , , ,1, ,1,1, ,1,1, , ,1, ,1, , ,1, ,1, ,1,1, ,1,1,1,1,1,1,1,1,1,1, ,1,1,1, , ,1,1,1,1,1,1,1,1,1, , , , , , , , , , , , , ,1,1, , , , , , ,1, , , , , , , , , , ,1,1, ,1, , ,1, ,1, ,1,1,1,1, ,1, ,1,1,1, , ,1, ,1,1, , 
"2020-03-14 02:43:48","2020-03-14 02:44:48",60.0,1.30475028482E-06, ,1,1,1,1, ,1,1, , , , , , , , , , , , ,1, ,1,1, ,1,1, , ,1, ,1, , ,1, ,1, ,1,1, ,1,1,1,1,1,1,1,1,1,1, ,1,1,1, , ,1,1,1,1,1,1,1,1,1, , , , , , , , , , , , , ,1,1, , , , , , ,1, , , , , ,1, , , , ,1,1, ,1, , ,1, ,1, ,1,1,1,1, ,1, ,1,1,1, , ,1, ,1,1, , 
"2020-03-14 02:44:48","2020-03-14 23:59:59",76511.0,0.00166379581737, ,1,1,1,1, ,1,1, , , , , , , , , , , , ,1, ,1,1, ,1,1, , ,1, ,1, , ,1, ,1, ,1,1, ,1,1,1,1,1,1,1,1,1,1, ,1,1,1, , ,1,1,1,1,1,1,1,1,1, , , , , , , , , , , , , ,1,1, , , , , , ,1, , , , , , , , , , ,1,1, ,1, , ,1, ,1, ,1,1,1,1, ,1, ,1,1,1, , ,1, ,1,1, , 
"2020-03-14 23:59:59","2020-03-15 00:00:00",1.0,2.17458380804E-08, ,1,1,1,1, ,1,1, , , , , , , , , , , , ,1, ,1,1, ,1,1, , ,1, ,1, , ,1, ,1, ,1,1, ,1,1,1,1,1,1,1,1,1,1, ,1,1,1, , ,1,1,1,1,1,1,1,1,1, , , , , , , , , , , , , ,1,1, , , , , , , , , , , , , , , , , ,1,1, ,1, , ,1, ,1, ,1,1,1,1, ,1, ,1,1,1, , ,1, ,1,1, , 
"2020-03-15 00:00:00","2020-03-15 01:27:26",5246.0,0.00011407866657, ,1,1,1,1, ,1,1, , , , , , , , , , , , ,1, ,1,1, ,1,1, , ,1, ,1, , ,1, ,1, ,1,1, ,1,1,1,1,1,1,1,1,1,1, ,1,1,1, , ,1,1,1,1,1,1,1,1,1, , , , , , , , , , , , , ,1,1, , , , , , , ,1, , , , , , , , , ,1,1, ,1, , ,1, ,1, ,1,1,1,1, ,1, ,1,1,1, , ,1, ,1,1, , 
"2020-03-15 01:27:26","2020-03-15 01:28:27",61.0,1.3264961229E-06, ,1,1,1,1, ,1,1, , , , , , , , , , , , ,1, ,1,1, ,1,1, , ,1, ,1, , ,1, ,1, ,1,1, ,1,1,1,1,1,1,1,1,1,1, ,1,1,1, , ,1,1,1,1,1,1,1,1,1, , , , , , , , , , , , , ,1,1, , , , , , , ,1, , , , ,1, , , , ,1,1, ,1, , ,1, ,1, ,1,1,1,1, ,1, ,1,1,1, , ,1, ,1,1, , 
"2020-03-15 01:28:27","2020-03-15 02:09:22",2455.0,5.33860324873E-05, ,1,1,1,1, ,1,1, , , , , , , , , , , , ,1, ,1,1, ,1,1, , ,1, ,1, , ,1, ,1, ,1,1, ,1,1,1,1,1,1,1,1,1,1, ,1,1,1, , ,1,1,1,1,1,1,1,1,1, , , , , , , , , , , , , ,1,1, , , , , , , ,1, , , , , , , , , ,1,1, ,1, , ,1, ,1, ,1,1,1,1, ,1, ,1,1,1, , ,1, ,1,1, , 
"2020-03-15 02:09:22","2020-03-15 02:09:44",22.0,4.78408437768E-07, ,1,1,1,1, ,1,1, , , , , , , , , , , , ,1, ,1,1, ,1,1,239, ,1, ,1, , ,1, ,1,239,1,1, ,1,1,1,1,1,1,1,1,1,1, ,1,1,1, , ,1,1,1,1,1,1,1,1,1, , , , , , , , , , , , , ,1,1, , , , , , , ,1, , , , , , , , , ,1,1, ,1, , ,1, ,1, ,1,1,1,1, ,1, ,1,1,1, , ,1, ,1,1, , 
"2020-03-15 02:09:44","2020-03-15 02:09:47",3.0,6.52375142411E-08, ,1,1,1,1, ,1,1, , , , , , , , , , , , ,1, ,1,1, ,1,1,239, ,1, ,1, , ,1, ,1,239,1,1, ,1,1,1,1,1,1,1,1,1,1, ,1,1,1, , ,1,1,1,1,1,1,1,1,1, , , , , , , , , , , , , ,1,1, , , , , , , ,1, , , , , ,154, , , ,1,1, ,1, , ,1, ,1, ,1,1,1,1,154,1, ,1,1,1,154, ,1, ,1,1, , 
"2020-03-15 02:09:47","2020-03-15 02:09:59",12.0,2.60950056964E-07, ,1,1,1,1, ,1,1, , , , , , , , , , , , ,1, ,1,1, ,1,1,239, ,1, ,1, , ,1, ,1,239,1,1, ,1,1,1,1,1,1,1,1,1,1,151,1,1,1, , ,1,1,1,1,1,1,1,1,1, , , , , , , , , , , , ,151,1,1, , , , , , , ,1, , , , , ,154, , , ,1,1, ,1, , ,1, ,1, ,1,1,1,1,154,1, ,1,1,1,154, ,1, ,1,1, , 
"2020-03-15 02:09:59","2020-03-15 02:10:09",10.0,2.17458380804E-07, ,1,1,1,1, ,1,1, , , , , , , , , , , , ,1, ,1,1, ,1,1,239, ,1, ,1, , ,1, ,1,239,1,1, ,1,1,1,1,1,1,1,1,1,1,151,1,1,1, , ,1,1,1,1,1,1,1,1,1, , , , , , , , , , , , ,151,1,1, , , , , , , ,1, , , , , ,154, , , ,1,1, ,1, , ,1, ,1, ,1,1,1,1,154,1, ,1,1,1,154, ,1, ,1,1,175, 
"2020-03-15 02:10:09","2020-03-15 02:12:18",129.0,2.80521311237E-06, ,1,1,1,1, ,1,1, , , , , , , , , , , ,155,1, ,1,1, ,1,1,239, ,1, ,1, , ,1, ,1,239,1,1, ,1,1,1,1,1,1,1,1,1,1,151,1,1,1, , ,1,1,1,1,1,1,1,1,1, , , , , , , , , , ,155, ,151,1,1, , , , , , , ,1, , , , , ,154, , , ,1,1, ,1, , ,1, ,1, ,1,1,1,1,154,1, ,1,1,1,154, ,1, ,1,1,175, 
"2020-03-15 02:12:18","2020-03-15 02:12:44",26.0,5.65391790089E-07, ,1,1,1,1, ,1,1, , , , , , , , , , , ,155,1, ,1,1, ,1,1,239, ,1, ,1, , ,1, ,1,239,1,1, ,1,1,1,1,1,1,1,1,1,1, ,1,1,1, , ,1,1,1,1,1,1,1,1,1, , , , , , , , , , ,155, , ,1,1, , , , , , , ,1, , , , , , , , , ,1,1, ,1, , ,1, ,1, ,1,1,1,1, ,1, ,1,1,1, , ,1, ,1,1,175, 
"2020-03-15 02:12:44","2020-03-15 02:12:54",10.0,2.17458380804E-07, ,1,1,1,1, ,1,1, , , , , , , , , , , , ,1, ,1,1, ,1,1,239, ,1, ,1, , ,1, ,1,239,1,1, ,1,1,1,1,1,1,1,1,1,1, ,1,1,1, , ,1,1,1,1,1,1,1,1,1, , , , , , , , , , , , , ,1,1, , , , , , , ,1, , , , , , , , , ,1,1, ,1, , ,1, ,1, ,1,1,1,1, ,1, ,1,1,1, , ,1, ,1,1,175, 
"2020-03-15 02:12:54","2020-03-15 02:13:21",27.0,5.8713762817E-07, ,1,1,1,1, ,1,1, , , , , , , , , , , , ,1, ,1,1, ,1,1,239, ,1, ,1, , ,1, ,1,239,1,1, ,1,1,1,1,1,1,1,1,1,1, ,1,1,1, , ,1,1,1,1,1,1,1,1,1, , , , , , , , , , , , , ,1,1, , , , , , , ,1, , , , , , , , , ,1,1, ,1, , ,1, ,1, ,1,1,1,1, ,1, ,1,1,1, , ,1, ,1,1, , 
"2020-03-15 02:13:21","2020-03-15 23:59:59",78398.0,0.00170483021382, ,1,1,1,1, ,1,1, , , , , , , , , , , , ,1, ,1,1, ,1,1, , ,1, ,1, , ,1, ,1, ,1,1, ,1,1,1,1,1,1,1,1,1,1, ,1,1,1, , ,1,1,1,1,1,1,1,1,1, , , , , , , , , , , , , ,1,1, , , , , , , ,1, , , , , , , , , ,1,1, ,1, , ,1, ,1, ,1,1,1,1, ,1, ,1,1,1, , ,1, ,1,1, , 
"2020-03-15 23:59:59","2020-03-16 00:00:00",1.0,2.17458380804E-08, ,1,1,1,1, ,1,1, , , , , , , , , , , , ,1, ,1,1, ,1,1, , ,1, ,1, , ,1, ,1, ,1,1, ,1,1,1,1,1,1,1,1,1,1, ,1,1,1, , ,1,1,1,1,1,1,1,1,1, , , , , , , , , , , , , ,1,1, , , , , , , , , , , , , , , , , ,1,1, ,1, , ,1, ,1, ,1,1,1,1, ,1, ,1,1,1, , ,1, ,1,1, , 
"2020-03-16 00:00:00","2020-03-16 23:59:59",86399.0,0.0018788186643, ,1,1,1,1, ,1,1, , , , , , , , , , , , ,1, ,1,1, ,1,1, , ,1, ,1, , ,1, ,1, ,1,1, ,1,1,1,1,1,1,1,1,1,1, ,1,1,1, , ,1,1,1,1,1,1,1,1,1, , , , , , , , , , , , , ,1,1, , , , , , , , ,1, , , , , , , , ,1,1, ,1, , ,1, ,1, ,1,1,1,1, ,1, ,1,1,1, , ,1, ,1,1, , 
"2020-03-16 23:59:59","2020-03-17 00:00:00",1.0,2.17458380804E-08, ,1,1,1,1, ,1,1, , , , , , , , , , , , ,1, ,1,1, ,1,1, , ,1, ,1, , ,1, ,1, ,1,1, ,1,1,1,1,1,1,1,1,1,1, ,1,1,1, , ,1,1,1,1,1,1,1,1,1, , , , , , , , , , , , , ,1,1, , , , , , , , , , , , , , , , , ,1,1, ,1, , ,1, ,1, ,1,1,1,1, ,1, ,1,1,1, , ,1, ,1,1, , 
"2020-03-17 00:00:00","2020-03-17 02:38:04",9484.0,0.000206237528354, ,1,1,1,1, ,1,1, , , , , , , , , , , , ,1, ,1,1, ,1,1, , ,1, ,1, , ,1, ,1, ,1,1, ,1,1,1,1,1,1,1,1,1,1, ,1,1,1, , ,1,1,1,1,1,1,1,1,1, , , , , , , , , , , , , ,1,1, , , , , , , , , ,1, , , , , , , ,1,1, ,1, , ,1, ,1, ,1,1,1,1, ,1, ,1,1,1, , ,1, ,1,1, , 
"2020-03-17 02:38:04","2020-03-17 02:39:05",61.0,1.3264961229E-06, ,1,1,1,1, ,1,1, , , , , , , , , , , , ,1, ,1,1, ,1,1, , ,1, ,1,1, ,1, ,1, ,1,1, ,1,1,1,1,1,1,1,1,1,1, ,1,1,1, , ,1,1,1,1,1,1,1,1,1, , , , , , , , , , , , , ,1,1, , , , , , , , , ,1, , , , , , , ,1,1, ,1, , ,1, ,1, ,1,1,1,1, ,1, ,1,1,1, , ,1, ,1,1, , 
"2020-03-17 02:39:05","2020-03-17 23:59:59",76854.0,0.00167125463983, ,1,1,1,1, ,1,1, , , , , , , , , , , , ,1, ,1,1, ,1,1, , ,1, ,1, , ,1, ,1, ,1,1, ,1,1,1,1,1,1,1,1,1,1, ,1,1,1, , ,1,1,1,1,1,1,1,1,1, , , , , , , , , , , , , ,1,1, , , , , , , , , ,1, , , , , , , ,1,1, ,1, , ,1, ,1, ,1,1,1,1, ,1, ,1,1,1, , ,1, ,1,1, , 
"2020-03-17 23:59:59","2020-03-18 00:00:00",1.0,2.17458380804E-08, ,1,1,1,1, ,1,1, , , , , , , , , , , , ,1, ,1,1, ,1,1, , ,1, ,1, , ,1, ,1, ,1,1, ,1,1,1,1,1,1,1,1,1,1, ,1,1,1, , ,1,1,1,1,1,1,1,1,1, , , , , , , , , , , , , ,1,1, , , , , , , , , , , , , , , , , ,1,1, ,1, , ,1, ,1, ,1,1,1,1, ,1, ,1,1,1, , ,1, ,1,1, , 
"2020-03-18 00:00:00","2020-03-18 15:54:22",57262.0,0.00124521018016, ,1,1,1,1, ,1,1, , , , , , , , , , , , ,1, ,1,1, ,1,1, , ,1, ,1, , ,1, ,1, ,1,1, ,1,1,1,1,1,1,1,1,1,1, ,1,1,1, , ,1,1,1,1,1,1,1,1,1, , , , , , , , , , , , , ,1,1, , , , , , , , , , ,1, , , , , , ,1,1, ,1, , ,1, ,1, ,1,1,1,1, ,1, ,1,1,1, , ,1, ,1,1, , 
"2020-03-18 15:54:22","2020-03-18 15:55:58",96.0,2.08760045571E-06, ,1,1,1,1, ,1,1, , , , , , , , , , , , ,1, ,1,1, ,1,1,180, ,1, ,1, , ,1, ,1,180,1,1, ,1,1,1,1,1,1,1,1,1,1, ,1,1,1, , ,1,1,1,1,1,1,1,1,1, , , , , , , , , , , , , ,1,1, , , , , , , , , , ,1, , , , , , ,1,1, ,1, , ,1, ,1, ,1,1,1,1, ,1, ,1,1,1, , ,1, ,1,1, , 
"2020-03-18 15:55:58","2020-03-18 15:57:22",84.0,1.82665039875E-06, ,1,1,1,1, ,1,1, , , , , , , , , , , , ,1, ,1,1, ,1,1,180, ,1, ,1, , ,1, ,1,180,1,1, ,1,1,1,1,1,1,1,1,1,1, ,1,1,1, , ,1,1,1,1,1,1,1,1,1, , , , , , , , , , , , , ,1,1, , , , , , , , , , ,1, , , , , , ,1,1, ,1, , ,1, ,1, ,1,1,1,1, ,1, ,1,1,1, , ,1, ,1,1,180, 
"2020-03-18 15:57:22","2020-03-18 15:58:58",96.0,2.08760045571E-06, ,1,1,1,1, ,1,1, , , , , , , , , , , , ,1, ,1,1, ,1,1, , ,1, ,1, , ,1, ,1, ,1,1, ,1,1,1,1,1,1,1,1,1,1, ,1,1,1, , ,1,1,1,1,1,1,1,1,1, , , , , , , , , , , , , ,1,1, , , , , , , , , , ,1, , , , , , ,1,1, ,1, , ,1, ,1, ,1,1,1,1, ,1, ,1,1,1, , ,1, ,1,1,180, 
"2020-03-18 15:58:58","2020-03-18 23:59:59",28861.0,0.000627606632837, ,1,1,1,1, ,1,1, , , , , , , , , , , , ,1, ,1,1, ,1,1, , ,1, ,1, , ,1, ,1, ,1,1, ,1,1,1,1,1,1,1,1,1,1, ,1,1,1, , ,1,1,1,1,1,1,1,1,1, , , , , , , , , , , , , ,1,1, , , , , , , , , , ,1, , , , , , ,1,1, ,1, , ,1, ,1, ,1,1,1,1, ,1, ,1,1,1, , ,1, ,1,1, , 
"2020-03-18 23:59:59","2020-03-19 00:00:00",1.0,2.17458380804E-08, ,1,1,1,1, ,1,1, , , , , , , , , , , , ,1, ,1,1, ,1,1, , ,1, ,1, , ,1, ,1, ,1,1, ,1,1,1,1,1,1,1,1,1,1, ,1,1,1, , ,1,1,1,1,1,1,1,1,1, , , , , , , , , , , , , ,1,1, , , , , , , , , , , , , , , , , ,1,1, ,1, , ,1, ,1, ,1,1,1,1, ,1, ,1,1,1, , ,1, ,1,1, , 
"2020-03-19 00:00:00","2020-03-19 13:25:10",48310.0,0.00105054143766, ,1,1,1,1, ,1,1, , , , , , , , , , , , ,1, ,1,1, ,1,1, , ,1, ,1, , ,1, ,1, ,1,1, ,1,1,1,1,1,1,1,1,1,1, ,1,1,1, , ,1,1,1,1,1,1,1,1,1, , , , , , , , , , , , , ,1,1, , , , , , , , , , , ,1, , , , , ,1,1, ,1, , ,1, ,1, ,1,1,1,1, ,1, ,1,1,1, , ,1, ,1,1, , 
"2020-03-19 13:25:10","2020-03-19 13:28:11",181.0,3.93599669255E-06, ,1,1,1,1, ,1,1, , , , , , , , , , , , ,1, ,1,1, ,1,1, , ,1, ,1, , ,1, ,1, ,1,1, ,1,1,1,1,1,1,1,1,1,1, ,1,1,1, , ,1,1,1,1,1,1,1,1,1, , , , , , , , , , , , , ,1,1,1, , , , , , , , , , ,1, , , , , ,1,1, ,1, , ,1, ,1, ,1,1,1,1, ,1, ,1,1,1, , ,1, ,1,1, , 
"2020-03-19 13:28:11","2020-03-19 13:29:10",59.0,1.28300444674E-06, ,1,1,1,1, ,1,1, , , , , , , , , , , , ,1, ,1,1, ,1,1, , ,1, ,1, , ,1, ,1, ,1,1, ,1,1,1,1,1,1,1,1,1,1, ,1,1,1, , ,1,1,1,1,1,1,1,1,1, , , , , , , , , , , , , ,1,1, , , , , , , , , , , ,1, , , , , ,1,1, ,1, , ,1, ,1, ,1,1,1,1, ,1, ,1,1,1, , ,1, ,1,1, , 
"2020-03-19 13:29:10","2020-03-19 13:30:10",60.0,1.30475028482E-06, ,1,1,1,1, ,1,1, , , , , , , , , , , , ,1, ,1,1, ,1,1, , ,1, ,1, , ,1, ,1, ,1,1, ,1,1,1,1,1,1,1,1,1,1, ,1,1,1, , ,1,1,1,1,1,1,1,1,1, , , , , , , , , , , , , ,1,1,1, , , , , , , , , , ,1, , , , , ,1,1, ,1, , ,1, ,1, ,1,1,1,1, ,1, ,1,1,1, , ,1, ,1,1, , 
"2020-03-19 13:30:10","2020-03-19 13:50:50",1240.0,2.69648392196E-05, ,1,1,1,1, ,1,1, , , , , , , , , , , , ,1, ,1,1, ,1,1, , ,1, ,1, , ,1, ,1, ,1,1, ,1,1,1,1,1,1,1,1,1,1, ,1,1,1, , ,1,1,1,1,1,1,1,1,1, , , , , , , , , , , , , ,1,1, , , , , , , , , , , ,1, , , , , ,1,1, ,1, , ,1, ,1, ,1,1,1,1, ,1, ,1,1,1, , ,1, ,1,1, , 
"2020-03-19 13:50:50","2020-03-19 13:51:50",60.0,1.30475028482E-06, ,1,1,1,1, ,1,1, , , , , , , , , ,1, , ,1, ,1,1, ,1,1, , ,1, ,1, , ,1, ,1, ,1,1, ,1,1,1,1,1,1,1,1,1,1, ,1,1,1, , ,1,1,1,1,1,1,1,1,1, , , , , , , , , , , , , ,1,1, , , , , , , , , , , ,1, , , , , ,1,1, ,1, , ,1, ,1, ,1,1,1,1, ,1, ,1,1,1, , ,1, ,1,1, , 
"2020-03-19 13:51:50","2020-03-19 16:56:41",11091.0,0.000241183090149, ,1,1,1,1, ,1,1, , , , , , , , , , , , ,1, ,1,1, ,1,1, , ,1, ,1, , ,1, ,1, ,1,1, ,1,1,1,1,1,1,1,1,1,1, ,1,1,1, , ,1,1,1,1,1,1,1,1,1, , , , , , , , , , , , , ,1,1, , , , , , , , , , , ,1, , , , , ,1,1, ,1, , ,1, ,1, ,1,1,1,1, ,1, ,1,1,1, , ,1, ,1,1, , 
"2020-03-19 16:56:41","2020-03-19 16:56:50",9.0,1.95712542723E-07, ,1,1,1,1,272,1,1, , , , , , , , , , , , ,1, ,1,1, ,1,1, , ,1, ,1, , ,1, ,1, ,1,1, ,1,1,1,1,1,1,1,1,1,1, ,1,1,1, , ,1,1,1,1,1,1,1,1,1,272, , , , , , , , , , , , ,1,1, , , , , , , , , , , ,1, , , , , ,1,1, ,1, , ,1,272,1, ,1,1,1,1, ,1, ,1,1,1, , ,1, ,1,1, , 
"2020-03-19 16:56:50","2020-03-19 16:58:50",120.0,2.60950056964E-06, ,1,1,1,1,272,1,1, , , , , , , , , ,1, , ,1, ,1,1, ,1,1, , ,1, ,1, , ,1, ,1, ,1,1, ,1,1,1,1,1,1,1,1,1,1, ,1,1,1, , ,1,1,1,1,1,1,1,1,1,272, , , , , , , , , , , , ,1,1, , , , , , , , , , , ,1, , , , , ,1,1, ,1, , ,1,272,1, ,1,1,1,1, ,1, ,1,1,1, , ,1, ,1,1, , 
"2020-03-19 16:58:50","2020-03-19 17:01:13",143.0,3.10965484549E-06, ,1,1,1,1,272,1,1, , , , , , , , , , , , ,1, ,1,1, ,1,1, , ,1, ,1, , ,1, ,1, ,1,1, ,1,1,1,1,1,1,1,1,1,1, ,1,1,1, , ,1,1,1,1,1,1,1,1,1,272, , , , , , , , , , , , ,1,1, , , , , , , , , , , ,1, , , , , ,1,1, ,1, , ,1,272,1, ,1,1,1,1, ,1, ,1,1,1, , ,1, ,1,1, , 
"2020-03-19 17:01:13","2020-03-19 17:04:13",180.0,3.91425085446E-06, ,1,1,1,1, ,1,1, , , , , , , , , , , , ,1, ,1,1, ,1,1, , ,1, ,1, , ,1, ,1, ,1,1, ,1,1,1,1,1,1,1,1,1,1, ,1,1,1, , ,1,1,1,1,1,1,1,1,1, , , , , , , , , , , , , ,1,1, , , , , , , , , , , ,1, , , , , ,1,1, ,1, , ,1, ,1, ,1,1,1,1, ,1, ,1,1,1, , ,1, ,1,1, , 
"2020-03-19 17:04:13","2020-03-19 17:04:50",37.0,8.04596008973E-07, ,1,1,1,1,300,1,1, , , , , , , , , , , , ,1, ,1,1, ,1,1, , ,1, ,1, , ,1, ,1, ,1,1, ,1,1,1,1,1,1,1,1,1,1, ,1,1,1, , ,1,1,1,1,1,1,1,1,1,300, , , , , , , , , , , , ,1,1, , , , , , , , , , , ,1, , , , , ,1,1, ,1, , ,1,300,1, ,1,1,1,1, ,1, ,1,1,1, , ,1, ,1,1, , 
"2020-03-19 17:04:50","2020-03-19 17:05:50",60.0,1.30475028482E-06, ,1,1,1,1,300,1,1, , , , , , , , , ,1, , ,1, ,1,1, ,1,1, , ,1, ,1, , ,1, ,1, ,1,1, ,1,1,1,1,1,1,1,1,1,1, ,1,1,1, , ,1,1,1,1,1,1,1,1,1,300, , , , , , , , , , , , ,1,1, , , , , , , , , , , ,1, , , , , ,1,1, ,1, , ,1,300,1, ,1,1,1,1, ,1, ,1,1,1, , ,1, ,1,1, , 
"2020-03-19 17:05:50","2020-03-19 17:09:13",203.0,4.41440513031E-06, ,1,1,1,1,300,1,1, , , , , , , , , , , , ,1, ,1,1, ,1,1, , ,1, ,1, , ,1, ,1, ,1,1, ,1,1,1,1,1,1,1,1,1,1, ,1,1,1, , ,1,1,1,1,1,1,1,1,1,300, , , , , , , , , , , , ,1,1, , , , , , , , , , , ,1, , , , , ,1,1, ,1, , ,1,300,1, ,1,1,1,1, ,1, ,1,1,1, , ,1, ,1,1, , 
"2020-03-19 17:09:13","2020-03-19 23:59:59",24646.0,0.000535947925329, ,1,1,1,1, ,1,1, , , , , , , , , , , , ,1, ,1,1, ,1,1, , ,1, ,1, , ,1, ,1, ,1,1, ,1,1,1,1,1,1,1,1,1,1, ,1,1,1, , ,1,1,1,1,1,1,1,1,1, , , , , , , , , , , , , ,1,1, , , , , , , , , , , ,1, , , , , ,1,1, ,1, , ,1, ,1, ,1,1,1,1, ,1, ,1,1,1, , ,1, ,1,1, , 
"2020-03-19 23:59:59","2020-03-20 00:00:00",1.0,2.17458380804E-08, ,1,1,1,1, ,1,1, , , , , , , , , , , , ,1, ,1,1, ,1,1, , ,1, ,1, , ,1, ,1, ,1,1, ,1,1,1,1,1,1,1,1,1,1, ,1,1,1, , ,1,1,1,1,1,1,1,1,1, , , , , , , , , , , , , ,1,1, , , , , , , , , , , , , , , , , ,1,1, ,1, , ,1, ,1, ,1,1,1,1, ,1, ,1,1,1, , ,1, ,1,1, , 
"2020-03-20 00:00:00","2020-03-20 22:38:06",81486.0,0.00177198136182, ,1,1,1,1, ,1,1, , , , , , , , , , , , ,1, ,1,1, ,1,1, , ,1, ,1, , ,1, ,1, ,1,1, ,1,1,1,1,1,1,1,1,1,1, ,1,1,1, , ,1,1,1,1,1,1,1,1,1, , , , , , ,1, , , , , , ,1,1, , , , , , , , , , , , , , , , , ,1,1, ,1, , ,1, ,1, ,1,1,1,1, ,1, ,1,1,1, , ,1, ,1,1, , 
"2020-03-20 22:38:06","2020-03-20 22:39:05",59.0,1.28300444674E-06,1,1,1,1,1, ,1,1, , , , , , , , , , , , ,1, ,1,1, ,1,1, , ,1, ,1, , ,1, ,1, ,1,1, ,1,1,1,1,1,1,1,1,1,1, ,1,1,1, , ,1,1,1,1,1,1,1,1,1, , , , , , ,1, , , , , , ,1,1, , , , , , , , , , , , , , , , , ,1,1, ,1, , ,1, ,1, ,1,1,1,1, ,1, ,1,1,1, , ,1, ,1,1, , 
"2020-03-20 22:39:05","2020-03-20 23:59:59",4854.0,0.000105554298042, ,1,1,1,1, ,1,1, , , , , , , , , , , , ,1, ,1,1, ,1,1, , ,1, ,1, , ,1, ,1, ,1,1, ,1,1,1,1,1,1,1,1,1,1, ,1,1,1, , ,1,1,1,1,1,1,1,1,1, , , , , , ,1, , , , , , ,1,1, , , , , , , , , , , , , , , , , ,1,1, ,1, , ,1, ,1, ,1,1,1,1, ,1, ,1,1,1, , ,1, ,1,1, , 
"2020-03-20 23:59:59","2020-03-21 00:00:00",1.0,2.17458380804E-08, ,1,1,1,1, ,1,1, , , , , , , , , , , , ,1, ,1,1, ,1,1, , ,1, ,1, , ,1, ,1, ,1,1, ,1,1,1,1,1,1,1,1,1,1, ,1,1,1, , ,1,1,1,1,1,1,1,1,1, , , , , , , , , , , , , ,1,1, , , , , , , , , , , , , , , , , ,1,1, ,1, , ,1, ,1, ,1,1,1,1, ,1, ,1,1,1, , ,1, ,1,1, , 
"2020-03-21 00:00:00","2020-03-21 23:59:59",86399.0,0.0018788186643, ,1,1,1,1, ,1,1, , , , , , , , , , , , ,1, ,1,1, ,1,1, , ,1, ,1, , ,1, ,1, ,1,1, ,1,1,1,1,1,1,1,1,1,1, ,1,1,1, , ,1,1,1,1,1,1,1,1,1, , , , , ,1, , , , , , , ,1,1, , , , , , , , , , , , , , , , , ,1,1, ,1, , ,1, ,1, ,1,1,1,1, ,1, ,1,1,1, , ,1, ,1,1, , 
"2020-03-21 23:59:59","2020-03-22 00:00:00",1.0,2.17458380804E-08, ,1,1,1,1, ,1,1, , , , , , , , , , , , ,1, ,1,1, ,1,1, , ,1, ,1, , ,1, ,1, ,1,1, ,1,1,1,1,1,1,1,1,1,1, ,1,1,1, , ,1,1,1,1,1,1,1,1,1, , , , , , , , , , , , , ,1,1, , , , , , , , , , , , , , , , , ,1,1, ,1, , ,1, ,1, ,1,1,1,1, ,1, ,1,1,1, , ,1, ,1,1, , 
"2020-03-22 00:00:00","2020-03-22 00:11:04",664.0,1.44392364854E-05, ,1,1,1,1, ,1,1, , , , , , , , , , , , ,1, ,1,1, ,1,1, , ,1, ,1, , ,1, ,1, ,1,1, ,1,1,1,1,1,1,1,1,1,1, ,1,1,1, , ,1,1,1,1,1,1,1,1,1, , , , , , , , ,1, , , , ,1,1, , , , , , , , , , , , , , , , , ,1,1, ,1, , ,1, ,1, ,1,1,1,1, ,1, ,1,1,1, , ,1, ,1,1, , 
"2020-03-22 00:11:04","2020-03-22 00:12:05",61.0,1.3264961229E-06, ,1,1,1,1, ,1,1, , , , , , , , , , , , ,1, ,1,1, ,1,1, , ,1, ,1,1, ,1, ,1, ,1,1, ,1,1,1,1,1,1,1,1,1,1, ,1,1,1, , ,1,1,1,1,1,1,1,1,1, , , , , , , , ,1, , , , ,1,1, , , , , , , , , , , , , , , , , ,1,1, ,1, , ,1, ,1, ,1,1,1,1, ,1, ,1,1,1, , ,1, ,1,1, , 
"2020-03-22 00:12:05","2020-03-22 00:14:04",119.0,2.58775473156E-06, ,1,1,1,1, ,1,1, , , , , , , , , , , , ,1, ,1,1, ,1,1, , ,1, ,1, , ,1, ,1, ,1,1, ,1,1,1,1,1,1,1,1,1,1, ,1,1,1, , ,1,1,1,1,1,1,1,1,1, , , , , , , , ,1, , , , ,1,1, , , , , , , , , , , , , , , , , ,1,1, ,1, , ,1, ,1, ,1,1,1,1, ,1, ,1,1,1, , ,1, ,1,1, , 
"2020-03-22 00:14:04","2020-03-22 00:14:05",1.0,2.17458380804E-08, ,1,1,1,1, ,1,1, , , , , , , , , , , , ,1, ,1,1, ,1,1, , ,1, ,1, ,1,1, ,1, ,1,1, ,1,1,1,1,1,1,1,1,1,1, ,1,1,1, , ,1,1,1,1,1,1,1,1,1, , , , , , , , ,1, , , , ,1,1, , , , , , , , , , , , , , , , , ,1,1, ,1, , ,1, ,1, ,1,1,1,1, ,1, ,1,1,1, , ,1, ,1,1, , 
"2020-03-22 00:14:05","2020-03-22 00:14:32",27.0,5.8713762817E-07,1,1,1,1,1, ,1,1, , , , , , , , , , , , ,1, ,1,1, ,1,1, , ,1, ,1, ,1,1, ,1, ,1,1, ,1,1,1,1,1,1,1,1,1,1, ,1,1,1, , ,1,1,1,1,1,1,1,1,1, , , , , , , , ,1, , , , ,1,1, , , , , , , , , , , , , , , , , ,1,1, ,1, , ,1, ,1, ,1,1,1,1, ,1, ,1,1,1, , ,1, ,1,1, , 
"2020-03-22 00:14:32","2020-03-22 00:15:04",32.0,6.95866818571E-07,1,1,1,1,1, ,1,1, , , , , , , , , , , , ,1,224,1,1, ,1,1, , ,1, ,1, ,1,1, ,1, ,1,1, ,1,1,1,1,1,1,1,1,1,1, ,1,1,1, , ,1,1,1,1,1,1,1,1,1, , , , , , , , ,1, , , , ,1,1, , , , , , , , , , , , , , , , , ,1,1, ,1, , ,1, ,1, ,1,1,1,1, ,1, ,1,1,1, , ,1, ,1,1, , 
"2020-03-22 00:15:04","2020-03-22 00:15:05",1.0,2.17458380804E-08,1,1,1,1,1, ,1,1, , , , , , , , , , , , ,1,224,1,1, ,1,1, , ,1, ,1, , ,1, ,1, ,1,1, ,1,1,1,1,1,1,1,1,1,1, ,1,1,1, , ,1,1,1,1,1,1,1,1,1, , , , , , , , ,1, , , , ,1,1, , , , , , , , , , , , , , , , , ,1,1, ,1, , ,1, ,1, ,1,1,1,1, ,1, ,1,1,1, , ,1, ,1,1, , 
"2020-03-22 00:15:05","2020-03-22 00:16:04",59.0,1.28300444674E-06, ,1,1,1,1, ,1,1, , , , , , , , , , , , ,1,224,1,1, ,1,1, , ,1, ,1, , ,1, ,1, ,1,1, ,1,1,1,1,1,1,1,1,1,1, ,1,1,1, , ,1,1,1,1,1,1,1,1,1, , , , , , , , ,1, , , , ,1,1, , , , , , , , , , , , , , , , , ,1,1, ,1, , ,1, ,1, ,1,1,1,1, ,1, ,1,1,1, , ,1, ,1,1, , 
"2020-03-22 00:16:04","2020-03-22 00:16:05",1.0,2.17458380804E-08, ,1,1,1,1, ,1,1, , , , , , , , , , , , ,1,224,1,1, ,1,1, , ,1, ,1, ,1,1, ,1, ,1,1, ,1,1,1,1,1,1,1,1,1,1, ,1,1,1, , ,1,1,1,1,1,1,1,1,1, , , , , , , , ,1, , , , ,1,1, , , , , , , , , , , , , , , , , ,1,1, ,1, , ,1, ,1, ,1,1,1,1, ,1, ,1,1,1, , ,1, ,1,1, , 
"2020-03-22 00:16:05","2020-03-22 00:17:04",59.0,1.28300444674E-06,1,1,1,1,1, ,1,1, , , , , , , , , , , , ,1,224,1,1, ,1,1, , ,1, ,1, ,1,1, ,1, ,1,1, ,1,1,1,1,1,1,1,1,1,1, ,1,1,1, , ,1,1,1,1,1,1,1,1,1, , , , , , , , ,1, , , , ,1,1, , , , , , , , , , , , , , , , , ,1,1, ,1, , ,1, ,1, ,1,1,1,1, ,1, ,1,1,1, , ,1, ,1,1, , 
"2020-03-22 00:17:04","2020-03-22 00:17:05",1.0,2.17458380804E-08,1,1,1,1,1, ,1,1, , , , , , , , , , , , ,1,224,1,1, ,1,1, , ,1, ,1, , ,1, ,1, ,1,1, ,1,1,1,1,1,1,1,1,1,1, ,1,1,1, , ,1,1,1,1,1,1,1,1,1, , , , , , , , ,1, , , , ,1,1, , , , , , , , , , , , , , , , , ,1,1, ,1, , ,1, ,1, ,1,1,1,1, ,1, ,1,1,1, , ,1, ,1,1, , 
"2020-03-22 00:17:05","2020-03-22 00:18:16",71.0,1.54395450371E-06, ,1,1,1,1, ,1,1, , , , , , , , , , , , ,1,224,1,1, ,1,1, , ,1, ,1, , ,1, ,1, ,1,1, ,1,1,1,1,1,1,1,1,1,1, ,1,1,1, , ,1,1,1,1,1,1,1,1,1, , , , , , , , ,1, , , , ,1,1, , , , , , , , , , , , , , , , , ,1,1,240,1, , ,1, ,1, ,1,1,1,1, ,1, ,1,1,1, , ,1, ,1,1, , 
"2020-03-22 00:18:16","2020-03-22 00:21:05",169.0,3.67504663558E-06, ,1,1,1,1, ,1,1, , , , , , , , , , , , ,1, ,1,1, ,1,1, , ,1, ,1, , ,1, ,1, ,1,1, ,1,1,1,1,1,1,1,1,1,1, ,1,1,1, , ,1,1,1,1,1,1,1,1,1, , , , , , , , ,1, , , , ,1,1, , , , , , , , , , , , , , , , , ,1,1,240,1, , ,1, ,1, ,1,1,1,1, ,1, ,1,1,1, , ,1, ,1,1, , 
"2020-03-22 00:21:05","2020-03-22 00:22:04",59.0,1.28300444674E-06, ,1,1,1,1, ,1,1, , , , , , , , , , , , ,1, ,1,1, ,1,1, , ,1, ,1, , ,1, ,1, ,1,1, ,1,1,1,1,1,1,1,1,1,1, ,1,1,1, , ,1,1,1,1,1,1,1,1,1, , , , , , , , ,1, , , , ,1,1, , , , , , , , , , , , , , , , , ,1,1, ,1, , ,1, ,1, ,1,1,1,1, ,1, ,1,1,1, , ,1, ,1,1, , 
"2020-03-22 00:22:04","2020-03-22 00:23:04",60.0,1.30475028482E-06, ,1,1,1,1, ,1,1, , , , , , , , , , , , ,1, ,1,1, ,1,1, , ,1, ,1,1, ,1, ,1, ,1,1, ,1,1,1,1,1,1,1,1,1,1, ,1,1,1, , ,1,1,1,1,1,1,1,1,1, , , , , , , , ,1, , , , ,1,1, , , , , , , , , , , , , , , , , ,1,1, ,1, , ,1, ,1, ,1,1,1,1, ,1, ,1,1,1, , ,1, ,1,1, , 
"2020-03-22 00:23:04","2020-03-22 14:58:13",52509.0,0.00114185221176, ,1,1,1,1, ,1,1, , , , , , , , , , , , ,1, ,1,1, ,1,1, , ,1, ,1, , ,1, ,1, ,1,1, ,1,1,1,1,1,1,1,1,1,1, ,1,1,1, , ,1,1,1,1,1,1,1,1,1, , , , , , , , ,1, , , , ,1,1, , , , , , , , , , , , , , , , , ,1,1, ,1, , ,1, ,1, ,1,1,1,1, ,1, ,1,1,1, , ,1, ,1,1, , 
"2020-03-22 14:58:13","2020-03-22 15:02:13",240.0,5.21900113929E-06, ,1,1,1,1,240,1,1, , , , , , , , , , , , ,1, ,1,1, ,1,1, , ,1, ,1, , ,1, ,1, ,1,1, ,1,1,1,1,1,1,1,1,1,1, ,1,1,1, , ,1,1,1,1,1,1,1,1,1,240, , , , , , , ,1, , , , ,1,1, , , , , , , , , , , , , , , , , ,1,1, ,1, , ,1,240,1, ,1,1,1,1, ,1, ,1,1,1, , ,1, ,1,1, , 
"2020-03-22 15:02:13","2020-03-22 15:07:41",328.0,7.13263489036E-06, ,1,1,1,1, ,1,1, , , , , , , , , , , , ,1, ,1,1, ,1,1, , ,1, ,1, , ,1, ,1, ,1,1, ,1,1,1,1,1,1,1,1,1,1, ,1,1,1, , ,1,1,1,1,1,1,1,1,1, , , , , , , , ,1, , , , ,1,1, , , , , , , , , , , , , , , , , ,1,1, ,1, , ,1, ,1, ,1,1,1,1, ,1, ,1,1,1, , ,1, ,1,1, , 
"2020-03-22 15:07:41","2020-03-22 15:10:33",172.0,3.74028414982E-06, ,1,1,1,1,172,1,1, , , , , , , , , , , , ,1, ,1,1, ,1,1, , ,1, ,1, , ,1, ,1, ,1,1, ,1,1,1,1,1,1,1,1,1,1, ,1,1,1, , ,1,1,1,1,1,1,1,1,1,172, , , , , , , ,1, , , , ,1,1, , , , , , , , , , , , , , , , , ,1,1, ,1, , ,1,172,1, ,1,1,1,1, ,1, ,1,1,1, , ,1, ,1,1, , 
"2020-03-22 15:10:33","2020-03-22 15:20:50",617.0,1.34171820956E-05, ,1,1,1,1, ,1,1, , , , , , , , , , , , ,1, ,1,1, ,1,1, , ,1, ,1, , ,1, ,1, ,1,1, ,1,1,1,1,1,1,1,1,1,1, ,1,1,1, , ,1,1,1,1,1,1,1,1,1, , , , , , , , ,1, , , , ,1,1, , , , , , , , , , , , , , , , , ,1,1, ,1, , ,1, ,1, ,1,1,1,1, ,1, ,1,1,1, , ,1, ,1,1, , 
"2020-03-22 15:20:50","2020-03-22 15:21:50",60.0,1.30475028482E-06, ,1,1,1,1, ,1,1, , , , , , , , , ,1, , ,1, ,1,1, ,1,1, , ,1, ,1, , ,1, ,1, ,1,1, ,1,1,1,1,1,1,1,1,1,1, ,1,1,1, , ,1,1,1,1,1,1,1,1,1, , , , , , , , ,1, , , , ,1,1, , , , , , , , , , , , , , , , , ,1,1, ,1, , ,1, ,1, ,1,1,1,1, ,1, ,1,1,1, , ,1, ,1,1, , 
"2020-03-22 15:21:50","2020-03-22 15:24:13",143.0,3.10965484549E-06, ,1,1,1,1, ,1,1, , , , , , , , , , , , ,1, ,1,1, ,1,1, , ,1, ,1, , ,1, ,1, ,1,1, ,1,1,1,1,1,1,1,1,1,1, ,1,1,1, , ,1,1,1,1,1,1,1,1,1, , , , , , , , ,1, , , , ,1,1, , , , , , , , , , , , , , , , , ,1,1, ,1, , ,1, ,1, ,1,1,1,1, ,1, ,1,1,1, , ,1, ,1,1, , 
"2020-03-22 15:24:13","2020-03-22 15:29:13",300.0,6.52375142411E-06, ,1,1,1,1,300,1,1, , , , , , , , , , , , ,1, ,1,1, ,1,1, , ,1, ,1, , ,1, ,1, ,1,1, ,1,1,1,1,1,1,1,1,1,1, ,1,1,1, , ,1,1,1,1,1,1,1,1,1,300, , , , , , , ,1, , , , ,1,1, , , , , , , , , , , , , , , , , ,1,1, ,1, , ,1,300,1, ,1,1,1,1, ,1, ,1,1,1, , ,1, ,1,1, , 
"2020-03-22 15:29:13","2020-03-22 15:29:33",20.0,4.34916761607E-07, ,1,1,1,1, ,1,1, , , , , , , , , , , , ,1, ,1,1, ,1,1, , ,1, ,1, , ,1, ,1, ,1,1, ,1,1,1,1,1,1,1,1,1,1, ,1,1,1, , ,1,1,1,1,1,1,1,1,1, , , , , , , , ,1, , , , ,1,1, , , , , , , , , , , , , , , , , ,1,1, ,1, , ,1, ,1, ,1,1,1,1, ,1, ,1,1,1, , ,1, ,1,1, , 
"2020-03-22 15:29:33","2020-03-22 15:34:33",300.0,6.52375142411E-06, ,1,1,1,1,300,1,1, , , , , , , , , , , , ,1, ,1,1, ,1,1, , ,1, ,1, , ,1, ,1, ,1,1, ,1,1,1,1,1,1,1,1,1,1, ,1,1,1, , ,1,1,1,1,1,1,1,1,1,300, , , , , , , ,1, , , , ,1,1, , , , , , , , , , , , , , , , , ,1,1, ,1, , ,1,300,1, ,1,1,1,1, ,1, ,1,1,1, , ,1, ,1,1, , 
"2020-03-22 15:34:33","2020-03-22 23:59:59",30326.0,0.000659464285625, ,1,1,1,1, ,1,1, , , , , , , , , , , , ,1, ,1,1, ,1,1, , ,1, ,1, , ,1, ,1, ,1,1, ,1,1,1,1,1,1,1,1,1,1, ,1,1,1, , ,1,1,1,1,1,1,1,1,1, , , , , , , , ,1, , , , ,1,1, , , , , , , , , , , , , , , , , ,1,1, ,1, , ,1, ,1, ,1,1,1,1, ,1, ,1,1,1, , ,1, ,1,1, , 
"2020-03-22 23:59:59","2020-03-23 00:00:00",1.0,2.17458380804E-08, ,1,1,1,1, ,1,1, , , , , , , , , , , , ,1, ,1,1, ,1,1, , ,1, ,1, , ,1, ,1, ,1,1, ,1,1,1,1,1,1,1,1,1,1, ,1,1,1, , ,1,1,1,1,1,1,1,1,1, , , , , , , , , , , , , ,1,1, , , , , , , , , , , , , , , , , ,1,1, ,1, , ,1, ,1, ,1,1,1,1, ,1, ,1,1,1, , ,1, ,1,1, , 
"2020-03-23 00:00:00","2020-03-23 23:59:59",86399.0,0.0018788186643, ,1,1,1,1, ,1,1, , , , , , , , , , , , ,1, ,1,1, ,1,1, , ,1, ,1, , ,1, ,1, ,1,1, ,1,1,1,1,1,1,1,1,1,1, ,1,1,1, , ,1,1,1,1,1,1,1,1,1, , , , , , , ,1, , , , , ,1,1, , , , , , , , , , , , , , , , , ,1,1, ,1, , ,1, ,1, ,1,1,1,1, ,1, ,1,1,1, , ,1, ,1,1, , 
"2020-03-23 23:59:59","2020-03-24 00:00:00",1.0,2.17458380804E-08, ,1,1,1,1, ,1,1, , , , , , , , , , , , ,1, ,1,1, ,1,1, , ,1, ,1, , ,1, ,1, ,1,1, ,1,1,1,1,1,1,1,1,1,1, ,1,1,1, , ,1,1,1,1,1,1,1,1,1, , , , , , , , , , , , , ,1,1, , , , , , , , , , , , , , , , , ,1,1, ,1, , ,1, ,1, ,1,1,1,1, ,1, ,1,1,1, , ,1, ,1,1, , 
"2020-03-24 00:00:00","2020-03-24 23:59:59",86399.0,0.0018788186643, ,1,1,1,1, ,1,1, , , , , , , , , , , , ,1, ,1,1, ,1,1, , ,1, ,1, , ,1, ,1, ,1,1, ,1,1,1,1,1,1,1,1,1,1, ,1,1,1, , ,1,1,1,1,1,1,1,1,1, , ,1, , , , , , , , , , ,1,1, , , , , , , , , , , , , , , , , ,1,1, ,1, , ,1, ,1, ,1,1,1,1, ,1, ,1,1,1, , ,1, ,1,1, , 
"2020-03-24 23:59:59","2020-03-25 00:00:00",1.0,2.17458380804E-08, ,1,1,1,1, ,1,1, , , , , , , , , , , , ,1, ,1,1, ,1,1, , ,1, ,1, , ,1, ,1, ,1,1, ,1,1,1,1,1,1,1,1,1,1, ,1,1,1, , ,1,1,1,1,1,1,1,1,1, , , , , , , , , , , , , ,1,1, , , , , , , , , , , , , , , , , ,1,1, ,1, , ,1, ,1, ,1,1,1,1, ,1, ,1,1,1, , ,1, ,1,1, , 
"2020-03-25 00:00:00","2020-03-25 22:36:39",81399.0,0.0017700894739, ,1,1,1,1, ,1,1, , , , , , , , , , , , ,1, ,1,1, ,1,1, , ,1, ,1, , ,1, ,1, ,1,1, ,1,1,1,1,1,1,1,1,1,1, ,1,1,1, , ,1,1,1,1,1,1,1,1,1, ,1, , , , , , , , , , , ,1,1, , , , , , , , , , , , , , , , , ,1,1, ,1, , ,1, ,1, ,1,1,1,1, ,1, ,1,1,1, , ,1, ,1,1, , 
"2020-03-25 22:36:39","2020-03-25 22:36:50",11.0,2.39204218884E-07, ,1,1,1,1, ,1,1, , , , , , , , , ,1, , ,1, ,1,1, ,1,1, , ,1, ,1, , ,1, ,1, ,1,1, ,1,1,1,1,1,1,1,1,1,1, ,1,1,1, , ,1,1,1,1,1,1,1,1,1, ,1, , , , , , , , , , , ,1,1, , , , , , , , , , , , , , , , , ,1,1, ,1, , ,1, ,1, ,1,1,1,1, ,1, ,1,1,1, , ,1, ,1,1, , 
"2020-03-25 22:36:50","2020-03-25 23:59:59",4989.0,0.000108489986183, ,1,1,1,1, ,1,1, , , , , , , , , , , , ,1, ,1,1, ,1,1, , ,1, ,1, , ,1, ,1, ,1,1, ,1,1,1,1,1,1,1,1,1,1, ,1,1,1, , ,1,1,1,1,1,1,1,1,1, ,1, , , , , , , , , , , ,1,1, , , , , , , , , , , , , , , , , ,1,1, ,1, , ,1, ,1, ,1,1,1,1, ,1, ,1,1,1, , ,1, ,1,1, , 
"2020-03-25 23:59:59","2020-03-26 00:00:00",1.0,2.17458380804E-08, ,1,1,1,1, ,1,1, , , , , , , , , , , , ,1, ,1,1, ,1,1, , ,1, ,1, , ,1, ,1, ,1,1, ,1,1,1,1,1,1,1,1,1,1, ,1,1,1, , ,1,1,1,1,1,1,1,1,1, , , , , , , , , , , , , ,1,1, , , , , , , , , , , , , , , , , ,1,1, ,1, , ,1, ,1, ,1,1,1,1, ,1, ,1,1,1, , ,1, ,1,1, , 
"2020-03-26 00:00:00","2020-03-26 23:59:59",86399.0,0.0018788186643, ,1,1,1,1, ,1,1, , , , , , , , , , , , ,1, ,1,1, ,1,1, , ,1, ,1, , ,1, ,1, ,1,1, ,1,1,1,1,1,1,1,1,1,1, ,1,1,1, , ,1,1,1,1,1,1,1,1,1, , , , ,1, , , , , , , , ,1,1, , , , , , , , , , , , , , , , , ,1,1, ,1, , ,1, ,1, ,1,1,1,1, ,1, ,1,1,1, , ,1, ,1,1, , 
"2020-03-26 23:59:59","2020-03-27 00:00:00",1.0,2.17458380804E-08, ,1,1,1,1, ,1,1, , , , , , , , , , , , ,1, ,1,1, ,1,1, , ,1, ,1, , ,1, ,1, ,1,1, ,1,1,1,1,1,1,1,1,1,1, ,1,1,1, , ,1,1,1,1,1,1,1,1,1, , , , , , , , , , , , , ,1,1, , , , , , , , , , , , , , , , , ,1,1, ,1, , ,1, ,1, ,1,1,1,1, ,1, ,1,1,1, , ,1, ,1,1, , 
"2020-03-27 00:00:00","2020-03-27 18:51:49",67909.0,0.0014767381182, ,1,1,1,1, ,1,1, , , , , , , , , , , , ,1, ,1,1, ,1,1, , ,1, ,1, , ,1, ,1, ,1,1, ,1,1,1,1,1,1,1,1,1,1, ,1,1,1, , ,1,1,1,1,1,1,1,1,1, , , ,1, , , , , , , , , ,1,1, , , , , , , , , , , , , , , , , ,1,1, ,1, , ,1, ,1, ,1,1,1,1, ,1, ,1,1,1, , ,1, ,1,1, , 
"2020-03-27 18:51:49","2020-03-27 18:51:56",7.0,1.52220866563E-07, ,1,1,1,1, ,1,1, , , , , , , , , , , , ,1, ,1,1, ,1,1, ,1,1, ,1, , ,1, ,1, ,1,1, ,1,1,1,1,1,1,1,1,1,1, ,1,1,1, , ,1,1,1,1,1,1,1,1,1, , , ,1, , , , , , , , , ,1,1, , , , , , , , , , , , , , , , , ,1,1, ,1, , ,1, ,1, ,1,1,1,1, ,1, ,1,1,1, , ,1, ,1,1, , 
"2020-03-27 18:51:56","2020-03-27 18:53:49",113.0,2.45727970308E-06, ,1,1,1,1, ,1,1, , , , , , , , , , , , ,1, ,1,1, ,1,1, ,1,1, ,1, , ,1, ,1, ,1,1, ,1,1,1,1,1,1,1,1,1,1, ,1,1,1, , ,1,1,1,1,1,1,1,1,1, , , ,1, , , , , , , , , ,1,1, , , , , , , , , , , , , , , , , ,1,1, ,1, , ,1, ,1, ,1,1,1,1, ,1,1,1,1,1, , ,1, ,1,1, , 
"2020-03-27 18:53:49","2020-03-27 18:53:56",7.0,1.52220866563E-07, ,1,1,1,1, ,1,1, , , , , , , , , , , , ,1, ,1,1, ,1,1, , ,1, ,1, , ,1, ,1, ,1,1, ,1,1,1,1,1,1,1,1,1,1, ,1,1,1, , ,1,1,1,1,1,1,1,1,1, , , ,1, , , , , , , , , ,1,1, , , , , , , , , , , , , , , , , ,1,1, ,1, , ,1, ,1, ,1,1,1,1, ,1,1,1,1,1, , ,1, ,1,1, , 
"2020-03-27 18:53:56","2020-03-27 23:59:59",18363.0,0.00039931882467, ,1,1,1,1, ,1,1, , , , , , , , , , , , ,1, ,1,1, ,1,1, , ,1, ,1, , ,1, ,1, ,1,1, ,1,1,1,1,1,1,1,1,1,1, ,1,1,1, , ,1,1,1,1,1,1,1,1,1, , , ,1, , , , , , , , , ,1,1, , , , , , , , , , , , , , , , , ,1,1, ,1, , ,1, ,1, ,1,1,1,1, ,1, ,1,1,1, , ,1, ,1,1, , 
"2020-03-27 23:59:59","2020-03-28 00:00:00",1.0,2.17458380804E-08, ,1,1,1,1, ,1,1, , , , , , , , , , , , ,1, ,1,1, ,1,1, , ,1, ,1, , ,1, ,1, ,1,1, ,1,1,1,1,1,1,1,1,1,1, ,1,1,1, , ,1,1,1,1,1,1,1,1,1, , , , , , , , , , , , , ,1,1, , , , , , , , , , , , , , , , , ,1,1, ,1, , ,1, ,1, ,1,1,1,1, ,1, ,1,1,1, , ,1, ,1,1, , 
"2020-03-28 00:00:00","2020-03-28 18:18:21",65901.0,0.00143307247533, ,1,1,1,1, ,1,1, , , , , , , , , , , , ,1, ,1,1, ,1,1, , ,1, ,1, , ,1, ,1, ,1,1, ,1,1,1,1,1,1,1,1,1,1, ,1,1,1, , ,1,1,1,1,1,1,1,1,1, , , , , , , , , , , ,1, ,1,1, , , , , , , , , , , , , , , , , ,1,1, ,1, , ,1, ,1, ,1,1,1,1, ,1, ,1,1,1, , ,1, ,1,1, , 
"2020-03-28 18:18:21","2020-03-28 18:19:22",61.0,1.3264961229E-06, ,1,1,1,1, ,1,1, , , , , , , , , , , , ,1, ,1,1,1,1,1, , ,1, ,1, , ,1, ,1, ,1,1, ,1,1,1,1,1,1,1,1,1,1, ,1,1,1, , ,1,1,1,1,1,1,1,1,1, , , , , , , , , , , ,1, ,1,1, , , , , , , , , , , , , , , , , ,1,1, ,1, , ,1, ,1, ,1,1,1,1, ,1, ,1,1,1, , ,1, ,1,1, , 
"2020-03-28 18:19:22","2020-03-28 18:21:21",119.0,2.58775473156E-06, ,1,1,1,1, ,1,1, , , , , , , , , , , , ,1, ,1,1, ,1,1, , ,1, ,1, , ,1, ,1, ,1,1, ,1,1,1,1,1,1,1,1,1,1, ,1,1,1, , ,1,1,1,1,1,1,1,1,1, , , , , , , , , , , ,1, ,1,1, , , , , , , , , , , , , , , , , ,1,1, ,1, , ,1, ,1, ,1,1,1,1, ,1, ,1,1,1, , ,1, ,1,1, , 
"2020-03-28 18:21:21","2020-03-28 18:22:21",60.0,1.30475028482E-06, ,1,1,1,1, ,1,1, , , , , , , , , , , , ,1, ,1,1,1,1,1, , ,1, ,1, , ,1, ,1, ,1,1, ,1,1,1,1,1,1,1,1,1,1, ,1,1,1, , ,1,1,1,1,1,1,1,1,1, , , , , , , , , , , ,1, ,1,1, , , , , , , , , , , , , , , , , ,1,1, ,1, , ,1, ,1, ,1,1,1,1, ,1, ,1,1,1, , ,1, ,1,1, , 
"2020-03-28 18:22:21","2020-03-28 18:54:45",1944.0,4.22739092282E-05, ,1,1,1,1, ,1,1, , , , , , , , , , , , ,1, ,1,1, ,1,1, , ,1, ,1, , ,1, ,1, ,1,1, ,1,1,1,1,1,1,1,1,1,1, ,1,1,1, , ,1,1,1,1,1,1,1,1,1, , , , , , , , , , , ,1, ,1,1, , , , , , , , , , , , , , , , , ,1,1, ,1, , ,1, ,1, ,1,1,1,1, ,1, ,1,1,1, , ,1, ,1,1, , 
"2020-03-28 18:54:45","2020-03-28 18:55:45",60.0,1.30475028482E-06, ,1,1,1,1, ,1,1, , , , , , , , , , , , ,1, ,1,1, ,1,1, , ,1, ,1, , ,1, ,1, ,1,1, ,1,1,1,1,1,1,1,1,1,1, ,1,1,1, , ,1,1,1,1,1,1,1,1,1, , , , , , , , , ,1, ,1, ,1,1, , , , , , , , , , , , , , , , , ,1,1, ,1, , ,1, ,1, ,1,1,1,1, ,1, ,1,1,1, , ,1, ,1,1, , 
"2020-03-28 18:55:45","2020-03-28 23:59:59",18254.0,0.000396948528319, ,1,1,1,1, ,1,1, , , , , , , , , , , , ,1, ,1,1, ,1,1, , ,1, ,1, , ,1, ,1, ,1,1, ,1,1,1,1,1,1,1,1,1,1, ,1,1,1, , ,1,1,1,1,1,1,1,1,1, , , , , , , , , , , ,1, ,1,1, , , , , , , , , , , , , , , , , ,1,1, ,1, , ,1, ,1, ,1,1,1,1, ,1, ,1,1,1, , ,1, ,1,1, , 
"2020-03-28 23:59:59","2020-03-29 00:00:00",1.0,2.17458380804E-08, ,1,1,1,1, ,1,1, , , , , , , , , , , , ,1, ,1,1, ,1,1, , ,1, ,1, , ,1, ,1, ,1,1, ,1,1,1,1,1,1,1,1,1,1, ,1,1,1, , ,1,1,1,1,1,1,1,1,1, , , , , , , , , , , , , ,1,1, , , , , , , , , , , , , , , , , ,1,1, ,1, , ,1, ,1, ,1,1,1,1, ,1, ,1,1,1, , ,1, ,1,1, , 
"2020-03-29 00:00:00","2020-03-29 23:59:59",86399.0,0.0018788186643, ,1,1,1,1, ,1,1, , , , , , , , , , , , ,1, ,1,1, ,1,1, , ,1, ,1, , ,1, ,1, ,1,1, ,1,1,1,1,1,1,1,1,1,1, ,1,1,1, , ,1,1,1,1,1,1,1,1,1, , , , , , , , , , , , , ,1,1, , , , , , , , , , , , , , , , , ,1,1, ,1, , ,1, ,1,1,1,1,1,1, ,1, ,1,1,1, , ,1, ,1,1, , 
"2020-03-29 23:59:59","2020-03-30 00:00:00",1.0,2.17458380804E-08, ,1,1,1,1, ,1,1, , , , , , , , , , , , ,1, ,1,1, ,1,1, , ,1, ,1, , ,1, ,1, ,1,1, ,1,1,1,1,1,1,1,1,1,1, ,1,1,1, , ,1,1,1,1,1,1,1,1,1, , , , , , , , , , , , , ,1,1, , , , , , , , , , , , , , , , , ,1,1, ,1, , ,1, ,1, ,1,1,1,1, ,1, ,1,1,1, , ,1, ,1,1, , 
"2020-03-30 00:00:00","2020-03-30 23:59:59",86399.0,0.0018788186643, ,1,1,1,1, ,1,1, , , , , , , , , , , , ,1, ,1,1, ,1,1, , ,1, ,1, , ,1, ,1, ,1,1, ,1,1,1,1,1,1,1,1,1,1, ,1,1,1,1, ,1,1,1,1,1,1,1,1,1, , , , , , , , , , , , , ,1,1, , , , , , , , , , , , , , , , , ,1,1, ,1, , ,1, ,1, ,1,1,1,1, ,1, ,1,1,1, , ,1, ,1,1, , 
"2020-03-30 23:59:59","2020-03-31 00:00:00",1.0,2.17458380804E-08, ,1,1,1,1, ,1,1, , , , , , , , , , , , ,1, ,1,1, ,1,1, , ,1, ,1, , ,1, ,1, ,1,1, ,1,1,1,1,1,1,1,1,1,1, ,1,1,1, , ,1,1,1,1,1,1,1,1,1, , , , , , , , , , , , , ,1,1, , , , , , , , , , , , , , , , , ,1,1, ,1, , ,1, ,1, ,1,1,1,1, ,1, ,1,1,1, , ,1, ,1,1, , 
"2020-03-31 00:00:00","2020-03-31 01:44:50",6290.0,0.000136781321525, ,1,1,1,1, ,1,1, , , , , , , , , , , , ,1, ,1,1, ,1,1, , ,1, ,1, , ,1, ,1, ,1,1, ,1,1,1,1,1,1,1,1,1,1, ,1,1,1, ,1,1,1,1,1,1,1,1,1,1, , , , , , , , , , , , , ,1,1, , , , , , , , , , , , , , , , , ,1,1, ,1, , ,1, ,1, ,1,1,1,1, ,1, ,1,1,1, , ,1, ,1,1, , 
"2020-03-31 01:44:50","2020-03-31 01:45:48",58.0,1.26125860866E-06, ,1,1,1,1, ,1,1, , , , , , , , , , , , ,1, ,1,1, ,1,1, , ,1, ,1, , ,1, ,1, ,1,1, ,1,1,1,1,1,1,1,1,1,1, ,1,1,1, ,1,1,1,1,1,1,1,1,1,1, , , , , , , , , , , , , ,1,1, , , , , , , , , , , , ,1, , , , ,1,1, ,1, , ,1, ,1, ,1,1,1,1, ,1, ,1,1,1, , ,1, ,1,1, , 
"2020-03-31 01:45:48","2020-03-31 02:50:48",3900.0,8.48087685134E-05, ,1,1,1,1, ,1,1, , , , , , , , , , , , ,1, ,1,1, ,1,1, , ,1, ,1, , ,1, ,1, ,1,1, ,1,1,1,1,1,1,1,1,1,1, ,1,1,1, ,1,1,1,1,1,1,1,1,1,1, , , , , , , , , , , , , ,1,1, , , , , , , , , , , , , , , , , ,1,1, ,1, , ,1, ,1, ,1,1,1,1, ,1, ,1,1,1, , ,1, ,1,1, , 
"2020-03-31 02:50:48","2020-03-31 02:51:48",60.0,1.30475028482E-06, ,1,1,1,1, ,1,1, , , , , , , , , , , , ,1, ,1,1, ,1,1, , ,1, ,1, , ,1, ,1, ,1,1, ,1,1,1,1,1,1,1,1,1,1, ,1,1,1, ,1,1,1,1,1,1,1,1,1,1, , , , , , , , , , , , , ,1,1, , , , , , , , , , , , ,1, , , , ,1,1, ,1, , ,1, ,1, ,1,1,1,1, ,1, ,1,1,1, , ,1, ,1,1, , 
"2020-03-31 02:51:48","2020-03-31 08:29:50",20282.0,0.000441049087946, ,1,1,1,1, ,1,1, , , , , , , , , , , , ,1, ,1,1, ,1,1, , ,1, ,1, , ,1, ,1, ,1,1, ,1,1,1,1,1,1,1,1,1,1, ,1,1,1, ,1,1,1,1,1,1,1,1,1,1, , , , , , , , , , , , , ,1,1, , , , , , , , , , , , , , , , , ,1,1, ,1, , ,1, ,1, ,1,1,1,1, ,1, ,1,1,1, , ,1, ,1,1, , 
"2020-03-31 08:29:50","2020-03-31 08:30:50",60.0,1.30475028482E-06, ,1,1,1,1, ,1,1, , , , , , , , , , ,1, ,1, ,1,1, ,1,1, , ,1, ,1, , ,1, ,1, ,1,1, ,1,1,1,1,1,1,1,1,1,1, ,1,1,1, ,1,1,1,1,1,1,1,1,1,1, , , , , , , , , , , , , ,1,1, , , , , , , , , , , , , , , , , ,1,1, ,1, , ,1, ,1, ,1,1,1,1, ,1, ,1,1,1, , ,1, ,1,1, , 
"2020-03-31 08:30:50","2020-03-31 23:05:35",52485.0,0.00114133031165, ,1,1,1,1, ,1,1, , , , , , , , , , , , ,1, ,1,1, ,1,1, , ,1, ,1, , ,1, ,1, ,1,1, ,1,1,1,1,1,1,1,1,1,1, ,1,1,1, ,1,1,1,1,1,1,1,1,1,1, , , , , , , , , , , , , ,1,1, , , , , , , , , , , , , , , , , ,1,1, ,1, , ,1, ,1, ,1,1,1,1, ,1, ,1,1,1, , ,1, ,1,1, , 
"2020-03-31 23:05:35","2020-03-31 23:59:59",3264.0,7.09784154943E-05, , ,1,1,1, ,1, , , , , , , , , , , , , ,1, , , , , ,1, , , , ,1, , ,1, ,1, ,1, , ,1,1,1,1,1,1,1,1,1, , ,1,1, , ,1,1,1,1,1,1,1,1,1,1, , , , , , , , , , , , , ,1,1, , , , , , , , , , , , , , , , , ,1,1, ,1, , ,1, ,1, ,1,1,1,1, ,1, ,1,1,1, , ,1, ,1,1, , 
"2020-03-31 23:59:59","2020-04-01 00:00:00",1.0,2.17458380804E-08, , ,1,1,1, ,1, , , , , , , , , , , , , ,1, , , , , ,1, , , , ,1, , ,1, ,1, ,1, , ,1,1,1,1,1,1,1,1,1, , ,1,1, , , ,1,1,1,1,1,1,1,1,1, , , , , , , , , , , , , ,1,1, , , , , , , , , , , , , , , , , ,1,1, ,1, , ,1, ,1, ,1,1,1,1, ,1, ,1,1,1, , ,1, , ,1, , 
"2020-04-01 00:00:00","2020-04-01 06:14:02",22442.0,0.000488020098199, , ,1,1,1, ,1, , , , , , , , , , , , , ,1, , , , , ,1, , , , ,1, , ,1, ,1, ,1, , ,1,1,1,1,1,1,1,1,1, , ,1,1, , , ,1,1,1,1,1,1,1,1,1, , , , , , , , , , , , , ,1,1, , , , , , , , , , , , , , , , , ,1,1, ,1, , ,1, ,1, ,1,1,1,1, ,1, ,1,1,1, ,1,1, , ,1, ,1
"2020-04-01 06:14:02","2020-04-01 06:15:02",60.0,1.30475028482E-06, , ,1,1,1, ,1, , , , , , , , , , , , , ,1, , , , , ,1, , , , ,1, , ,1,1,1, ,1, , ,1,1,1,1,1,1,1,1,1, , ,1,1, , , ,1,1,1,1,1,1,1,1,1, , , , , , , , , , , , , ,1,1, , , , , , , , , , , , , , , , , ,1,1, ,1, , ,1, ,1, ,1,1,1,1, ,1, ,1,1,1, ,1,1, , ,1, ,1
"2020-04-01 06:15:02","2020-04-01 06:36:02",1260.0,2.73997559813E-05, , ,1,1,1, ,1, , , , , , , , , , , , , ,1, , , , , ,1, , , , ,1, , ,1, ,1, ,1, , ,1,1,1,1,1,1,1,1,1, , ,1,1, , , ,1,1,1,1,1,1,1,1,1, , , , , , , , , , , , , ,1,1, , , , , , , , , , , , , , , , , ,1,1, ,1, , ,1, ,1, ,1,1,1,1, ,1, ,1,1,1, ,1,1, , ,1, ,1
"2020-04-01 06:36:02","2020-04-01 06:36:10",8.0,1.73966704643E-07, , ,1,1,1, ,1, , , , , , , , , , , , , ,1, , , , , ,1, , , , ,1, , ,1,1,1, ,1, , ,1,1,1,1,1,1,1,1,1, , ,1,1, , , ,1,1,1,1,1,1,1,1,1, , , , , , , , , , , , , ,1,1, , , , , , , , , , , , , , , , , ,1,1, ,1, , ,1, ,1, ,1,1,1,1, ,1, ,1,1,1, ,1,1, , ,1, ,1
"2020-04-01 06:36:10","2020-04-01 06:37:02",52.0,1.13078358018E-06, , ,1,1,1, ,1, , , , , , , , , , , , , ,1, , , , , ,1, , , , ,1, , ,1,1,1, ,1, , ,1,1,1,1,1,1,1,1,1, , ,1,1, , , ,1,1,1,1,1,1,1,1,1, , , , , , , , , , , , , ,1,1, ,1, , , , , , , , , , , , , , , ,1,1, ,1, , ,1, ,1, ,1,1,1,1, ,1, ,1,1,1, ,1,1, , ,1, ,1
"2020-04-01 06:37:02","2020-04-01 06:37:10",8.0,1.73966704643E-07, , ,1,1,1, ,1, , , , , , , , , , , , , ,1, , , , , ,1, , , , ,1, , ,1, ,1, ,1, , ,1,1,1,1,1,1,1,1,1, , ,1,1, , , ,1,1,1,1,1,1,1,1,1, , , , , , , , , , , , , ,1,1, ,1, , , , , , , , , , , , , , , ,1,1, ,1, , ,1, ,1, ,1,1,1,1, ,1, ,1,1,1, ,1,1, , ,1, ,1
"2020-04-01 06:37:10","2020-04-01 11:41:52",18282.0,0.000397557411785, , ,1,1,1, ,1, , , , , , , , , , , , , ,1, , , , , ,1, , , , ,1, , ,1, ,1, ,1, , ,1,1,1,1,1,1,1,1,1, , ,1,1, , , ,1,1,1,1,1,1,1,1,1, , , , , , , , , , , , , ,1,1, , , , , , , , , , , , , , , , , ,1,1, ,1, , ,1, ,1, ,1,1,1,1, ,1, ,1,1,1, ,1,1, , ,1, ,1
"2020-04-01 11:41:52","2020-04-01 11:45:05",193.0,4.19694674951E-06, , ,1,1,1, ,1, , , , , , , , , , , , , ,1, , , , , ,1, , , ,193,1, , ,1, ,1, ,1, , ,1,1,1,1,1,1,1,1,1, , ,1,1, , , ,1,1,1,1,1,1,1,1,1, , , , , , , , , , , , , ,1,1, , , , , , , , , , , , , , , , ,193,1,1, ,1, ,193,1, ,1, ,1,1,1,1, ,1, ,1,1,1, ,1,1, , ,1, ,1
"2020-04-01 11:45:05","2020-04-01 22:06:04",37259.0,0.000810228181036, , ,1,1,1, ,1, , , , , , , , , , , , , ,1, , , , , ,1, , , , ,1, , ,1, ,1, ,1, , ,1,1,1,1,1,1,1,1,1, , ,1,1, , , ,1,1,1,1,1,1,1,1,1, , , , , , , , , , , , , ,1,1, , , , , , , , , , , , , , , , , ,1,1, ,1, , ,1, ,1, ,1,1,1,1, ,1, ,1,1,1, ,1,1, , ,1, ,1
"2020-04-01 22:06:04","2020-04-01 22:06:06",2.0,4.34916761607E-08, , ,1,1,1, ,1, , , , , , , , , , , , , ,1, , , , , ,1, , , , ,1, ,1,1, ,1, ,1, , ,1,1,1,1,1,1,1,1,1, , ,1,1, , , ,1,1,1,1,1,1,1,1,1, , , , , , , , , , , , , ,1,1, , , , , , , , , , , , , , , , , ,1,1, ,1, , ,1, ,1, ,1,1,1,1, ,1, ,1,1,1, ,1,1, , ,1, ,1
"2020-04-01 22:06:06","2020-04-01 22:07:04",58.0,1.26125860866E-06,1, ,1,1,1, ,1, , , , , , , , , , , , , ,1, , , , , ,1, , , , ,1, ,1,1, ,1, ,1, , ,1,1,1,1,1,1,1,1,1, , ,1,1, , , ,1,1,1,1,1,1,1,1,1, , , , , , , , , , , , , ,1,1, , , , , , , , , , , , , , , , , ,1,1, ,1, , ,1, ,1, ,1,1,1,1, ,1, ,1,1,1, ,1,1, , ,1, ,1
"2020-04-01 22:07:04","2020-04-01 22:07:05",1.0,2.17458380804E-08,1, ,1,1,1, ,1, , , , , , , , , , , , , ,1, , , , , ,1, , , , ,1, , ,1, ,1, ,1, , ,1,1,1,1,1,1,1,1,1, , ,1,1, , , ,1,1,1,1,1,1,1,1,1, , , , , , , , , , , , , ,1,1, , , , , , , , , , , , , , , , , ,1,1, ,1, , ,1, ,1, ,1,1,1,1, ,1, ,1,1,1, ,1,1, , ,1, ,1
"2020-04-01 22:07:05","2020-04-01 22:09:04",119.0,2.58775473156E-06, , ,1,1,1, ,1, , , , , , , , , , , , , ,1, , , , , ,1, , , , ,1, , ,1, ,1, ,1, , ,1,1,1,1,1,1,1,1,1, , ,1,1, , , ,1,1,1,1,1,1,1,1,1, , , , , , , , , , , , , ,1,1, , , , , , , , , , , , , , , , , ,1,1, ,1, , ,1, ,1, ,1,1,1,1, ,1, ,1,1,1, ,1,1, , ,1, ,1
"2020-04-01 22:09:04","2020-04-01 22:09:05",1.0,2.17458380804E-08, , ,1,1,1, ,1, , , , , , , , , , , , , ,1, , , , , ,1, , , , ,1, ,1,1, ,1, ,1, , ,1,1,1,1,1,1,1,1,1, , ,1,1, , , ,1,1,1,1,1,1,1,1,1, , , , , , , , , , , , , ,1,1, , , , , , , , , , , , , , , , , ,1,1, ,1, , ,1, ,1, ,1,1,1,1, ,1, ,1,1,1, ,1,1, , ,1, ,1
"2020-04-01 22:09:05","2020-04-01 22:10:04",59.0,1.28300444674E-06,1, ,1,1,1, ,1, , , , , , , , , , , , , ,1, , , , , ,1, , , , ,1, ,1,1, ,1, ,1, , ,1,1,1,1,1,1,1,1,1, , ,1,1, , , ,1,1,1,1,1,1,1,1,1, , , , , , , , , , , , , ,1,1, , , , , , , , , , , , , , , , , ,1,1, ,1, , ,1, ,1, ,1,1,1,1, ,1, ,1,1,1, ,1,1, , ,1, ,1
"2020-04-01 22:10:04","2020-04-01 22:10:05",1.0,2.17458380804E-08,1, ,1,1,1, ,1, , , , , , , , , , , , , ,1, , , , , ,1, , , , ,1, , ,1, ,1, ,1, , ,1,1,1,1,1,1,1,1,1, , ,1,1, , , ,1,1,1,1,1,1,1,1,1, , , , , , , , , , , , , ,1,1, , , , , , , , , , , , , , , , , ,1,1, ,1, , ,1, ,1, ,1,1,1,1, ,1, ,1,1,1, ,1,1, , ,1, ,1
"2020-04-01 22:10:05","2020-04-01 22:57:04",2819.0,6.13015175485E-05, , ,1,1,1, ,1, , , , , , , , , , , , , ,1, , , , , ,1, , , , ,1, , ,1, ,1, ,1, , ,1,1,1,1,1,1,1,1,1, , ,1,1, , , ,1,1,1,1,1,1,1,1,1, , , , , , , , , , , , , ,1,1, , , , , , , , , , , , , , , , , ,1,1, ,1, , ,1, ,1, ,1,1,1,1, ,1, ,1,1,1, ,1,1, , ,1, ,1
"2020-04-01 22:57:04","2020-04-01 22:58:04",60.0,1.30475028482E-06, , ,1,1,1, ,1, , , , , , , , , , , , , ,1, , , , , ,1, , , , ,1, ,1,1, ,1, ,1, , ,1,1,1,1,1,1,1,1,1, , ,1,1, , , ,1,1,1,1,1,1,1,1,1, , , , , , , , , , , , , ,1,1, , , , , , , , , , , , , , , , , ,1,1, ,1, , ,1, ,1, ,1,1,1,1, ,1, ,1,1,1, ,1,1, , ,1, ,1
"2020-04-01 22:58:04","2020-04-01 23:59:59",3715.0,8.07857884685E-05, , ,1,1,1, ,1, , , , , , , , , , , , , ,1, , , , , ,1, , , , ,1, , ,1, ,1, ,1, , ,1,1,1,1,1,1,1,1,1, , ,1,1, , , ,1,1,1,1,1,1,1,1,1, , , , , , , , , , , , , ,1,1, , , , , , , , , , , , , , , , , ,1,1, ,1, , ,1, ,1, ,1,1,1,1, ,1, ,1,1,1, ,1,1, , ,1, ,1
